num_tasks,per_jitter,final_e2e_max,max_reaction_time,R,false_percentage,ratios
3,0,1156.9470893552188,1137.25061700071,0.9829754769809863,0.0,1.0
3,0,4033.8190967339387,3300.27608777034,0.8181517337856012,0.0,1.0
3,0,5525.949452111276,5003.263824961575,0.9054125211098338,0.0,1.0
3,0,1246.185248819601,875.7516181209505,0.7027459352054369,0.0,1.0
3,0,3318.9457473776283,2809.9019170144506,0.8466248414077319,0.0,1.0
3,0,3224.3833961348114,2557.5298506331196,0.7931841646681738,0.0,1.0
3,0,3388.1802276935027,2853.5523837725264,0.842207967701611,0.0,1.0
3,0,4178.199026069861,3698.838942014846,0.8852711225425,0.0,1.0
3,0,3687.877333914374,3355.2540017071938,0.9098062917797408,0.0,1.0
3,0,5548.7821796414855,4523.37640362485,0.8152016527556524,0.0,1.0
3,0.02,1168.516560248771,1149.591149182804,0.9838038999961303,0.2,1.0
3,0.02,4074.1572877012777,3881.0045752287488,0.9525907570982588,0.2,1.0
3,0.02,5581.208946632389,5466.625857824482,0.9794698442750394,0.2,1.0
3,0.02,1258.6471013077971,1239.5334608971714,0.9848141386169597,0.2,1.0
3,0.02,3352.1352048514045,3294.3107672897136,0.9827499685937476,0.2,1.0
3,0.02,3256.6272300961596,3167.1247291862865,0.9725168112325738,0.2,1.0
3,0.02,0,3387.4086366589895,,0.2,1.0
3,0.02,4219.98101633056,4143.625270506256,0.9819061399734215,0.2,1.0
3,0.02,3724.7561072535177,3664.4012048826767,0.9837962807139756,0.2,1.0
3,0.02,0,5461.848724213827,,0.2,1.0
3,0.05,1185.8707665890993,1152.608077333149,0.9719508312430846,0.5,1.0
3,0.05,4134.664574152288,3876.1085948508417,0.9374662745515561,0.5,1.0
3,0.05,0,5514.06982367603,,0.5,1.0
3,0.05,1277.339880040091,1226.169811394593,0.9599401307004585,0.5,1.0
3,0.05,3401.919391062069,3284.74964086129,0.9655577523357487,0.5,1.0
3,0.05,0,3222.9652042431485,,0.5,1.0
3,0.05,0,3396.420291012803,,0.5,1.0
3,0.05,0,4133.111851898146,,0.5,1.0
3,0.05,3780.0742672622337,3673.860006340728,0.9719015412365343,0.5,1.0
3,0.05,0,5545.8469808617865,,0.5,1.0
3,0.1,1214.7944438229797,1164.7633095186222,0.9588151439457456,0.6,1.0
3,0.1,4235.510051570635,3934.4806832004006,0.928927244958702,0.6,1.0
3,0.1,0,5580.368671597776,,0.6,1.0
3,0.1,1308.494511260581,1237.395064670647,0.9456631678787569,0.6,1.0
3,0.1,0,3311.946981918311,,0.6,1.0
3,0.1,0,3196.9213166533887,,0.6,1.0
3,0.1,0,3407.952477245892,,0.6,1.0
3,0.1,0,4152.581348050244,,0.6,1.0
3,0.1,3872.271200610093,3663.8622267627447,0.9461791380173702,0.6,1.0
3,0.1,0,5530.930692693633,,0.6,1.0
3,0.2,1272.6417982907408,1176.7154716935881,0.9246242526954644,0.7,1.0
3,0.2,0,4228.263807607283,,0.7,1.0
3,0.2,0,5732.5084981228365,,0.7,1.0
3,0.2,1370.803773701561,1240.838913485153,0.9051907627409969,0.7,1.0
3,0.2,0,3274.2301730859294,,0.7,1.0
3,0.2,0,3210.445036152211,,0.7,1.0
3,0.2,0,3471.8856270223555,,0.7,1.0
3,0.2,0,4212.88410249749,,0.7,1.0
3,0.2,4056.6650673058116,3710.6250657279684,0.9146984047643693,0.7,1.0
3,0.2,0,5619.412225355152,,0.7,1.0
3,0.3,0,1205.972315426093,,1.0,1.0
3,0.3,0,4228.3709712591235,,1.0,1.0
3,0.3,0,5419.114094583151,,1.0,1.0
3,0.3,0,1294.105627563397,,1.0,1.0
3,0.3,0,3492.9263771378287,,1.0,1.0
3,0.3,0,3355.101278061455,,1.0,1.0
3,0.3,0,3420.8036359768416,,1.0,1.0
3,0.3,0,4390.107134613449,,1.0,1.0
3,0.3,0,3858.7338819203555,,1.0,1.0
3,0.3,0,5739.9026907182615,,1.0,1.0
3,0.4,0,1272.663356508135,,1.0,1.0
3,0.4,0,4205.921868921166,,1.0,1.0
3,0.4,0,5745.614579682334,,1.0,1.0
3,0.4,0,1304.9078919428468,,1.0,1.0
3,0.4,0,3514.5227280634394,,1.0,1.0
3,0.4,0,3417.2685527404615,,1.0,1.0
3,0.4,0,3608.4915476740193,,1.0,1.0
3,0.4,0,4468.630365804835,,1.0,1.0
3,0.4,0,3723.857863617371,,1.0,1.0
3,0.4,0,5854.196552856467,,1.0,1.0
3,0.5,0,1292.0102059250141,,1.0,1.0
3,0.5,0,4201.534637986618,,1.0,1.0
3,0.5,0,5885.115419277129,,1.0,1.0
3,0.5,0,1305.1460518045903,,1.0,1.0
3,0.5,0,3620.122164004028,,1.0,1.0
3,0.5,0,3479.302662238079,,1.0,1.0
3,0.5,0,3743.6803960057537,,1.0,1.0
3,0.5,0,4595.460090562854,,1.0,1.0
3,0.5,0,3893.9670230920397,,1.0,1.0
3,0.5,0,5841.610815322039,,1.0,1.0
5,0,8413.87204146351,7257.495739670901,0.86256312241332,0.0,1.0
5,0,9455.392005086136,7709.664545468728,0.8153722808447956,0.0,1.0
5,0,7031.9207254199455,5470.652335648682,0.7779741196274614,0.0,1.0
5,0,5414.564108220442,4685.6999424723035,0.8653882101716055,0.0,1.0
5,0,9122.556224341395,8164.490379393244,0.8949783567908546,0.0,1.0
5,0,8775.004455042605,7882.735136665652,0.8983169384188512,0.0,1.0
5,0,9204.675592771571,7858.112285894384,0.8537087707974582,0.0,1.0
5,0,9869.697819571744,8220.39298030175,0.8328920632200715,0.0,1.0
5,0,3609.706045953368,2412.803310703902,0.6684209960555529,0.0,1.0
5,0,9082.235334178644,8115.036107879623,0.8935064782279736,0.0,1.0
5,0.02,0,7979.585944911313,,0.8,1.0
5,0.02,0,9048.626531782962,,0.8,1.0
5,0.02,0,6685.27597015072,,0.8,1.0
5,0.02,5468.709749302647,5212.843651773956,0.9532127120914914,0.8,1.0
5,0.02,0,8992.378845026391,,0.8,1.0
5,0.02,0,8461.203218453644,,0.8,1.0
5,0.02,0,8918.938574815835,,0.8,1.0
5,0.02,0,9637.887864932902,,0.8,1.0
5,0.02,3645.803106412902,3380.393349424906,0.9272012916657114,0.8,1.0
5,0.02,0,8775.742977870234,,0.8,1.0
5,0.05,0,8269.97876532541,,0.9,1.0
5,0.05,0,9022.168162962416,,0.9,1.0
5,0.05,0,6685.803918221183,,0.9,1.0
5,0.05,0,5245.736650245404,,0.9,1.0
5,0.05,0,9084.98779583534,,0.9,1.0
5,0.05,0,8660.599187570093,,0.9,1.0
5,0.05,0,8918.27109799656,,0.9,1.0
5,0.05,0,9673.310414280411,,0.9,1.0
5,0.05,3699.948697102202,3385.3020079612033,0.9149591751400689,0.9,1.0
5,0.05,0,8746.718476655702,,0.9,1.0
5,0.1,0,7990.725024638575,,0.9,1.0
5,0.1,0,9274.80123075985,,0.9,1.0
5,0.1,0,6683.495977514896,,0.9,1.0
5,0.1,0,5103.398177998812,,0.9,1.0
5,0.1,0,8921.338244114837,,0.9,1.0
5,0.1,0,8305.301432366905,,0.9,1.0
5,0.1,0,8878.727177317222,,0.9,1.0
5,0.1,0,9611.835240868986,,0.9,1.0
5,0.1,3790.1913482510363,3434.4813108349026,0.9061498471362734,0.9,1.0
5,0.1,0,8611.795959404595,,0.9,1.0
5,0.2,0,8076.160068193299,,1.0,1.0
5,0.2,0,9184.915657772968,,1.0,1.0
5,0.2,0,6968.144416482235,,1.0,1.0
5,0.2,0,5362.419238228622,,1.0,1.0
5,0.2,0,9148.80607984053,,1.0,1.0
5,0.2,0,8678.247085792966,,1.0,1.0
5,0.2,0,8993.379055422349,,1.0,1.0
5,0.2,0,9732.401799952513,,1.0,1.0
5,0.2,0,3545.8892364552194,,1.0,1.0
5,0.2,0,8903.164811611494,,1.0,1.0
5,0.3,0,8496.209394124795,,1.0,1.0
5,0.3,0,9504.185346208362,,1.0,1.0
5,0.3,0,7169.941050752608,,1.0,1.0
5,0.3,0,5260.938602089302,,1.0,1.0
5,0.3,0,9215.6943502382,,1.0,1.0
5,0.3,0,8485.693200302296,,1.0,1.0
5,0.3,0,9265.98247026029,,1.0,1.0
5,0.3,0,9799.529020592938,,1.0,1.0
5,0.3,0,3534.7949917885053,,1.0,1.0
5,0.3,0,8743.905468694238,,1.0,1.0
5,0.4,0,8812.77576274229,,1.0,1.0
5,0.4,0,9601.331228279823,,1.0,1.0
5,0.4,0,6824.875565108046,,1.0,1.0
5,0.4,0,5426.45690128812,,1.0,1.0
5,0.4,0,9634.43385524164,,1.0,1.0
5,0.4,0,8906.286902503633,,1.0,1.0
5,0.4,0,9497.623434039586,,1.0,1.0
5,0.4,0,9750.177414063848,,1.0,1.0
5,0.4,0,3679.3724732737846,,1.0,1.0
5,0.4,0,9093.162952247467,,1.0,1.0
5,0.5,0,8277.273973426338,,1.0,1.0
5,0.5,0,9912.18914905417,,1.0,1.0
5,0.5,0,7159.327069551833,,1.0,1.0
5,0.5,0,5736.055956691542,,1.0,1.0
5,0.5,0,9244.405100280137,,1.0,1.0
5,0.5,0,8741.705224653568,,1.0,1.0
5,0.5,0,9374.372010098417,,1.0,1.0
5,0.5,0,10140.207267774636,,1.0,1.0
5,0.5,0,3661.3381902905658,,1.0,1.0
5,0.5,0,8998.24143196838,,1.0,1.0
3,0,4246.046989953999,2753.3891014790242,0.6484594042396252,0.0,1.5
3,0,6142.001226787372,5056.90873328049,0.8233324199327051,0.0,1.5
3,0,4726.887637307968,3506.625684208091,0.7418466342485699,0.0,1.5
3,0,6798.088356322069,6319.423594960144,0.9295883289135575,0.0,1.5
3,0,5159.7406654333345,4320.081078298552,0.8372670950771002,0.0,1.5
3,0,6415.8208159195365,6029.724662027212,0.9398212380036695,0.0,1.5
3,0,2688.0411638023625,2105.422802828138,0.7832554170598776,0.0,1.5
3,0,5994.950135160456,4480.9197785117085,0.7474490491974336,0.0,1.5
3,0,3050.5965378793962,2661.531580919126,0.8724626635711301,0.0,1.5
3,0,1476.3585246959447,1090.9688968778398,0.7389593236524471,0.0,1.5
3,0.02,4288.507459853539,4163.68835895003,0.9708945123514436,0.0,1.5
3,0.02,6203.421239055246,5694.883150577157,0.9180229636387651,0.0,1.5
3,0.02,4774.156513681048,4326.147604715791,0.9061595681495944,0.0,1.5
3,0.02,6866.06923988529,6703.190801549263,0.9762777751511943,0.0,1.5
3,0.02,5211.338072087668,4984.577805299697,0.9564871317785894,0.0,1.5
3,0.02,6479.9790240787315,6056.693811795809,0.9346779965320795,0.0,1.5
3,0.02,2714.9215754403863,2680.0195174578703,0.9871443586812063,0.0,1.5
3,0.02,6054.89963651206,5803.825121099609,0.9585336619126715,0.0,1.5
3,0.02,3081.10250325819,3010.988395220506,0.9772438249089278,0.0,1.5
3,0.02,1491.122109942904,1467.6576718060637,0.984263905698683,0.0,1.5
3,0.05,4352.19816470285,4160.804716140674,0.9560237283967414,0.0,1.5
3,0.05,6295.551257457055,5722.076689160026,0.9089079661423215,0.0,1.5
3,0.05,4845.059828240667,4365.77556031654,0.9010777400249018,0.0,1.5
3,0.05,6968.040565230121,6745.073215341352,0.9680014276895351,0.0,1.5
3,0.05,5288.734182069168,5003.8357625120825,0.9461310760289295,0.0,1.5
3,0.05,6576.216336317524,6099.7553273678095,0.927547850529425,0.0,1.5
3,0.05,2755.242192897422,2645.4604389536303,0.9601553162089375,0.0,1.5
3,0.05,6144.823888539468,5787.8887286428935,0.9419128739291807,0.0,1.5
3,0.05,3126.861451326381,3011.1758402403243,0.9630026424621455,0.0,1.5
3,0.05,1513.267487813343,1448.0811497799036,0.9569234530191136,0.0,1.5
3,0.1,4458.349339451699,4215.016009528621,0.9454207574606516,0.0,1.5
3,0.1,6449.10128812674,6239.950264361197,0.9675689659037291,0.0,1.5
3,0.1,4963.232019173366,4603.596042704916,0.9275399628550212,0.0,1.5
3,0.1,7137.9927741381725,6807.455024525985,0.9536931795714663,0.0,1.5
3,0.1,5417.727698705001,5093.314743012072,0.9401201068539355,0.0,1.5
3,0.1,6736.611856715514,6148.466182481516,0.9126941425833085,0.0,1.5
3,0.1,2822.4432219924806,2722.1665121279048,0.9644716644490066,0.0,1.5
3,0.1,6294.697641918479,5820.313550382981,0.9246375094529692,0.0,1.5
3,0.1,3203.126364773366,3051.272997242169,0.9525921396042266,0.0,1.5
3,0.1,1550.1764509307418,1435.7375189742556,0.9261768349739955,0.0,1.5
3,0.2,4670.6516889494,4322.734879051512,0.9255100073676984,0.0,1.5
3,0.2,6756.201349466108,6263.22738381707,0.927033855246485,0.0,1.5
3,0.2,5199.576401038765,4831.285257564775,0.9291690101138983,0.0,1.5
3,0.2,7477.8971919542755,6908.19367254672,0.9238150104523343,0.0,1.5
3,0.2,5675.714731976668,5152.010264310024,0.90772889540834,0.0,1.5
3,0.2,7057.402897511489,6296.3696915007495,0.8921652600733497,0.0,1.5
3,0.2,2956.845280182599,2716.435391828887,0.9186937882867969,0.0,1.5
3,0.2,6594.445148676501,5942.187939761166,0.901089903060875,0.0,1.5
3,0.2,3355.6561916673354,2981.5864303028716,0.888525599763962,0.0,1.5
3,0.2,1623.994377165539,1456.2180711707729,0.8966891090549237,0.0,1.5
3,0.3,0,4327.469117807805,,0.8,1.5
3,0.3,0,6425.094401486397,,0.8,1.5
3,0.3,0,4868.2533712467,,0.8,1.5
3,0.3,0,7025.989700677917,,0.8,1.5
3,0.3,0,5304.798809906669,,0.8,1.5
3,0.3,0,6340.107548055519,,0.8,1.5
3,0.3,3091.2473383727174,2796.7136971208174,0.9047201310630332,0.8,1.5
3,0.3,0,5997.88336042736,,0.8,1.5
3,0.3,0,3125.151198966026,,0.8,1.5
3,0.3,1697.812303400336,1599.7425506258364,0.9422375768051109,0.8,1.5
3,0.4,0,4487.389145225752,,1.0,1.5
3,0.4,0,6496.013743363253,,1.0,1.5
3,0.4,0,4896.858606279827,,1.0,1.5
3,0.4,0,7265.390210836991,,1.0,1.5
3,0.4,0,5552.0496990007505,,1.0,1.5
3,0.4,0,6656.4403269688955,,1.0,1.5
3,0.4,0,3023.3052128338504,,1.0,1.5
3,0.4,0,6421.7187808114895,,1.0,1.5
3,0.4,0,3356.298789368811,,1.0,1.5
3,0.4,0,1542.2687358383878,,1.0,1.5
3,0.5,0,4819.463675685545,,1.0,1.5
3,0.5,0,6605.094869096666,,1.0,1.5
3,0.5,0,5144.262659964865,,1.0,1.5
3,0.5,0,7054.430581772354,,1.0,1.5
3,0.5,0,5420.436997856372,,1.0,1.5
3,0.5,0,7051.445458358638,,1.0,1.5
3,0.5,0,2879.890695914907,,1.0,1.5
3,0.5,0,6473.182109262088,,1.0,1.5
3,0.5,0,3418.8290993243677,,1.0,1.5
3,0.5,0,1567.6619907319596,,1.0,1.5
5,0,16441.89996618919,13401.082258279088,0.8150567930614356,0.0,1.5
5,0,16282.609529586636,11956.359606691305,0.7343024215477112,0.0,1.5
5,0,7086.345711943295,4895.267274188608,0.6908027738384463,0.0,1.5
5,0,13340.24666253196,10689.65062399754,0.8013083186850655,0.0,1.5
5,0,17079.23283898736,14227.130817313147,0.8330076035286773,0.0,1.5
5,0,18510.500608597875,15729.722611282905,0.8497729447671806,0.0,1.5
5,0,18564.632114903063,14859.335929364717,0.800411009353433,0.0,1.5
5,0,10848.955904974544,7784.512325674499,0.7175356222164279,0.0,1.5
5,0,15518.73562804143,13340.75191380786,0.8596545642353697,0.0,1.5
5,0,5735.765503907415,4610.717366242908,0.8038538819451243,0.0,1.5
5,0.02,16606.318965851082,14810.330413363845,0.8918490873154686,0.0,1.5
5,0.02,16445.435624882502,15263.568314782706,0.928134022286914,0.0,1.5
5,0.02,7157.209169062728,6364.679378855834,0.8892683207258173,0.0,1.5
5,0.02,13473.649129157278,12056.452512179816,0.894817164719644,0.0,1.5
5,0.02,17250.025167377233,16218.703981808525,0.9402133518321403,0.0,1.5
5,0.02,18695.605614683853,17641.041517650632,0.9435929427070847,0.0,1.5
5,0.02,18750.278436052096,17603.41017682173,0.9388346011424968,0.0,1.5
5,0.02,10957.44546402429,10046.73284821949,0.9168864112721464,0.0,1.5
5,0.02,15673.922984321844,14893.136415223273,0.9501856319008606,0.0,1.5
5,0.02,5793.12315894649,5534.604174738386,0.9553748509888202,0.0,1.5
5,0.05,16852.947465343917,14857.358465263373,0.8815881314420378,0.0,1.5
5,0.05,16689.674767826302,15238.079076478707,0.913024327223804,0.0,1.5
5,0.05,7263.504354741878,6423.324815048735,0.8843286244958821,0.0,1.5
5,0.05,13673.752829095258,12835.943822075054,0.9387286710903902,0.0,1.5
5,0.05,17506.213659962043,16296.611005322,0.930904381830636,0.0,1.5
5,0.05,18973.263123812823,17771.23446149602,0.9366461818152846,0.0,1.5
5,0.05,19028.747917775643,17677.664778470607,0.9289977908613248,0.0,1.5
5,0.05,11120.179802598906,10029.618966783968,0.9019295681208264,0.0,1.5
5,0.05,15906.704018742465,14924.697466406325,0.9382646115009705,0.0,1.5
5,0.05,5879.159641505101,5629.348491635832,0.9575090378383881,0.0,1.5
5,0.1,17263.99496449865,15884.112708561312,0.9200716717784673,0.0,1.5
5,0.1,17096.74000606597,15481.639018221946,0.9055316401096944,0.0,1.5
5,0.1,7440.66299754046,7105.149735512158,0.9549081496985944,0.0,1.5
5,0.1,14007.258995658558,12555.789768384418,0.8963773549326095,0.0,1.5
5,0.1,17933.194480936727,16285.521461731136,0.9081216109624477,0.0,1.5
5,0.1,19436.025639027772,17927.541753952293,0.9223872249866544,0.0,1.5
5,0.1,19492.863720648216,17925.102436239547,0.919572551941253,0.0,1.5
5,0.1,11391.40370022327,10089.998807249558,0.8857555287108115,0.0,1.5
5,0.1,16294.672409443501,15131.583523948337,0.9286215238778841,0.0,1.5
5,0.1,6022.5537791027855,5628.281987649883,0.9345341185958428,0.0,1.5
5,0.2,0,16949.3673724728,,0.3,1.5
5,0.2,17910.8704825453,15439.882122725727,0.8620397393734923,0.3,1.5
5,0.2,7794.980283137625,7155.7623703541985,0.9179962117202266,0.3,1.5
5,0.2,14674.271328785157,13022.045139834105,0.8874065940357779,0.3,1.5
5,0.2,18787.156122886096,16344.484124880699,0.8699818119342827,0.3,1.5
5,0.2,20361.550669457665,17517.83197685269,0.8603387954695142,0.3,1.5
5,0.2,20421.09532639337,17905.476556738788,0.8768127404800243,0.3,1.5
5,0.2,11933.851495472,11023.11475338288,0.923684592318358,0.3,1.5
5,0.2,0,14970.306962387784,,0.3,1.5
5,0.2,0,5748.647702079375,,0.3,1.5
5,0.3,0,16208.540432577684,,1.0,1.5
5,0.3,0,15788.352435622552,,1.0,1.5
5,0.3,0,7049.324679661307,,1.0,1.5
5,0.3,0,13876.509081764378,,1.0,1.5
5,0.3,0,16409.191142841264,,1.0,1.5
5,0.3,0,18390.072032723885,,1.0,1.5
5,0.3,0,18561.088981389905,,1.0,1.5
5,0.3,0,10446.976531576034,,1.0,1.5
5,0.3,0,15132.540079148095,,1.0,1.5
5,0.3,0,5680.97698752601,,1.0,1.5
5,0.4,0,16678.59394667539,,1.0,1.5
5,0.4,0,16618.939409739756,,1.0,1.5
5,0.4,0,7099.007871145762,,1.0,1.5
5,0.4,0,13289.350364537526,,1.0,1.5
5,0.4,0,17039.158309072627,,1.0,1.5
5,0.4,0,18260.58741259629,,1.0,1.5
5,0.4,0,18959.634844417356,,1.0,1.5
5,0.4,0,10591.300598094105,,1.0,1.5
5,0.4,0,15634.250868887511,,1.0,1.5
5,0.4,0,5528.805252466453,,1.0,1.5
5,0.5,0,17303.82748322685,,1.0,1.5
5,0.5,0,16456.9499906705,,1.0,1.5
5,0.5,0,7214.676138213287,,1.0,1.5
5,0.5,0,14025.27487966019,,1.0,1.5
5,0.5,0,16958.193906017586,,1.0,1.5
5,0.5,0,18724.764521818597,,1.0,1.5
5,0.5,0,19750.849232490662,,1.0,1.5
5,0.5,0,12008.357696463896,,1.0,1.5
5,0.5,0,16055.234505229413,,1.0,1.5
5,0.5,0,5991.092664077034,,1.0,1.5
3,0,8028.430195331125,6654.4888059343775,0.8288654997342129,0.0,2.0
3,0,4794.114712165642,2842.607817030326,0.5929369628592464,0.0,2.0
3,0,6155.491163693894,5277.669282400479,0.8573920654015468,0.0,2.0
3,0,8510.909825473278,7846.495671863571,0.9219338276125185,0.0,2.0
3,0,10428.959229903929,9122.692518348507,0.8747462059483518,0.0,2.0
3,0,4149.522606256431,3060.1854568356807,0.7374789216045468,0.0,2.0
3,0,6998.278451723656,6068.77512899318,0.8671811461715214,0.0,2.0
3,0,10990.79742372001,9909.885793804542,0.9016530295078793,0.0,2.0
3,0,12055.43422076694,8531.928811450047,0.7077247202554322,0.0,2.0
3,0,4567.850985003164,3859.3020824325617,0.8448835338769022,0.0,2.0
3,0.02,8108.714497284437,7271.474479955425,0.896748119864203,0.0,2.0
3,0.02,4842.0558592872985,4092.182489930259,0.8451332675316527,0.0,2.0
3,0.02,6217.046075330833,6086.173109262249,0.9789493330943957,0.0,2.0
3,0.02,8596.01892372801,7894.361214189505,0.9183741083210408,0.0,2.0
3,0.02,10533.248822202968,9180.285547856656,0.8715530889677258,0.0,2.0
3,0.02,4191.017832318996,3895.075616908432,0.9293865530400734,0.0,2.0
3,0.02,7068.261236240893,6106.758401089747,0.8639689729885393,0.0,2.0
3,0.02,11100.705397957212,9968.181595915856,0.8979773121220056,0.0,2.0
3,0.02,12175.988562974606,10317.985138077745,0.8474043060005184,0.0,2.0
3,0.02,4613.5294948531955,4443.212681326615,0.9630831852887071,0.0,2.0
3,0.05,8229.140950214405,7334.2345513564,0.8912515408021187,0.0,2.0
3,0.05,4913.967579969784,4126.032278572631,0.8396539479403733,0.0,2.0
3,0.05,6309.378442786242,6120.142188230765,0.9700071478876278,0.0,2.0
3,0.05,8723.68257111011,7960.165790619589,0.9124776980057675,0.0,2.0
3,0.05,10689.683210651525,9261.129325695314,0.8663614387063635,0.0,2.0
3,0.05,4253.2606714128415,3929.5837756035194,0.9238991162745256,0.0,2.0
3,0.05,7173.235413016748,6160.6829674729715,0.8588429924234229,0.0,2.0
3,0.05,11265.56735931301,10054.35573624049,0.8924855194202681,0.0,2.0
3,0.05,12356.820076286112,10422.527460683623,0.8434635607170021,0.0,2.0
3,0.05,4682.047259628243,4484.066176712429,0.9577148473867533,0.0,2.0
3,0.1,8429.85170509768,7439.761532304132,0.8825495148159221,0.0,2.0
3,0.1,5033.820447773925,4759.396062962896,0.9454838749895449,0.0,2.0
3,0.1,6463.26572187859,6161.879389676843,0.95336934219159,0.0,2.0
3,0.1,8936.455316746942,8070.489143042074,0.903097353143808,0.0,2.0
3,0.1,10950.407191399125,9394.745409803763,0.857935713768047,0.0,2.0
3,0.1,4356.998736569252,3974.2478482340425,0.9121526281101031,0.0,2.0
3,0.1,7348.192374309839,6260.551163602314,0.851985201896721,0.0,2.0
3,0.1,11540.337294906012,10210.879849922581,0.8847990824696031,0.0,2.0
3,0.1,12658.205931805289,12314.729432997314,0.9728653096135094,0.0,2.0
3,0.1,4796.243534253322,4499.137978846435,0.9380545309500968,0.0,2.0
3,0.2,8831.273214864239,7647.954656721453,0.8660081588064675,0.0,2.0
3,0.2,5273.526183382207,4928.2002262997985,0.9345170678832334,0.0,2.0
3,0.2,6771.040280063284,6296.291946354525,0.9298854660329503,0.0,2.0
3,0.2,9362.000808020606,8282.882205402164,0.8847341903993492,0.0,2.0
3,0.2,11471.85515289432,9682.192990167307,0.8439954010162439,0.0,2.0
3,0.2,4564.474866882075,4095.9752054674186,0.8973595703606796,0.0,2.0
3,0.2,7698.106296896022,6465.040627547604,0.8398222079830716,0.0,2.0
3,0.2,12089.877166092014,10499.677785157788,0.8684685246104739,0.0,2.0
3,0.2,13260.977642843634,12432.696841613933,0.9375399896193409,0.0,2.0
3,0.2,5024.63608350348,4523.460047882425,0.9002562519370348,0.0,2.0
3,0.3,9232.694724630794,7907.300898612415,0.8564456135994056,0.0,2.0
3,0.3,5513.231918990489,5083.524500972144,0.9220588895347925,0.0,2.0
3,0.3,7078.814838247979,6425.820362633817,0.9077537002259294,0.0,2.0
3,0.3,9787.54629929427,8509.308122734581,0.8694015703760343,0.0,2.0
3,0.3,11993.303114389517,9961.697570308177,0.8306050030834435,0.0,2.0
3,0.3,4771.9509971948955,4186.005912256891,0.8772105821534124,0.0,2.0
3,0.3,8048.020219482204,6611.184896940081,0.821467232517146,0.0,2.0
3,0.3,12639.417037278012,10779.348998043963,0.8528359311392238,0.0,2.0
3,0.3,13863.74935388198,12540.561915526545,0.904557749525028,0.0,2.0
3,0.3,5253.028632753639,4766.9050918832745,0.9074584254425551,0.0,2.0
3,0.4,0,8441.778832543387,,1.0,2.0
3,0.4,0,5002.904324588086,,1.0,2.0
3,0.4,0,6439.154349552045,,1.0,2.0
3,0.4,0,8616.43468246272,,1.0,2.0
3,0.4,0,11356.206813482895,,1.0,2.0
3,0.4,0,4208.042816627241,,1.0,2.0
3,0.4,0,6855.704352255,,1.0,2.0
3,0.4,0,11111.50307395948,,1.0,2.0
3,0.4,0,12884.031615926788,,1.0,2.0
3,0.4,0,4896.059182040981,,1.0,2.0
3,0.5,0,8647.71900233096,,1.0,2.0
3,0.5,0,5443.634341004057,,1.0,2.0
3,0.5,0,6646.194959743173,,1.0,2.0
3,0.5,0,8948.434345292835,,1.0,2.0
3,0.5,0,11264.46911229584,,1.0,2.0
3,0.5,0,4270.410966901321,,1.0,2.0
3,0.5,0,7288.783946607094,,1.0,2.0
3,0.5,0,11457.874627099518,,1.0,2.0
3,0.5,0,13466.038914953422,,1.0,2.0
3,0.5,0,4978.217784392498,,1.0,2.0
5,0,17364.61528821604,10497.773011058789,0.6045497027614991,0.0,2.0
5,0,22522.193894242988,17208.99187426373,0.7640903881332186,0.0,2.0
5,0,55381.47130409902,46206.38184025818,0.8343292576417747,0.0,2.0
5,0,31843.41374837587,24771.11817667972,0.7779039763895645,0.0,2.0
5,0,35737.189660654476,26586.483757076297,0.7439444458148644,0.0,2.0
5,0,21463.57827171014,17428.56307400547,0.8120064070107554,0.0,2.0
5,0,28961.710310763814,21269.61610170733,0.7344046975638152,0.0,2.0
5,0,57203.13753480204,49586.178808078635,0.8668436897873077,0.0,2.0
5,0,49934.888388806125,33794.26146751025,0.6767665365421321,0.0,2.0
5,0,15106.79414361481,10165.769854990045,0.672927012730018,0.0,2.0
5,0.02,17538.2614410982,14883.831789485097,0.8486492141465711,0.0,2.0
5,0.02,22747.41583318542,20907.44655568304,0.9191130416309482,0.0,2.0
5,0.02,55935.28601714001,46466.82643964415,0.8307247490502779,0.0,2.0
5,0.02,32161.84788585963,26986.02161401105,0.8390693752977981,0.0,2.0
5,0.02,36094.561557261026,28486.94704179678,0.789231003584975,0.0,2.0
5,0.02,21678.21405442724,18797.71087866979,0.8671245164142487,0.0,2.0
5,0.02,29251.32741387145,25907.2466720773,0.8856776414116395,0.0,2.0
5,0.02,57775.16891015005,53555.19435731388,0.926958680823609,0.0,2.0
5,0.02,50434.23727269418,42087.35662608478,0.834499714916309,0.0,2.0
5,0.02,15257.862085050961,13451.932589834214,0.8816394141492389,0.0,2.0
5,0.05,17798.73067042144,14991.383535312203,0.842272621172105,0.0,2.0
5,0.05,23085.248741599065,21033.98190435282,0.9111438278094048,0.0,2.0
5,0.05,56766.008086701506,46889.85558181626,0.8260199574047744,0.0,2.0
5,0.05,32639.49909208527,27225.763657694006,0.8341354620940234,0.0,2.0
5,0.05,36630.61940217084,31016.89313738782,0.8467477111661852,0.0,2.0
5,0.05,22000.167728502893,18959.59301677685,0.8617931122503786,0.0,2.0
5,0.05,29685.753068532907,26104.225161446608,0.8793519605577147,0.0,2.0
5,0.05,58633.21597317209,53963.57868191858,0.9203584996362791,0.0,2.0
5,0.05,51183.26059852628,42433.18372341955,0.8290441684881898,0.0,2.0
5,0.05,15484.463997205181,13486.034894175405,0.8709397300810363,0.0,2.0
5,0.1,18232.84605262684,15211.863227276319,0.8343109563569598,0.0,2.0
5,0.1,23648.303588955136,21240.812107821097,0.8981960176518349,0.0,2.0
5,0.1,58150.54486930397,47525.80900586695,0.8172891434239076,0.0,2.0
5,0.1,33435.58443579466,27605.723939054784,0.8256390430998811,0.0,2.0
5,0.1,37524.049143687196,31502.336928867244,0.8395239225979693,0.0,2.0
5,0.1,22536.757185295646,19117.62330536717,0.848286341649928,0.0,2.0
5,0.1,30409.795826302,26549.205684010773,0.873047811161161,0.0,2.0
5,0.1,60063.29441154214,54605.00757820593,0.9091244180524451,0.0,2.0
5,0.1,52431.63280824643,48013.33260168062,0.9157321645365409,0.0,2.0
5,0.1,15862.133850795552,13718.656098044494,0.8648682596608177,0.0,2.0
5,0.2,19101.076817037643,16170.553320091829,0.8465781000193734,0.0,2.0
5,0.2,24774.413283667287,21974.343001275323,0.8869773322043542,0.0,2.0
5,0.2,60919.61843450893,49946.790361547435,0.8198802232361693,0.0,2.0
5,0.2,35027.75512321346,28333.370977757477,0.8088834376651359,0.0,2.0
5,0.2,39310.90862671992,32349.370787403477,0.8229107878065012,0.0,2.0
5,0.2,23609.936098881153,19519.551449041606,0.8267515577886979,0.0,2.0
5,0.2,31857.881341840195,26912.89651039488,0.8447798590752212,0.0,2.0
5,0.2,62923.451288282246,56015.69153561829,0.8902196301818184,0.0,2.0
5,0.2,54928.37722768674,50012.02038752277,0.9104951376993189,0.0,2.0
5,0.2,16617.473557976293,14172.545660425367,0.852870059397364,0.0,2.0
5,0.3,19969.307581448444,16602.199122619742,0.8313858182064983,0.0,2.0
5,0.3,25900.52297837944,22664.59906640913,0.8750633755669139,0.0,2.0
5,0.3,63688.691999713876,56553.518720789405,0.8879679727296562,0.0,2.0
5,0.3,36619.92581063225,29257.54908691381,0.7989516209893346,0.0,2.0
5,0.3,41097.76810975265,36572.73571127655,0.8898959090335056,0.0,2.0
5,0.3,24683.11501246666,20376.234989467743,0.8255131080164052,0.0,2.0
5,0.3,33305.966857378386,27514.69866363452,0.8261191990449331,0.0,2.0
5,0.3,65783.60816502234,56599.73939771356,0.8603927479278658,0.0,2.0
5,0.3,57425.121647127045,51713.53658481711,0.90053856398586,0.0,2.0
5,0.3,17372.813265157034,14348.548152689964,0.8259196673383611,0.0,2.0
5,0.4,0,16967.557112687406,,1.0,2.0
5,0.4,0,23216.65417630013,,1.0,2.0
5,0.4,0,57308.535109509074,,1.0,2.0
5,0.4,0,33460.989345416696,,1.0,2.0
5,0.4,0,38800.17978980674,,1.0,2.0
5,0.4,0,22846.014582896893,,1.0,2.0
5,0.4,0,27787.479462133822,,1.0,2.0
5,0.4,0,57782.8635070509,,1.0,2.0
5,0.4,0,50720.92746107069,,1.0,2.0
5,0.4,0,14538.284600193965,,1.0,2.0
5,0.5,0,17012.554056206278,,1.0,2.0
5,0.5,0,23436.886520732165,,1.0,2.0
5,0.5,0,59466.101614058134,,1.0,2.0
5,0.5,0,32441.388081095523,,1.0,2.0
5,0.5,0,38493.21853785507,,1.0,2.0
5,0.5,0,23282.11807218396,,1.0,2.0
5,0.5,0,31149.73809304562,,1.0,2.0
5,0.5,0,58306.66413879382,,1.0,2.0
5,0.5,0,53581.89904774572,,1.0,2.0
5,0.5,0,15202.279484490675,,1.0,2.0
3,0,11654.95299319606,9919.731740503194,0.8511172671647963,0.0,2.5
3,0,6688.235396442175,5706.43396339341,0.8532047132236049,0.0,2.5
3,0,2551.8308149508,1697.2921688287365,0.6651272329202047,0.0,2.5
3,0,16976.386159852424,14405.926915016249,0.8485861937498175,0.0,2.5
3,0,4019.433992477203,3034.5301503417813,0.7549645437694029,0.0,2.5
3,0,3898.7637523844396,2335.8978051645013,0.5991380738922415,0.0,2.5
3,0,7697.619485306706,7290.418316598884,0.9471003770081008,0.0,2.5
3,0,6737.067506950083,6208.15519806816,0.9214922058690539,0.0,2.5
3,0,2457.881501537198,2100.2304872146015,0.8544880971279877,0.0,2.5
3,0,6063.378557630189,4957.977463682379,0.8176922183826428,0.0,2.5
3,0.02,11771.502523128023,11028.93759214455,0.9369184240053875,0.0,2.5
3,0.02,6755.117750406598,6626.43891571395,0.9809509116721314,0.0,2.5
3,0.02,2577.3491231003077,2538.2232430570275,0.9848193325100577,0.0,2.5
3,0.02,17146.150021450947,16673.148214534573,0.9724135268661117,0.0,2.5
3,0.02,4059.628332401975,4001.3134027160845,0.9856354018370477,0.0,2.5
3,0.02,3937.7513899082837,3729.8904204695064,0.9472132826944113,0.0,2.5
3,0.02,7774.595680159775,7398.659668638817,0.9516455868592214,0.0,2.5
3,0.02,6804.438182019584,6512.224169005045,0.9570553798568262,0.0,2.5
3,0.02,2482.46031655257,2427.7471173130925,0.9779600910940407,0.0,2.5
3,0.02,6124.01234320649,5917.710493924945,0.9663126333325568,0.0,2.5
3,0.05,11946.326818025962,11105.978998597519,0.9296563845750117,0.0,2.5
3,0.05,6855.44128135323,6623.78932316578,0.9662090376563297,0.0,2.5
3,0.05,2615.6265853245695,2498.6990346262864,0.9552965429567334,0.0,2.5
3,0.05,17400.795813848734,16817.705466061983,0.9664905930726061,0.0,2.5
3,0.05,4119.919842289133,4024.6064073585694,0.9768652210287652,0.0,2.5
3,0.05,3996.23284619405,3756.749770152397,0.940072792237386,0.0,2.5
3,0.05,7890.059972439376,7384.7827067095495,0.9359602756512877,0.0,2.5
3,0.05,6905.494194623835,6546.369453504625,0.9479943460963589,0.0,2.5
3,0.05,2519.328539075628,2426.7839292313965,0.9632661606420783,0.0,2.5
3,0.05,6214.963021570944,5958.752460572774,0.9587752074937675,0.0,2.5
3,0.1,12237.700642855867,11312.275934987116,0.9243792004007717,0.0,2.5
3,0.1,7022.647166264285,6663.054431945566,0.9487952725225685,0.0,2.5
3,0.1,2679.4223556983397,2551.556816273316,0.9522786920273725,0.0,2.5
3,0.1,17825.205467845044,16896.207583439835,0.9478829073762414,0.0,2.5
3,0.1,4220.405692101063,4035.617987447742,0.9562156536279981,0.0,2.5
3,0.1,4093.701940003661,3834.2464462198113,0.9366208147084549,0.0,2.5
3,0.1,8082.500459572042,7488.464725275904,0.9265034703966363,0.0,2.5
3,0.1,7073.920882297587,6613.779533158655,0.9349524320677051,0.0,2.5
3,0.1,2580.775576614058,2422.141413576789,0.9385323681474873,0.0,2.5
3,0.1,6366.547485511697,5997.691233804711,0.9420633785350083,0.0,2.5
3,0.2,12820.44829251567,11676.05737264112,0.9107370589729984,0.0,2.5
3,0.2,7357.058936086394,6683.023913597783,0.9083825441192991,0.0,2.5
3,0.2,2807.0138964458797,2641.8705618925997,0.9411676106191076,0.0,2.5
3,0.2,18674.024775837664,17287.540020907945,0.9257532978791111,0.0,2.5
3,0.2,4421.377391724924,4112.939798150899,0.9302394782785794,0.0,2.5
3,0.2,4288.6401276228835,3878.5032795915395,0.9043666906463715,0.0,2.5
3,0.2,8467.381433837378,7642.588553079027,0.9025917413543803,0.0,2.5
3,0.2,7410.774257645091,6703.428173323979,0.9045516622515656,0.0,2.5
3,0.2,2703.669651690918,2467.846106684706,0.9127764943994825,0.0,2.5
3,0.2,6669.716413393207,6130.504081958679,0.919155133739756,0.0,2.5
3,0.3,13403.195942175473,12071.592534658655,0.9006503065939149,0.0,2.5
3,0.3,7691.470705908501,6917.77185049426,0.8994082035806372,0.0,2.5
3,0.3,2934.6054371934197,2650.825213251852,0.9032986784714173,0.0,2.5
3,0.3,19522.84408383029,17786.379451378256,0.9110547302946371,0.0,2.5
3,0.3,4622.349091348784,4209.422285605677,0.910667325729261,0.0,2.5
3,0.3,4483.578315242105,4011.373006784168,0.8946811508003203,0.0,2.5
3,0.3,8852.262408102713,7841.290983618515,0.8857951359915823,0.0,2.5
3,0.3,7747.627632992595,6825.259280315624,0.8809482855436745,0.0,2.5
3,0.3,2826.563726767778,2555.734748908929,0.9041843722488626,0.0,2.5
3,0.3,6972.885341274718,6368.531912399329,0.9133280701895341,0.0,2.5
3,0.4,13985.943591835276,12534.68265578018,0.8962343208003274,0.0,2.5
3,0.4,8025.88247573061,7175.766508133474,0.8940781938724129,0.0,2.5
3,0.4,3062.1969779409596,2665.8411475963985,0.8705648809662554,0.0,2.5
3,0.4,20371.66339182291,18376.100510776487,0.9020422219499546,0.0,2.5
3,0.4,4823.320790972644,4356.037649113136,0.9031200365660773,0.0,2.5
3,0.4,4678.516502861327,4285.960434691204,0.91609390114793,0.0,2.5
3,0.4,9237.143382368049,8182.61588354235,0.8858383533551518,0.0,2.5
3,0.4,8084.4810083401,7096.191239858659,0.8777547046666443,0.0,2.5
3,0.4,2949.4578018446377,2610.209549438886,0.8849794520899467,0.0,2.5
3,0.4,7276.054269156226,6298.989250724357,0.8657149902559516,0.0,2.5
3,0.5,0,12827.721742883481,,0.9,2.5
3,0.5,0,7202.669132541474,,0.9,2.5
3,0.5,0,2834.0716159041276,,0.9,2.5
3,0.5,0,18272.405584967688,,0.9,2.5
3,0.5,0,4538.4441547795905,,0.9,2.5
3,0.5,0,4161.2907348874,,0.9,2.5
3,0.5,0,8313.115527280695,,0.9,2.5
3,0.5,0,7317.012789175913,,0.9,2.5
3,0.5,3072.3518769214975,2642.9218142182735,0.8602275781205395,0.9,2.5
3,0.5,0,6227.625717381099,,0.9,2.5
5,0,113153.96909691882,75896.27264208908,0.6707345155262056,0.0,2.5
5,0,18342.632806553076,15412.43256679799,0.8402519272637762,0.0,2.5
5,0,109724.05345680495,91515.55057168177,0.8340518572594356,0.0,2.5
5,0,126186.66948511728,77459.9741055383,0.6138522747418586,0.0,2.5
5,0,72590.74832136135,43103.85427882411,0.5937926702174511,0.0,2.5
5,0,114680.34689751465,87106.65617973024,0.7595604524773025,0.0,2.5
5,0,79625.0941835535,71721.03547659787,0.9007340740001509,0.0,2.5
5,0,42665.41139988501,32500.830534287164,0.7617606268851016,0.0,2.5
5,0,87375.57047158983,58807.97974849336,0.6730483066501383,0.0,2.5
5,0,128744.0599025591,99295.78682970062,0.7712649958751757,0.0,2.5
5,0.02,114285.50878788801,106377.30057406613,0.9308030537056156,0.0,2.5
5,0.02,18526.059134618605,17174.58003575668,0.9270498334782656,0.0,2.5
5,0.02,110821.29399137301,103412.30578144219,0.9331447238785393,0.0,2.5
5,0.02,127448.53617996845,120511.54420659826,0.9455702499118974,0.0,2.5
5,0.02,73316.65580457496,68387.4867204642,0.9327687681602743,0.0,2.5
5,0.02,115827.1503664898,112477.00122719874,0.9710763052644321,0.0,2.5
5,0.02,80421.34512538904,75832.4758188496,0.9429396598703405,0.0,2.5
5,0.02,43092.06551388385,39649.951000228495,0.9201218490548722,0.0,2.5
5,0.02,88249.32617630571,84075.5777492881,0.9527050391446702,0.0,2.5
5,0.02,130031.5005015847,123173.2755434849,0.9472572035880166,0.0,2.5
5,0.05,115982.81832434182,105715.53058820732,0.9114757868064355,0.0,2.5
5,0.05,18801.198626716905,17300.226239814227,0.9201661331969673,0.0,2.5
5,0.05,112467.15479322507,103891.46021732719,0.9237493418263794,0.0,2.5
5,0.05,129341.33622224521,120917.22902860235,0.934869180729911,0.0,2.5
5,0.05,74405.51702939539,68482.59437598025,0.9203967274217694,0.0,2.5
5,0.05,117547.35556995252,112317.78482466708,0.9555109451852082,0.0,2.5
5,0.05,81615.72153814233,76316.02284658074,0.9350652228310593,0.0,2.5
5,0.05,43732.04668488212,39774.55449593316,0.9095059003877575,0.0,2.5
5,0.05,89559.95973337957,83757.63149019705,0.9352129203669131,0.0,2.5
5,0.05,131962.6614001231,123709.58828762572,0.9374590279937347,0.0,2.5
5,0.1,118811.66755176478,109794.64745050175,0.9241066110166797,0.0,2.5
5,0.1,19259.764446880727,17589.45167288739,0.9132744962379923,0.0,2.5
5,0.1,115210.25612964519,105318.98378809287,0.9141459044199871,0.0,2.5
5,0.1,132496.00295937315,122434.1484271676,0.9240591843718426,0.0,2.5
5,0.1,76220.28573742943,69439.47080992049,0.9110366110294036,0.0,2.5
5,0.1,120414.36424239038,112950.74653738107,0.9380172145410719,0.0,2.5
5,0.1,83606.34889273118,76702.7321833384,0.9174271236476278,0.0,2.5
5,0.1,44798.68196987925,42679.166434061335,0.9526879934270613,0.0,2.5
5,0.1,91744.3489951693,85327.34994820014,0.9300556479254428,0.0,2.5
5,0.1,135181.26289768706,126226.68137280302,0.9337587078790544,0.0,2.5
5,0.2,124469.36600661074,116906.77647256346,0.9392413589248488,0.0,2.5
5,0.2,20176.896087208384,18340.772252143517,0.9089986969686125,0.0,2.5
5,0.2,120696.45880248545,107770.47827645189,0.892905055754897,0.0,2.5
5,0.2,138805.336433629,127783.2936478962,0.9205935227785489,0.0,2.5
5,0.2,79849.82315349749,72619.03908342498,0.9094452087117015,0.0,2.5
5,0.2,126148.38158726614,110270.94834838177,0.8741368455218684,0.0,2.5
5,0.2,87587.60360190884,78622.1199392706,0.8976398109555901,0.0,2.5
5,0.2,46931.9525398735,41568.6550579198,0.8857218335973338,0.0,2.5
5,0.2,96113.1275187488,88385.11650884093,0.9195946359314926,0.0,2.5
5,0.2,141618.465892815,129378.94826804755,0.9135739993537917,0.0,2.5
5,0.3,130127.06446145667,113411.67698187547,0.8715456500247706,0.0,2.5
5,0.3,21094.027727536035,18420.681186713686,0.8732652400313016,0.0,2.5
5,0.3,126182.66147532569,109562.75964644914,0.8682869608664382,0.0,2.5
5,0.3,145114.66990788488,128797.15715620217,0.8875543543458381,0.0,2.5
5,0.3,83479.36056956556,74899.60418089028,0.8972230221921077,0.0,2.5
5,0.3,131882.39893214183,115765.6447043093,0.8777945020842003,0.0,2.5
5,0.3,91568.85831108653,81249.22363368777,0.8873019182750984,0.0,2.5
5,0.3,49065.22310986776,44165.781336071974,0.9001443086720534,0.0,2.5
5,0.3,100481.90604232828,88545.41728081969,0.8812075802335964,0.0,2.5
5,0.3,148055.66888794297,131415.9069601362,0.8876114501201524,0.0,2.5
5,0.4,135784.7629163026,119461.28667297358,0.8797841827555367,0.0,2.5
5,0.4,22011.15936786369,18664.157905774464,0.847940701071119,0.0,2.5
5,0.4,131668.8641481659,115569.02941240997,0.877724814898996,0.0,2.5
5,0.4,151424.00338214074,131468.59760370073,0.8682150429738699,0.0,2.5
5,0.4,87108.89798563364,77523.82750565585,0.8899645076263208,0.0,2.5
5,0.4,137616.4162770176,121345.86972089276,0.8817688543540276,0.0,2.5
5,0.4,95550.1130202642,84197.67594805648,0.8811886588789267,0.0,2.5
5,0.4,51198.493679862004,43986.461981046916,0.8591358616151669,0.0,2.5
5,0.4,104850.68456590778,89568.94324809949,0.854252345789861,0.0,2.5
5,0.4,154492.8718830709,134474.40192947723,0.8704246370101476,0.0,2.5
5,0.5,0,123198.51485335884,,1.0,2.5
5,0.5,0,20457.976948553853,,1.0,2.5
5,0.5,0,117069.18775080754,,1.0,2.5
5,0.5,0,140742.0879951355,,1.0,2.5
5,0.5,0,77174.52277087641,,1.0,2.5
5,0.5,0,120946.59753430377,,1.0,2.5
5,0.5,0,84530.45502086592,,1.0,2.5
5,0.5,0,43891.74118668929,,1.0,2.5
5,0.5,0,91964.86231541265,,1.0,2.5
5,0.5,0,139108.18784369374,,1.0,2.5
