seeds,num_tasks,per_jitter,final_e2e_max,max_reaction_time,R,exceed,false_percentage,finalpercent_x,finalpercent_y,finalpercent
1755016010,10,0.2,0.0,3223.217582824778,,,0.6,0.655,0.655,0.655
1755016011,10,0.2,0.0,4438.697130276702,,,0.6,0.655,0.655,0.655
1755016012,10,0.2,0.0,4752.722318901462,,,0.6,0.655,0.655,0.655
1755016013,10,0.2,2871.0,2671.9019557349384,0.9306520221995606,safe,0.6,0.655,0.655,0.655
1755016014,10,0.2,3214.2,2799.068612868687,0.870844568747647,safe,0.6,0.655,0.655,0.655
1755016015,10,0.2,0.0,6107.533802644402,,,0.6,0.655,0.655,0.655
1755016016,10,0.2,7355.516357697325,7276.570374585421,0.9892671052210644,safe,0.6,0.655,0.655,0.655
1755016017,10,0.2,0.0,902.7022378789552,,,0.6,0.655,0.655,0.655
1755016018,10,0.2,0.0,1051.2321100094923,,,0.6,0.655,0.655,0.655
1755016019,10,0.2,0.0,1911.162977838263,,,0.6,0.655,0.655,0.655
1755016020,10,0.2,3632.2,3149.412144620537,0.8670811476847468,safe,0.6,0.655,0.655,0.655
1755016021,10,0.2,0.0,8408.89844846995,,,0.6,0.655,0.655,0.655
1755016022,10,0.2,0.0,4382.47635120347,,,0.6,0.655,0.655,0.655
1755016023,10,0.2,3346.2000000000003,3051.7050990588687,0.9119912435176822,safe,0.6,0.655,0.655,0.655
1755016024,10,0.2,4629.49053572303,4355.56797048985,0.9408309482178476,safe,0.6,0.655,0.655,0.655
1755016025,10,0.2,0.0,4714.488014504284,,,0.6,0.655,0.655,0.655
1755016026,10,0.2,0.0,4263.946733992072,,,0.6,0.655,0.655,0.655
1755016027,10,0.2,0.0,4494.882003763043,,,0.6,0.655,0.655,0.655
1755016028,10,0.2,5414.395681780079,5335.228217709293,0.985378337911802,safe,0.6,0.655,0.655,0.655
1755016029,10,0.2,0.0,6068.105315653207,,,0.6,0.655,0.655,0.655
1755016030,10,0.2,0.0,5198.943061661029,,,0.6,0.655,0.655,0.655
1755016031,10,0.2,0.0,4762.002707121894,,,0.6,0.655,0.655,0.655
1755016032,10,0.2,0.0,332.23838897849043,,,0.6,0.655,0.655,0.655
1755016033,10,0.2,0.0,922.7776614839312,,,0.6,0.655,0.655,0.655
1755016034,10,0.2,3232.0314728775984,2883.908699346613,0.8922897946841346,safe,0.6,0.655,0.655,0.655
1755016035,10,0.2,6030.778726647002,5956.14433933673,0.9876244195495848,safe,0.6,0.655,0.655,0.655
1755016036,10,0.2,0.0,6334.066145025575,,,0.6,0.655,0.655,0.655
1755016037,10,0.2,3103.33222870314,2919.90016254822,0.940891901789202,safe,0.6,0.655,0.655,0.655
1755016038,10,0.2,0.0,725.7110044945584,,,0.6,0.655,0.655,0.655
1755016039,10,0.2,5600.194168116742,5380.755958536962,0.9608159640554796,safe,0.6,0.655,0.655,0.655
1755016040,10,0.2,0.0,4319.830681866464,,,0.6,0.655,0.655,0.655
1755016041,10,0.2,6587.149559610361,6171.58571073573,0.936912947684884,safe,0.6,0.655,0.655,0.655
1755016042,10,0.2,239.52934912663105,217.0911272216082,0.9063237052710376,safe,0.6,0.655,0.655,0.655
1755016043,10,0.2,0.0,2764.676448998096,,,0.6,0.655,0.655,0.655
1755016044,10,0.2,0.0,439.3613047455583,,,0.6,0.655,0.655,0.655
1755016045,10,0.2,3282.4,2984.0325914453715,0.9091008382419484,safe,0.6,0.655,0.655,0.655
1755016046,10,0.2,0.0,3609.9882660793937,,,0.6,0.655,0.655,0.655
1755016047,10,0.2,2470.6313914778466,2369.589831081604,0.9591029399428932,safe,0.6,0.655,0.655,0.655
1755016048,10,0.2,0.0,1330.9084609246909,,,0.6,0.655,0.655,0.655
1755016049,10,0.2,3181.2,2949.0532526678835,0.9270254157764,safe,0.6,0.655,0.655,0.655
1755016050,10,0.2,2626.8,2391.89186501572,0.9105725083811936,safe,0.6,0.655,0.655,0.655
1755016051,10,0.2,245.129593108518,229.01365066032304,0.9342554187610448,safe,0.6,0.655,0.655,0.655
1755016052,10,0.2,0.0,1223.624470486473,,,0.6,0.655,0.655,0.655
1755016053,10,0.2,0.0,6285.776737148059,,,0.6,0.655,0.655,0.655
1755016054,10,0.2,0.0,1052.389456652533,,,0.6,0.655,0.655,0.655
1755016055,10,0.2,0.0,2556.2295291378578,,,0.6,0.655,0.655,0.655
1755016056,10,0.2,0.0,4793.228429727256,,,0.6,0.655,0.655,0.655
1755016057,10,0.2,5780.467890607925,5682.857325775255,0.983113725968227,safe,0.6,0.655,0.655,0.655
1755016058,10,0.2,0.0,805.9157383018673,,,0.6,0.655,0.655,0.655
1755016059,10,0.2,0.0,2838.5614309900047,,,0.6,0.655,0.655,0.655
1755016060,10,0.2,0.0,505.3485478563898,,,0.6,0.655,0.655,0.655
1755016061,10,0.2,5659.743434926053,5098.104622458857,0.9007660296045674,safe,0.6,0.655,0.655,0.655
1755016062,10,0.2,4231.732780830651,4134.068074044189,0.9769208709895688,safe,0.6,0.655,0.655,0.655
1755016063,10,0.2,3047.0,2705.194614890337,0.8878223219200319,safe,0.6,0.655,0.655,0.655
1755016064,10,0.2,2932.6,2705.5282706924336,0.9225698256470142,safe,0.6,0.655,0.655,0.655
1755016065,10,0.2,0.0,4287.978031685212,,,0.6,0.655,0.655,0.655
1755016066,10,0.2,3117.4,2773.1413874538885,0.8895686750028513,safe,0.6,0.655,0.655,0.655
1755016067,10,0.2,0.0,809.9439214996164,,,0.6,0.655,0.655,0.655
1755016068,10,0.2,0.0,632.3885453753334,,,0.6,0.655,0.655,0.655
1755016069,10,0.2,0.0,4571.8748991893335,,,0.6,0.655,0.655,0.655
1755016070,10,0.2,0.0,643.4954342546018,,,0.6,0.655,0.655,0.655
1755016071,10,0.2,0.0,521.7850995206827,,,0.6,0.655,0.655,0.655
1755016072,10,0.2,3412.2,3049.798206290861,0.8937923352355844,safe,0.6,0.655,0.655,0.655
1755016073,10,0.2,3407.4108673180053,3043.815729447877,0.8932928396286074,safe,0.6,0.655,0.655,0.655
1755016074,10,0.2,0.0,1125.7422890730977,,,0.6,0.655,0.655,0.655
1755016075,10,0.2,1139.920621585885,1076.782916705636,0.944612191687163,safe,0.6,0.655,0.655,0.655
1755016076,10,0.2,4439.556509825727,4197.239243315425,0.9454185872003206,safe,0.6,0.655,0.655,0.655
1755016077,10,0.2,0.0,1438.9572933351658,,,0.6,0.655,0.655,0.655
1755016078,10,0.2,3500.2000000000003,3150.6601599342976,0.9001371807137585,safe,0.6,0.655,0.655,0.655
1755016079,10,0.2,3348.4,3071.221131649794,0.917220502822182,safe,0.6,0.655,0.655,0.655
1755016080,10,0.2,0.0,5249.246592005278,,,0.6,0.655,0.655,0.655
1755016081,10,0.2,0.0,1309.822517809298,,,0.6,0.655,0.655,0.655
1755016082,10,0.2,0.0,337.68591635335906,,,0.6,0.655,0.655,0.655
1755016083,10,0.2,0.0,2631.9056749956235,,,0.6,0.655,0.655,0.655
1755016084,10,0.2,0.0,1257.579176336032,,,0.6,0.655,0.655,0.655
1755016085,10,0.2,3069.0000000000005,2749.3090151252063,0.8958321978250915,safe,0.6,0.655,0.655,0.655
1755016086,10,0.2,3300.633420538945,3044.8374981045126,0.92250095971195,safe,0.6,0.655,0.655,0.655
1755016087,10,0.2,4670.949848087232,4353.662040677591,0.9320721014507208,safe,0.6,0.655,0.655,0.655
1755016088,10,0.2,0.0,751.5842050087322,,,0.6,0.655,0.655,0.655
1755016089,10,0.2,3291.2,2999.370665832874,0.9113304162107664,safe,0.6,0.655,0.655,0.655
1755016090,10,0.2,0.0,2782.058316307412,,,0.6,0.655,0.655,0.655
1755016091,10,0.2,3121.8,2877.0505407215096,0.9215998913195944,safe,0.6,0.655,0.655,0.655
1755016092,10,0.2,3216.4,2840.579296532841,0.8831548615013186,safe,0.6,0.655,0.655,0.655
1755016093,10,0.2,0.0,872.605111712755,,,0.6,0.655,0.655,0.655
1755016094,10,0.2,0.0,6220.049536872291,,,0.6,0.655,0.655,0.655
1755016095,10,0.2,0.0,524.8056113271193,,,0.6,0.655,0.655,0.655
1755016096,10,0.2,0.0,2809.235371537025,,,0.6,0.655,0.655,0.655
1755016097,10,0.2,730.4,643.9778160776459,0.8816782805006105,safe,0.6,0.655,0.655,0.655
1755016098,10,0.2,3038.2000000000003,2743.9574485046924,0.9031523430006886,safe,0.6,0.655,0.655,0.655
1755016099,10,0.2,0.0,3623.428703941812,,,0.6,0.655,0.655,0.655
1755016100,10,0.2,0.0,6272.687907572837,,,0.6,0.655,0.655,0.655
1755016101,10,0.2,0.0,7774.231416831501,,,0.6,0.655,0.655,0.655
1755016102,10,0.2,0.0,3753.579891682929,,,0.6,0.655,0.655,0.655
1755016103,10,0.2,2991.280618791205,2736.557498607945,0.9148447930350998,safe,0.6,0.655,0.655,0.655
1755016104,10,0.2,0.0,1069.0346218054185,,,0.6,0.655,0.655,0.655
1755016105,10,0.2,2983.2,2708.7841991822274,0.9080129388516452,safe,0.6,0.655,0.655,0.655
1755016106,10,0.2,0.0,2563.138702263226,,,0.6,0.655,0.655,0.655
1755016107,10,0.2,0.0,1803.1680396422453,,,0.6,0.655,0.655,0.655
1755016108,10,0.2,0.0,4743.445101182743,,,0.6,0.655,0.655,0.655
1755016109,10,0.2,0.0,4485.401498149651,,,0.6,0.655,0.655,0.655
1755016110,10,0.2,0.0,3055.862277813525,,,0.69,0.655,0.655,0.655
1755016111,10,0.2,0.0,1628.9908684586835,,,0.69,0.655,0.655,0.655
1755016112,10,0.2,3537.6,3137.0624647610966,0.8867770422775602,safe,0.69,0.655,0.655,0.655
1755016113,10,0.2,0.0,386.9255648029903,,,0.69,0.655,0.655,0.655
1755016114,10,0.2,0.0,574.6321532049842,,,0.69,0.655,0.655,0.655
1755016115,10,0.2,998.3157738511828,958.4606536143868,0.9600776414830672,safe,0.69,0.655,0.655,0.655
1755016116,10,0.2,0.0,2495.7176111567205,,,0.69,0.655,0.655,0.655
1755016117,10,0.2,0.0,1190.181935010285,,,0.69,0.655,0.655,0.655
1755016118,10,0.2,4546.553667914049,4161.830694418766,0.9153814071941236,safe,0.69,0.655,0.655,0.655
1755016119,10,0.2,0.0,2441.990129831017,,,0.69,0.655,0.655,0.655
1755016120,10,0.2,2930.4,2698.3801616079822,0.9208231509718752,safe,0.69,0.655,0.655,0.655
1755016121,10,0.2,0.0,5045.378655517765,,,0.69,0.655,0.655,0.655
1755016122,10,0.2,567.6000000000001,516.5126537702777,0.9099941045987976,safe,0.69,0.655,0.655,0.655
1755016123,10,0.2,4605.676228766835,4556.191137237998,0.9892556295599428,safe,0.69,0.655,0.655,0.655
1755016124,10,0.2,3828.0,3416.7856889350805,0.8925772437134484,safe,0.69,0.655,0.655,0.655
1755016125,10,0.2,3473.8,3076.486786490258,0.8856257661610508,safe,0.69,0.655,0.655,0.655
1755016126,10,0.2,0.0,955.5707905096788,,,0.69,0.655,0.655,0.655
1755016127,10,0.2,0.0,2799.795577136305,,,0.69,0.655,0.655,0.655
1755016128,10,0.2,0.0,461.93323496003904,,,0.69,0.655,0.655,0.655
1755016129,10,0.2,0.0,1127.524818816717,,,0.69,0.655,0.655,0.655
1755016130,10,0.2,0.0,400.9056894130063,,,0.69,0.655,0.655,0.655
1755016131,10,0.2,0.0,692.8891480921895,,,0.69,0.655,0.655,0.655
1755016132,10,0.2,0.0,1169.4789760334097,,,0.69,0.655,0.655,0.655
1755016133,10,0.2,0.0,6076.133610650315,,,0.69,0.655,0.655,0.655
1755016134,10,0.2,3846.010645498317,3683.367942534046,0.9577113227300498,safe,0.69,0.655,0.655,0.655
1755016135,10,0.2,2490.370841447404,2319.080120131095,0.9312187894005558,safe,0.69,0.655,0.655,0.655
1755016136,10,0.2,0.0,856.6408286720689,,,0.69,0.655,0.655,0.655
1755016137,10,0.2,0.0,1659.9271834158571,,,0.69,0.655,0.655,0.655
1755016138,10,0.2,0.0,1190.4934510854473,,,0.69,0.655,0.655,0.655
1755016139,10,0.2,906.4,775.6480977475794,0.8557459154320161,safe,0.69,0.655,0.655,0.655
1755016140,10,0.2,2778.6000000000004,2624.4958558401354,0.9445389245807728,safe,0.69,0.655,0.655,0.655
1755016141,10,0.2,0.0,1548.3438381984324,,,0.69,0.655,0.655,0.655
1755016142,10,0.2,0.0,4422.392017107733,,,0.69,0.655,0.655,0.655
1755016143,10,0.2,0.0,6947.211071434511,,,0.69,0.655,0.655,0.655
1755016144,10,0.2,0.0,3604.395950847417,,,0.69,0.655,0.655,0.655
1755016145,10,0.2,4623.0790979397125,4353.830597852502,0.9417599192263006,safe,0.69,0.655,0.655,0.655
1755016146,10,0.2,0.0,878.8144190102794,,,0.69,0.655,0.655,0.655
1755016147,10,0.2,0.0,709.6603182970147,,,0.69,0.655,0.655,0.655
1755016148,10,0.2,3038.2,2733.466533227096,0.8996993394862406,safe,0.69,0.655,0.655,0.655
1755016149,10,0.2,2936.9999999999995,2677.2458200784167,0.9115579911741292,safe,0.69,0.655,0.655,0.655
1755016150,10,0.2,0.0,4050.85701165814,,,0.69,0.655,0.655,0.655
1755016151,10,0.2,0.0,882.6480469353846,,,0.69,0.655,0.655,0.655
1755016152,10,0.2,0.0,4594.247067001714,,,0.69,0.655,0.655,0.655
1755016153,10,0.2,5507.319639718211,5505.982346967503,0.9997571790202509,safe,0.69,0.655,0.655,0.655
1755016154,10,0.2,0.0,5888.461928343984,,,0.69,0.655,0.655,0.655
1755016155,10,0.2,0.0,2864.512536958284,,,0.69,0.655,0.655,0.655
1755016156,10,0.2,0.0,1160.4022584482257,,,0.69,0.655,0.655,0.655
1755016157,10,0.2,0.0,7786.37564679503,,,0.69,0.655,0.655,0.655
1755016158,10,0.2,3520.0,3205.8075739587075,0.910740788056451,safe,0.69,0.655,0.655,0.655
1755016159,10,0.2,0.0,910.9614700409091,,,0.69,0.655,0.655,0.655
1755016160,10,0.2,0.0,870.3016304510093,,,0.69,0.655,0.655,0.655
1755016161,10,0.2,2679.6,2527.3009036476324,0.9431634959126856,safe,0.69,0.655,0.655,0.655
1755016162,10,0.2,2965.6,2792.665977793089,0.9416866663720964,safe,0.69,0.655,0.655,0.655
1755016163,10,0.2,0.0,402.83921763810577,,,0.69,0.655,0.655,0.655
1755016164,10,0.2,0.0,1399.4980443710858,,,0.69,0.655,0.655,0.655
1755016165,10,0.2,0.0,4071.598112468022,,,0.69,0.655,0.655,0.655
1755016166,10,0.2,0.0,1521.7294790676533,,,0.69,0.655,0.655,0.655
1755016167,10,0.2,1033.0536498945162,963.9739158406956,0.933130545484376,safe,0.69,0.655,0.655,0.655
1755016168,10,0.2,0.0,3270.988921906493,,,0.69,0.655,0.655,0.655
1755016169,10,0.2,3165.8,2967.015894393513,0.9372088869775452,safe,0.69,0.655,0.655,0.655
1755016170,10,0.2,0.0,3225.988311323279,,,0.69,0.655,0.655,0.655
1755016171,10,0.2,0.0,6893.952277863216,,,0.69,0.655,0.655,0.655
1755016172,10,0.2,0.0,3808.2510468743567,,,0.69,0.655,0.655,0.655
1755016173,10,0.2,2910.417433872992,2723.5254643784738,0.9357851669937894,safe,0.69,0.655,0.655,0.655
1755016174,10,0.2,0.0,8890.955814949819,,,0.69,0.655,0.655,0.655
1755016175,10,0.2,836.0,690.9244712246509,0.8264646784983862,safe,0.69,0.655,0.655,0.655
1755016176,10,0.2,0.0,3073.196033887172,,,0.69,0.655,0.655,0.655
1755016177,10,0.2,0.0,1133.288828701399,,,0.69,0.655,0.655,0.655
1755016178,10,0.2,0.0,5176.125891111686,,,0.69,0.655,0.655,0.655
1755016179,10,0.2,0.0,3682.915541122668,,,0.69,0.655,0.655,0.655
1755016180,10,0.2,0.0,5049.752388470701,,,0.69,0.655,0.655,0.655
1755016181,10,0.2,0.0,1139.285420728922,,,0.69,0.655,0.655,0.655
1755016182,10,0.2,0.0,6595.636663055622,,,0.69,0.655,0.655,0.655
1755016183,10,0.2,0.0,3003.3054559699767,,,0.69,0.655,0.655,0.655
1755016184,10,0.2,4988.065142862259,4925.759451134043,0.987509046104305,safe,0.69,0.655,0.655,0.655
1755016185,10,0.2,4405.9981474671295,4268.206142560165,0.9687262680793052,safe,0.69,0.655,0.655,0.655
1755016186,10,0.2,0.0,422.7467060051361,,,0.69,0.655,0.655,0.655
1755016187,10,0.2,0.0,6751.594816778554,,,0.69,0.655,0.655,0.655
1755016188,10,0.2,0.0,4825.780163353848,,,0.69,0.655,0.655,0.655
1755016189,10,0.2,0.0,950.746696860122,,,0.69,0.655,0.655,0.655
1755016190,10,0.2,0.0,2333.663311406722,,,0.69,0.655,0.655,0.655
1755016191,10,0.2,0.0,3219.8630316465424,,,0.69,0.655,0.655,0.655
1755016192,10,0.2,0.0,1071.7913499424983,,,0.69,0.655,0.655,0.655
1755016193,10,0.2,3139.4,2846.508678324365,0.9067046818896493,safe,0.69,0.655,0.655,0.655
1755016194,10,0.2,0.0,2811.98481432318,,,0.69,0.655,0.655,0.655
1755016195,10,0.2,0.0,4824.700159121613,,,0.69,0.655,0.655,0.655
1755016196,10,0.2,0.0,5828.468963623727,,,0.69,0.655,0.655,0.655
1755016197,10,0.2,3792.7999999999993,3357.4832247227314,0.885225486374903,safe,0.69,0.655,0.655,0.655
1755016198,10,0.2,0.0,3009.041914842608,,,0.69,0.655,0.655,0.655
1755016199,10,0.2,3568.4,3199.171986157924,0.8965284122177793,safe,0.69,0.655,0.655,0.655
1755016200,10,0.2,2679.6000000000004,2540.5282798676167,0.9480998208193822,safe,0.69,0.655,0.655,0.655
1755016201,10,0.2,0.0,3452.2235595236707,,,0.69,0.655,0.655,0.655
1755016202,10,0.2,0.0,1611.830203428403,,,0.69,0.655,0.655,0.655
1755016203,10,0.2,3051.4,2850.1530771573307,0.9340476755447764,safe,0.69,0.655,0.655,0.655
1755016204,10,0.2,0.0,1126.548851897729,,,0.69,0.655,0.655,0.655
1755016205,10,0.2,0.0,3274.5581547997426,,,0.69,0.655,0.655,0.655
1755016206,10,0.2,0.0,2638.5788036959966,,,0.69,0.655,0.655,0.655
1755016207,10,0.2,0.0,968.9749957502216,,,0.69,0.655,0.655,0.655
1755016208,10,0.2,0.0,1341.4444969798787,,,0.69,0.655,0.655,0.655
1755016209,10,0.2,3287.185389893806,2994.168284680301,0.9108607910845664,safe,0.69,0.655,0.655,0.655
1755016210,10,0.2,3341.8,3042.478880862138,0.9104311690891548,safe,0.65,0.655,0.655,0.655
1755016211,10,0.2,0.0,1071.7888257813263,,,0.65,0.655,0.655,0.655
1755016212,10,0.2,0.0,3138.4544272572457,,,0.65,0.655,0.655,0.655
1755016213,10,0.2,0.0,4881.187339926051,,,0.65,0.655,0.655,0.655
1755016214,10,0.2,0.0,2868.741759243268,,,0.65,0.655,0.655,0.655
1755016215,10,0.2,4458.067948496392,4261.5604086313615,0.9559209186276963,safe,0.65,0.655,0.655,0.655
1755016216,10,0.2,0.0,712.1425786506497,,,0.65,0.655,0.655,0.655
1755016217,10,0.2,0.0,2944.949947376584,,,0.65,0.655,0.655,0.655
1755016218,10,0.2,0.0,912.5764866893368,,,0.65,0.655,0.655,0.655
1755016219,10,0.2,2893.0,2624.385426908545,0.907150164849134,safe,0.65,0.655,0.655,0.655
1755016220,10,0.2,3217.452615899424,2950.93633286819,0.9171654364964966,safe,0.65,0.655,0.655,0.655
1755016221,10,0.2,4188.257787551507,4159.717890084838,0.9931857352354247,safe,0.65,0.655,0.655,0.655
1755016222,10,0.2,0.0,4983.553246702926,,,0.65,0.655,0.655,0.655
1755016223,10,0.2,3476.0,3246.272462106019,0.9339103745989698,safe,0.65,0.655,0.655,0.655
1755016224,10,0.2,0.0,457.1885009917765,,,0.65,0.655,0.655,0.655
1755016225,10,0.2,5525.470784143242,5437.30009792879,0.984042864461888,safe,0.65,0.655,0.655,0.655
1755016226,10,0.2,0.0,3103.593970184079,,,0.65,0.655,0.655,0.655
1755016227,10,0.2,0.0,1279.4176515871195,,,0.65,0.655,0.655,0.655
1755016228,10,0.2,0.0,4696.607722567051,,,0.65,0.655,0.655,0.655
1755016229,10,0.2,0.0,2360.9819048112386,,,0.65,0.655,0.655,0.655
1755016230,10,0.2,0.0,1053.615641276987,,,0.65,0.655,0.655,0.655
1755016231,10,0.2,2857.8,2640.999194888369,0.9241371666625968,safe,0.65,0.655,0.655,0.655
1755016232,10,0.2,0.0,518.8807826734519,,,0.65,0.655,0.655,0.655
1755016233,10,0.2,0.0,2958.602390620965,,,0.65,0.655,0.655,0.655
1755016234,10,0.2,0.0,644.2258306749973,,,0.65,0.655,0.655,0.655
1755016235,10,0.2,0.0,546.6364445811832,,,0.65,0.655,0.655,0.655
1755016236,10,0.2,0.0,6122.302087767515,,,0.65,0.655,0.655,0.655
1755016237,10,0.2,4282.190321973758,4119.120297166962,0.9619190151427848,safe,0.65,0.655,0.655,0.655
1755016238,10,0.2,3491.4,2998.639918547993,0.8588646154975063,safe,0.65,0.655,0.655,0.655
1755016239,10,0.2,0.0,1260.5931474746612,,,0.65,0.655,0.655,0.655
1755016240,10,0.2,0.0,5649.064596441225,,,0.65,0.655,0.655,0.655
1755016241,10,0.2,4701.092795544073,4556.970871587157,0.9693428889356276,safe,0.65,0.655,0.655,0.655
1755016242,10,0.2,0.0,655.9815549020832,,,0.65,0.655,0.655,0.655
1755016243,10,0.2,0.0,852.986217261071,,,0.65,0.655,0.655,0.655
1755016244,10,0.2,0.0,387.7084875730078,,,0.65,0.655,0.655,0.655
1755016245,10,0.2,0.0,4901.676034343205,,,0.65,0.655,0.655,0.655
1755016246,10,0.2,0.0,4950.575901753826,,,0.65,0.655,0.655,0.655
1755016247,10,0.2,0.0,2940.3021565710487,,,0.65,0.655,0.655,0.655
1755016248,10,0.2,3456.2000000000003,3164.391975490289,0.9155696937359784,safe,0.65,0.655,0.655,0.655
1755016249,10,0.2,3016.2,2689.684152486493,0.8917459559997658,safe,0.65,0.655,0.655,0.655
1755016250,10,0.2,0.0,3125.416977462286,,,0.65,0.655,0.655,0.655
1755016251,10,0.2,0.0,1187.0347185057271,,,0.65,0.655,0.655,0.655
1755016252,10,0.2,0.0,5961.609334424589,,,0.65,0.655,0.655,0.655
1755016253,10,0.2,0.0,1684.9416292081296,,,0.65,0.655,0.655,0.655
1755016254,10,0.2,2501.4,2345.346909846269,0.9376137002663588,safe,0.65,0.655,0.655,0.655
1755016255,10,0.2,0.0,2734.129836506536,,,0.65,0.655,0.655,0.655
1755016256,10,0.2,0.0,1451.4521720395423,,,0.65,0.655,0.655,0.655
1755016257,10,0.2,4610.457597220236,4482.693611089024,0.9722882201089444,safe,0.65,0.655,0.655,0.655
1755016258,10,0.2,0.0,981.3642377739598,,,0.65,0.655,0.655,0.655
1755016259,10,0.2,0.0,3644.406871627967,,,0.65,0.655,0.655,0.655
1755016260,10,0.2,3957.7622231663368,3778.3646861776288,0.9546719770231208,safe,0.65,0.655,0.655,0.655
1755016261,10,0.2,0.0,3644.3323788301714,,,0.65,0.655,0.655,0.655
1755016262,10,0.2,0.0,4695.729131976608,,,0.65,0.655,0.655,0.655
1755016263,10,0.2,0.0,4467.064889027075,,,0.65,0.655,0.655,0.655
1755016264,10,0.2,3058.0,2875.963594958186,0.9404720716017614,safe,0.65,0.655,0.655,0.655
1755016265,10,0.2,4510.066636115604,4250.022904671379,0.9423414879589912,safe,0.65,0.655,0.655,0.655
1755016266,10,0.2,741.4000000000001,688.6647886898404,0.9288707697462104,safe,0.65,0.655,0.655,0.655
1755016267,10,0.2,0.0,2728.9212923365703,,,0.65,0.655,0.655,0.655
1755016268,10,0.2,0.0,1409.2054444588357,,,0.65,0.655,0.655,0.655
1755016269,10,0.2,0.0,1003.8448162254936,,,0.65,0.655,0.655,0.655
1755016270,10,0.2,0.0,725.7085122799217,,,0.65,0.655,0.655,0.655
1755016271,10,0.2,2789.6,2564.5477150391125,0.919324532205016,safe,0.65,0.655,0.655,0.655
1755016272,10,0.2,3365.9999999999995,3008.9093021036947,0.8939124486344905,safe,0.65,0.655,0.655,0.655
1755016273,10,0.2,3106.4,2882.375650255359,0.9278829675043004,safe,0.65,0.655,0.655,0.655
1755016274,10,0.2,6887.36261504414,6785.65512225641,0.985232737337574,safe,0.65,0.655,0.655,0.655
1755016275,10,0.2,2560.8,2425.300796523108,0.9470871589046816,safe,0.65,0.655,0.655,0.655
1755016276,10,0.2,2560.638581991676,2407.286838781076,0.9401119141572404,safe,0.65,0.655,0.655,0.655
1755016277,10,0.2,0.0,1018.468356689692,,,0.65,0.655,0.655,0.655
1755016278,10,0.2,2875.4,2666.117403945276,0.9272161799907058,safe,0.65,0.655,0.655,0.655
1755016279,10,0.2,4158.259157433897,4074.790193335088,0.979926945161754,safe,0.65,0.655,0.655,0.655
1755016280,10,0.2,0.0,1383.202703918505,,,0.65,0.655,0.655,0.655
1755016281,10,0.2,2727.9999999999995,2614.997338197514,0.9585767368759218,safe,0.65,0.655,0.655,0.655
1755016282,10,0.2,0.0,3010.886156016102,,,0.65,0.655,0.655,0.655
1755016283,10,0.2,0.0,2738.9268189601426,,,0.65,0.655,0.655,0.655
1755016284,10,0.2,803.9583693331218,795.2012486569984,0.9891074948527652,safe,0.65,0.655,0.655,0.655
1755016285,10,0.2,0.0,4194.702042554738,,,0.65,0.655,0.655,0.655
1755016286,10,0.2,2937.0,2743.1334046731936,0.933991625697376,safe,0.65,0.655,0.655,0.655
1755016287,10,0.2,0.0,2354.3062117604563,,,0.65,0.655,0.655,0.655
1755016288,10,0.2,2736.8,2555.770880473883,0.9338537271535674,safe,0.65,0.655,0.655,0.655
1755016289,10,0.2,0.0,1262.320898996688,,,0.65,0.655,0.655,0.655
1755016290,10,0.2,3669.592814668106,3221.021913166609,0.8777600338357792,safe,0.65,0.655,0.655,0.655
1755016291,10,0.2,2919.38799894701,2679.220097400668,0.917733476457063,safe,0.65,0.655,0.655,0.655
1755016292,10,0.2,0.0,4965.989194239723,,,0.65,0.655,0.655,0.655
1755016293,10,0.2,0.0,3237.8506088570584,,,0.65,0.655,0.655,0.655
1755016294,10,0.2,0.0,3248.26942557907,,,0.65,0.655,0.655,0.655
1755016295,10,0.2,0.0,1403.539776739718,,,0.65,0.655,0.655,0.655
1755016296,10,0.2,0.0,4556.027976968568,,,0.65,0.655,0.655,0.655
1755016297,10,0.2,0.0,936.9667345914949,,,0.65,0.655,0.655,0.655
1755016298,10,0.2,0.0,1277.402444258851,,,0.65,0.655,0.655,0.655
1755016299,10,0.2,4226.740950934906,4014.028036834825,0.9496744852430496,safe,0.65,0.655,0.655,0.655
1755016300,10,0.2,0.0,5115.421062499758,,,0.65,0.655,0.655,0.655
1755016301,10,0.2,0.0,4525.7352130379,,,0.65,0.655,0.655,0.655
1755016302,10,0.2,0.0,712.3263327935492,,,0.65,0.655,0.655,0.655
1755016303,10,0.2,0.0,4742.427143104847,,,0.65,0.655,0.655,0.655
1755016304,10,0.2,0.0,4474.744991053604,,,0.65,0.655,0.655,0.655
1755016305,10,0.2,0.0,4551.347781504193,,,0.65,0.655,0.655,0.655
1755016306,10,0.2,0.0,4318.436142625375,,,0.65,0.655,0.655,0.655
1755016307,10,0.2,0.0,3190.823860098222,,,0.65,0.655,0.655,0.655
1755016308,10,0.2,0.0,3319.3208569386043,,,0.65,0.655,0.655,0.655
1755016309,10,0.2,3295.6000000000004,2858.358725025369,0.8673257449403353,safe,0.65,0.655,0.655,0.655
1755016310,10,0.2,0.0,2603.9134411010564,,,0.63,0.655,0.655,0.655
1755016311,10,0.2,0.0,4616.700054595924,,,0.63,0.655,0.655,0.655
1755016312,10,0.2,0.0,4816.830830126506,,,0.63,0.655,0.655,0.655
1755016313,10,0.2,0.0,3114.928442412965,,,0.63,0.655,0.655,0.655
1755016314,10,0.2,3011.8,2725.357370446836,0.9048932101888691,safe,0.63,0.655,0.655,0.655
1755016315,10,0.2,0.0,5286.450884604943,,,0.63,0.655,0.655,0.655
1755016316,10,0.2,0.0,6136.373076804332,,,0.63,0.655,0.655,0.655
1755016317,10,0.2,0.0,4143.265756284438,,,0.63,0.655,0.655,0.655
1755016318,10,0.2,4651.388355350446,4354.763484806637,0.9362287455093696,safe,0.63,0.655,0.655,0.655
1755016319,10,0.2,3143.8,2772.065843745433,0.8817564233556313,safe,0.63,0.655,0.655,0.655
1755016320,10,0.2,0.0,608.3424494426804,,,0.63,0.655,0.655,0.655
1755016321,10,0.2,4525.992520826321,4309.850608267536,0.9522443062899,safe,0.63,0.655,0.655,0.655
1755016322,10,0.2,0.0,802.4818118229741,,,0.63,0.655,0.655,0.655
1755016323,10,0.2,2644.4,2522.723875657656,0.9539872468830946,safe,0.63,0.655,0.655,0.655
1755016324,10,0.2,4475.620854654039,4303.827387761825,0.9616157238355942,safe,0.63,0.655,0.655,0.655
1755016325,10,0.2,358.6,311.4242948906696,0.8684447710280803,safe,0.63,0.655,0.655,0.655
1755016326,10,0.2,0.0,4823.706230754338,,,0.63,0.655,0.655,0.655
1755016327,10,0.2,3259.6427300417595,3018.6641880737443,0.926072099943012,safe,0.63,0.655,0.655,0.655
1755016328,10,0.2,0.0,7510.958164661984,,,0.63,0.655,0.655,0.655
1755016329,10,0.2,0.0,5607.411103226303,,,0.63,0.655,0.655,0.655
1755016330,10,0.2,0.0,2757.215780095121,,,0.63,0.655,0.655,0.655
1755016331,10,0.2,0.0,2746.2785630411186,,,0.63,0.655,0.655,0.655
1755016332,10,0.2,0.0,1618.2868138798983,,,0.63,0.655,0.655,0.655
1755016333,10,0.2,0.0,885.3305288522447,,,0.63,0.655,0.655,0.655
1755016334,10,0.2,0.0,6149.072800942988,,,0.63,0.655,0.655,0.655
1755016335,10,0.2,0.0,1020.1357080536108,,,0.63,0.655,0.655,0.655
1755016336,10,0.2,0.0,4532.034232815828,,,0.63,0.655,0.655,0.655
1755016337,10,0.2,0.0,3150.476416873142,,,0.63,0.655,0.655,0.655
1755016338,10,0.2,2741.2,2558.93818031512,0.9335102073234788,safe,0.63,0.655,0.655,0.655
1755016339,10,0.2,0.0,2794.327403495554,,,0.63,0.655,0.655,0.655
1755016340,10,0.2,0.0,3221.037664008647,,,0.63,0.655,0.655,0.655
1755016341,10,0.2,0.0,1225.1770879217183,,,0.63,0.655,0.655,0.655
1755016342,10,0.2,2796.2,2635.15649360538,0.9424062991221588,safe,0.63,0.655,0.655,0.655
1755016343,10,0.2,0.0,1349.4949096941273,,,0.63,0.655,0.655,0.655
1755016344,10,0.2,0.0,2386.142811610798,,,0.63,0.655,0.655,0.655
1755016345,10,0.2,3262.5999999999995,3052.2786770118983,0.9355356700214242,safe,0.63,0.655,0.655,0.655
1755016346,10,0.2,0.0,3169.7179792017705,,,0.63,0.655,0.655,0.655
1755016347,10,0.2,0.0,6274.384449682751,,,0.63,0.655,0.655,0.655
1755016348,10,0.2,0.0,3948.287997797679,,,0.63,0.655,0.655,0.655
1755016349,10,0.2,0.0,1380.6570936022326,,,0.63,0.655,0.655,0.655
1755016350,10,0.2,0.0,1950.7098989527467,,,0.63,0.655,0.655,0.655
1755016351,10,0.2,2915.0,2634.192121242094,0.9036679661207868,safe,0.63,0.655,0.655,0.655
1755016352,10,0.2,0.0,753.6278234531876,,,0.63,0.655,0.655,0.655
1755016353,10,0.2,0.0,869.2089886658578,,,0.63,0.655,0.655,0.655
1755016354,10,0.2,0.0,2427.2950296978643,,,0.63,0.655,0.655,0.655
1755016355,10,0.2,2890.8,2695.637113865049,0.9324882779386496,safe,0.63,0.655,0.655,0.655
1755016356,10,0.2,0.0,1870.5970584601216,,,0.63,0.655,0.655,0.655
1755016357,10,0.2,0.0,7281.578481246397,,,0.63,0.655,0.655,0.655
1755016358,10,0.2,3922.6,3279.606490283433,0.836079766043806,safe,0.63,0.655,0.655,0.655
1755016359,10,0.2,0.0,2756.899456606923,,,0.63,0.655,0.655,0.655
1755016360,10,0.2,0.0,4825.610150577879,,,0.63,0.655,0.655,0.655
1755016361,10,0.2,0.0,907.82729194043,,,0.63,0.655,0.655,0.655
1755016362,10,0.2,0.0,662.6893021392391,,,0.63,0.655,0.655,0.655
1755016363,10,0.2,0.0,5011.426259363187,,,0.63,0.655,0.655,0.655
1755016364,10,0.2,0.0,3357.538354187007,,,0.63,0.655,0.655,0.655
1755016365,10,0.2,4835.716411073323,4441.124114232251,0.9184004471524644,safe,0.63,0.655,0.655,0.655
1755016366,10,0.2,3418.8,3021.80225454539,0.88387804333257,safe,0.63,0.655,0.655,0.655
1755016367,10,0.2,5460.850354297301,5443.427577887633,0.9968095122042744,safe,0.63,0.655,0.655,0.655
1755016368,10,0.2,0.0,8461.400392157662,,,0.63,0.655,0.655,0.655
1755016369,10,0.2,0.0,4578.021915537956,,,0.63,0.655,0.655,0.655
1755016370,10,0.2,3454.354563816897,3158.494505267736,0.914351566093363,safe,0.63,0.655,0.655,0.655
1755016371,10,0.2,0.0,109.06828808425075,,,0.63,0.655,0.655,0.655
1755016372,10,0.2,0.0,5499.217419033846,,,0.63,0.655,0.655,0.655
1755016373,10,0.2,2633.399999999999,2417.00451374994,0.9178265792321488,safe,0.63,0.655,0.655,0.655
1755016374,10,0.2,0.0,1262.6289412596789,,,0.63,0.655,0.655,0.655
1755016375,10,0.2,0.0,5843.425139241634,,,0.63,0.655,0.655,0.655
1755016376,10,0.2,3421.0,3003.618836383572,0.8779943982413246,safe,0.63,0.655,0.655,0.655
1755016377,10,0.2,0.0,2683.327324166992,,,0.63,0.655,0.655,0.655
1755016378,10,0.2,4098.14719304794,3669.959178607227,0.8955166824737073,safe,0.63,0.655,0.655,0.655
1755016379,10,0.2,3447.399999999999,2994.4876800145253,0.868622057206743,safe,0.63,0.655,0.655,0.655
1755016380,10,0.2,0.0,1375.5311553619858,,,0.63,0.655,0.655,0.655
1755016381,10,0.2,0.0,882.1248200432183,,,0.63,0.655,0.655,0.655
1755016382,10,0.2,3359.4,2959.630184381246,0.8809996381440872,safe,0.63,0.655,0.655,0.655
1755016383,10,0.2,0.0,4687.22963989917,,,0.63,0.655,0.655,0.655
1755016384,10,0.2,0.0,538.9599242971781,,,0.63,0.655,0.655,0.655
1755016385,10,0.2,0.0,2443.2385993008083,,,0.63,0.655,0.655,0.655
1755016386,10,0.2,3372.6000000000004,3083.927275396172,0.9144064743509968,safe,0.63,0.655,0.655,0.655
1755016387,10,0.2,504.9122879501996,445.194783734918,0.8817269738914106,safe,0.63,0.655,0.655,0.655
1755016388,10,0.2,3471.6000000000004,3226.555362840998,0.9294144955758143,safe,0.63,0.655,0.655,0.655
1755016389,10,0.2,4309.406070798632,4230.448570147128,0.9816778694431848,safe,0.63,0.655,0.655,0.655
1755016390,10,0.2,6219.015412229765,5910.22610583801,0.9503475573023156,safe,0.63,0.655,0.655,0.655
1755016391,10,0.2,0.0,3004.5350452045022,,,0.63,0.655,0.655,0.655
1755016392,10,0.2,0.0,5513.405381485325,,,0.63,0.655,0.655,0.655
1755016393,10,0.2,3036.0,2828.715068788875,0.9317243309581276,safe,0.63,0.655,0.655,0.655
1755016394,10,0.2,2662.0,2536.9458653390247,0.9530224888576352,safe,0.63,0.655,0.655,0.655
1755016395,10,0.2,0.0,4894.353995712374,,,0.63,0.655,0.655,0.655
1755016396,10,0.2,0.0,4894.171845153862,,,0.63,0.655,0.655,0.655
1755016397,10,0.2,7092.546479801807,7036.753991171279,0.9921336449765378,safe,0.63,0.655,0.655,0.655
1755016398,10,0.2,0.0,4341.314113071679,,,0.63,0.655,0.655,0.655
1755016399,10,0.2,2984.558082471573,2810.8995848662025,0.9418143347166624,safe,0.63,0.655,0.655,0.655
1755016400,10,0.2,3119.5999999999995,2803.6796946109243,0.898730508594347,safe,0.63,0.655,0.655,0.655
1755016401,10,0.2,0.0,670.9262370698843,,,0.63,0.655,0.655,0.655
1755016402,10,0.2,732.5999999999999,652.0556952938687,0.890056914133045,safe,0.63,0.655,0.655,0.655
1755016403,10,0.2,0.0,2718.7109008757307,,,0.63,0.655,0.655,0.655
1755016404,10,0.2,5639.262701787948,5611.038551557576,0.9949950637657964,safe,0.63,0.655,0.655,0.655
1755016405,10,0.2,0.0,488.53358803482047,,,0.63,0.655,0.655,0.655
1755016406,10,0.2,0.0,3150.772409360332,,,0.63,0.655,0.655,0.655
1755016407,10,0.2,2563.883963957261,2379.5204350474496,0.9280920932844194,safe,0.63,0.655,0.655,0.655
1755016408,10,0.2,0.0,7659.284489738304,,,0.63,0.655,0.655,0.655
1755016409,10,0.2,2710.4,2514.084232643596,0.9275694482894022,safe,0.63,0.655,0.655,0.655
1755016410,10,0.2,0.0,4376.178239876486,,,0.69,0.655,0.655,0.655
1755016411,10,0.2,0.0,657.7794748898305,,,0.69,0.655,0.655,0.655
1755016412,10,0.2,0.0,6770.948490078561,,,0.69,0.655,0.655,0.655
1755016413,10,0.2,0.0,3219.388429502258,,,0.69,0.655,0.655,0.655
1755016414,10,0.2,0.0,2812.926404137572,,,0.69,0.655,0.655,0.655
1755016415,10,0.2,0.0,3189.2878031554137,,,0.69,0.655,0.655,0.655
1755016416,10,0.2,2917.2000000000007,2545.079851185173,0.8724392743676034,safe,0.69,0.655,0.655,0.655
1755016417,10,0.2,646.8000000000001,586.1228080828705,0.9061886333996142,safe,0.69,0.655,0.655,0.655
1755016418,10,0.2,2974.4,2726.580645950269,0.9166825732753728,safe,0.69,0.655,0.655,0.655
1755016419,10,0.2,0.0,3448.855016283783,,,0.69,0.655,0.655,0.655
1755016420,10,0.2,0.0,7834.371045901962,,,0.69,0.655,0.655,0.655
1755016421,10,0.2,0.0,985.1112539476962,,,0.69,0.655,0.655,0.655
1755016422,10,0.2,3315.4000000000005,2961.842292493849,0.8933589589472911,safe,0.69,0.655,0.655,0.655
1755016423,10,0.2,0.0,4928.373982555271,,,0.69,0.655,0.655,0.655
1755016424,10,0.2,3150.4,2950.022287731917,0.9363961045365408,safe,0.69,0.655,0.655,0.655
1755016425,10,0.2,6688.337251009675,6672.906809491571,0.9976929330954754,safe,0.69,0.655,0.655,0.655
1755016426,10,0.2,0.0,1559.0001576461236,,,0.69,0.655,0.655,0.655
1755016427,10,0.2,0.0,2956.1248966884013,,,0.69,0.655,0.655,0.655
1755016428,10,0.2,5059.971914694942,4851.908860125812,0.9588805910236612,safe,0.69,0.655,0.655,0.655
1755016429,10,0.2,0.0,3946.360190470245,,,0.69,0.655,0.655,0.655
1755016430,10,0.2,0.0,4437.17833964841,,,0.69,0.655,0.655,0.655
1755016431,10,0.2,0.0,504.93171654868456,,,0.69,0.655,0.655,0.655
1755016432,10,0.2,3170.2000000000003,2827.141880427046,0.8917866003492038,safe,0.69,0.655,0.655,0.655
1755016433,10,0.2,0.0,1377.8871737519512,,,0.69,0.655,0.655,0.655
1755016434,10,0.2,0.0,4107.111404749441,,,0.69,0.655,0.655,0.655
1755016435,10,0.2,3128.4,2914.50043585835,0.9316265298102384,safe,0.69,0.655,0.655,0.655
1755016436,10,0.2,0.0,1160.3646932950214,,,0.69,0.655,0.655,0.655
1755016437,10,0.2,2937.0,2778.018575876311,0.9458694504175388,safe,0.69,0.655,0.655,0.655
1755016438,10,0.2,0.0,5989.296014251906,,,0.69,0.655,0.655,0.655
1755016439,10,0.2,4215.402057183355,4122.4864215707785,0.977958060855846,safe,0.69,0.655,0.655,0.655
1755016440,10,0.2,2558.6,2438.0712557047373,0.952892697453583,safe,0.69,0.655,0.655,0.655
1755016441,10,0.2,0.0,2517.7134334404327,,,0.69,0.655,0.655,0.655
1755016442,10,0.2,0.0,1084.3164792574537,,,0.69,0.655,0.655,0.655
1755016443,10,0.2,0.0,9655.444220136424,,,0.69,0.655,0.655,0.655
1755016444,10,0.2,0.0,854.7158994008491,,,0.69,0.655,0.655,0.655
1755016445,10,0.2,0.0,6426.351589392712,,,0.69,0.655,0.655,0.655
1755016446,10,0.2,0.0,1167.4451908273527,,,0.69,0.655,0.655,0.655
1755016447,10,0.2,0.0,3266.792753639229,,,0.69,0.655,0.655,0.655
1755016448,10,0.2,2695.032587932232,2539.748672537092,0.94238143312609,safe,0.69,0.655,0.655,0.655
1755016449,10,0.2,0.0,1747.6978388224525,,,0.69,0.655,0.655,0.655
1755016450,10,0.2,3330.8,3123.9835196940694,0.9379078658862944,safe,0.69,0.655,0.655,0.655
1755016451,10,0.2,0.0,6283.880526727065,,,0.69,0.655,0.655,0.655
1755016452,10,0.2,0.0,2955.559751143496,,,0.69,0.655,0.655,0.655
1755016453,10,0.2,0.0,505.9107394894868,,,0.69,0.655,0.655,0.655
1755016454,10,0.2,3995.28642794636,3835.939041999271,0.960116154668541,safe,0.69,0.655,0.655,0.655
1755016455,10,0.2,0.0,643.7357833564835,,,0.69,0.655,0.655,0.655
1755016456,10,0.2,3911.6,3393.368826415972,0.8675142720155362,safe,0.69,0.655,0.655,0.655
1755016457,10,0.2,0.0,441.0139981420143,,,0.69,0.655,0.655,0.655
1755016458,10,0.2,3359.4000000000005,3055.3958701224765,0.9095064208258844,safe,0.69,0.655,0.655,0.655
1755016459,10,0.2,0.0,6737.3634472547565,,,0.69,0.655,0.655,0.655
1755016460,10,0.2,3159.2000000000003,2803.6882850242114,0.8874678035655265,safe,0.69,0.655,0.655,0.655
1755016461,10,0.2,0.0,528.0997685294908,,,0.69,0.655,0.655,0.655
1755016462,10,0.2,0.0,2355.760468263327,,,0.69,0.655,0.655,0.655
1755016463,10,0.2,0.0,572.5281352091022,,,0.69,0.655,0.655,0.655
1755016464,10,0.2,0.0,1865.8421071278567,,,0.69,0.655,0.655,0.655
1755016465,10,0.2,0.0,4424.871056849201,,,0.69,0.655,0.655,0.655
1755016466,10,0.2,3829.4895141438737,3743.217827670989,0.97747175278735,safe,0.69,0.655,0.655,0.655
1755016467,10,0.2,0.0,8182.043029955239,,,0.69,0.655,0.655,0.655
1755016468,10,0.2,0.0,4282.241743608745,,,0.69,0.655,0.655,0.655
1755016469,10,0.2,0.0,4694.122719385397,,,0.69,0.655,0.655,0.655
1755016470,10,0.2,0.0,950.4968170941412,,,0.69,0.655,0.655,0.655
1755016471,10,0.2,0.0,9436.85801156918,,,0.69,0.655,0.655,0.655
1755016472,10,0.2,2679.5999999999995,2500.243799029376,0.933066054272793,safe,0.69,0.655,0.655,0.655
1755016473,10,0.2,3355.0,3090.5548070063232,0.921178780031691,safe,0.69,0.655,0.655,0.655
1755016474,10,0.2,0.0,3090.0578300462657,,,0.69,0.655,0.655,0.655
1755016475,10,0.2,0.0,3578.072714032449,,,0.69,0.655,0.655,0.655
1755016476,10,0.2,0.0,2952.4437609603337,,,0.69,0.655,0.655,0.655
1755016477,10,0.2,2598.2,2493.2182966261607,0.9595944487053194,safe,0.69,0.655,0.655,0.655
1755016478,10,0.2,0.0,4704.639396616595,,,0.69,0.655,0.655,0.655
1755016479,10,0.2,3097.361849264417,2883.121061885584,0.9308312048107288,safe,0.69,0.655,0.655,0.655
1755016480,10,0.2,704.0000000000001,633.8152465458734,0.900305747934479,safe,0.69,0.655,0.655,0.655
1755016481,10,0.2,0.0,4677.158519354924,,,0.69,0.655,0.655,0.655
1755016482,10,0.2,0.0,3264.7119089627377,,,0.69,0.655,0.655,0.655
1755016483,10,0.2,0.0,4575.220247574264,,,0.69,0.655,0.655,0.655
1755016484,10,0.2,0.0,636.035290468084,,,0.69,0.655,0.655,0.655
1755016485,10,0.2,0.0,4874.579503537228,,,0.69,0.655,0.655,0.655
1755016486,10,0.2,0.0,4916.532749370763,,,0.69,0.655,0.655,0.655
1755016487,10,0.2,0.0,6146.91992111774,,,0.69,0.655,0.655,0.655
1755016488,10,0.2,0.0,2639.096277522124,,,0.69,0.655,0.655,0.655
1755016489,10,0.2,0.0,3242.633519027639,,,0.69,0.655,0.655,0.655
1755016490,10,0.2,2725.064986718182,2485.878825309924,0.9122273551001396,safe,0.69,0.655,0.655,0.655
1755016491,10,0.2,3592.6,3185.1123674904547,0.8865758413100414,safe,0.69,0.655,0.655,0.655
1755016492,10,0.2,0.0,2155.7225775272527,,,0.69,0.655,0.655,0.655
1755016493,10,0.2,4070.6022227821823,3668.9570670695975,0.9013302863481296,safe,0.69,0.655,0.655,0.655
1755016494,10,0.2,0.0,5039.553499907477,,,0.69,0.655,0.655,0.655
1755016495,10,0.2,0.0,5005.866934438951,,,0.69,0.655,0.655,0.655
1755016496,10,0.2,0.0,538.8682849931569,,,0.69,0.655,0.655,0.655
1755016497,10,0.2,3170.2000000000003,2879.3003199018785,0.9082393287180236,safe,0.69,0.655,0.655,0.655
1755016498,10,0.2,0.0,1147.1831650678023,,,0.69,0.655,0.655,0.655
1755016499,10,0.2,673.2,605.0969004698309,0.8988367505493625,safe,0.69,0.655,0.655,0.655
1755016500,10,0.2,0.0,3901.493690211864,,,0.69,0.655,0.655,0.655
1755016501,10,0.2,1139.968021910625,1121.549958349443,0.9838433506842472,safe,0.69,0.655,0.655,0.655
1755016502,10,0.2,0.0,6826.205241625052,,,0.69,0.655,0.655,0.655
1755016503,10,0.2,0.0,2363.2717390923963,,,0.69,0.655,0.655,0.655
1755016504,10,0.2,0.0,424.5323172280591,,,0.69,0.655,0.655,0.655
1755016505,10,0.2,0.0,770.1803723532357,,,0.69,0.655,0.655,0.655
1755016506,10,0.2,3115.2,2813.6147012992296,0.9031891054504462,safe,0.69,0.655,0.655,0.655
1755016507,10,0.2,0.0,3559.777745272626,,,0.69,0.655,0.655,0.655
1755016508,10,0.2,0.0,966.9713510271686,,,0.69,0.655,0.655,0.655
1755016509,10,0.2,0.0,4756.793918344574,,,0.69,0.655,0.655,0.655
1755016510,10,0.2,0.0,203.7381835514416,,,0.69,0.655,0.655,0.655
1755016511,10,0.2,0.0,1010.5917097132406,,,0.69,0.655,0.655,0.655
1755016512,10,0.2,0.0,2838.3714407728176,,,0.69,0.655,0.655,0.655
1755016513,10,0.2,0.0,965.26137889567,,,0.69,0.655,0.655,0.655
1755016514,10,0.2,0.0,5928.7736906472655,,,0.69,0.655,0.655,0.655
1755016515,10,0.2,0.0,1210.448197866083,,,0.69,0.655,0.655,0.655
1755016516,10,0.2,0.0,3670.527577477576,,,0.69,0.655,0.655,0.655
1755016517,10,0.2,0.0,7880.524344596255,,,0.69,0.655,0.655,0.655
1755016518,10,0.2,2912.8,2604.774746916567,0.894251149037547,safe,0.69,0.655,0.655,0.655
1755016519,10,0.2,2868.8,2639.777989602826,0.9201680108766124,safe,0.69,0.655,0.655,0.655
1755016520,10,0.2,2715.9873838836074,2551.974231589936,0.939611960914506,safe,0.69,0.655,0.655,0.655
1755016521,10,0.2,0.0,6314.546592735103,,,0.69,0.655,0.655,0.655
1755016522,10,0.2,3332.999999999999,2978.6682786186,0.8936898525708371,safe,0.69,0.655,0.655,0.655
1755016523,10,0.2,2851.2000000000003,2616.047064205326,0.917524924314438,safe,0.69,0.655,0.655,0.655
1755016524,10,0.2,0.0,1349.0222661606044,,,0.69,0.655,0.655,0.655
1755016525,10,0.2,0.0,2556.5570329441543,,,0.69,0.655,0.655,0.655
1755016526,10,0.2,2725.8,2477.596045767779,0.9089427125129425,safe,0.69,0.655,0.655,0.655
1755016527,10,0.2,0.0,1067.4147352561995,,,0.69,0.655,0.655,0.655
1755016528,10,0.2,0.0,4995.879724096445,,,0.69,0.655,0.655,0.655
1755016529,10,0.2,0.0,926.4205000488816,,,0.69,0.655,0.655,0.655
1755016530,10,0.2,2646.6,2491.0610284081195,0.941230646266198,safe,0.69,0.655,0.655,0.655
1755016531,10,0.2,0.0,687.8529238999286,,,0.69,0.655,0.655,0.655
1755016532,10,0.2,2556.4,2349.656920514648,0.9191272572815868,safe,0.69,0.655,0.655,0.655
1755016533,10,0.2,2983.2,2663.306369735129,0.8927682923488633,safe,0.69,0.655,0.655,0.655
1755016534,10,0.2,2666.4,2456.8293328787986,0.921403140143564,safe,0.69,0.655,0.655,0.655
1755016535,10,0.2,0.0,8418.98149475133,,,0.69,0.655,0.655,0.655
1755016536,10,0.2,0.0,761.4765927217813,,,0.69,0.655,0.655,0.655
1755016537,10,0.2,3721.451300928704,3494.728257907176,0.939076713709797,safe,0.69,0.655,0.655,0.655
1755016538,10,0.2,3267.0,2932.539119774091,0.8976244627407686,safe,0.69,0.655,0.655,0.655
1755016539,10,0.2,0.0,6437.227749126181,,,0.69,0.655,0.655,0.655
1755016540,10,0.2,0.0,3010.9314961962414,,,0.69,0.655,0.655,0.655
1755016541,10,0.2,641.1749070425137,583.6370777635983,0.9102618822930632,safe,0.69,0.655,0.655,0.655
1755016542,10,0.2,0.0,2827.196834865087,,,0.69,0.655,0.655,0.655
1755016543,10,0.2,0.0,5839.776002850966,,,0.69,0.655,0.655,0.655
1755016544,10,0.2,0.0,3147.8367160959897,,,0.69,0.655,0.655,0.655
1755016545,10,0.2,0.0,9387.379403812054,,,0.69,0.655,0.655,0.655
1755016546,10,0.2,0.0,5304.875488924517,,,0.69,0.655,0.655,0.655
1755016547,10,0.2,0.0,5236.58211769855,,,0.69,0.655,0.655,0.655
1755016548,10,0.2,4525.753640891224,4324.991290242266,0.9556400178668534,safe,0.69,0.655,0.655,0.655
1755016549,10,0.2,0.0,5897.199480015989,,,0.69,0.655,0.655,0.655
1755016550,10,0.2,0.0,4642.752797877805,,,0.69,0.655,0.655,0.655
1755016551,10,0.2,2956.8,2737.7339220037843,0.92591109375128,safe,0.69,0.655,0.655,0.655
1755016552,10,0.2,0.0,1777.6808529010414,,,0.69,0.655,0.655,0.655
1755016553,10,0.2,0.0,4123.4897557082495,,,0.69,0.655,0.655,0.655
1755016554,10,0.2,0.0,4768.468953464126,,,0.69,0.655,0.655,0.655
1755016555,10,0.2,2648.8,2506.311071761884,0.946206233676338,safe,0.69,0.655,0.655,0.655
1755016556,10,0.2,0.0,1046.606598590905,,,0.69,0.655,0.655,0.655
1755016557,10,0.2,0.0,2928.025203228797,,,0.69,0.655,0.655,0.655
1755016558,10,0.2,0.0,2539.766608051382,,,0.69,0.655,0.655,0.655
1755016559,10,0.2,0.0,6262.398794287466,,,0.69,0.655,0.655,0.655
1755016560,10,0.2,0.0,694.2436688671296,,,0.69,0.655,0.655,0.655
1755016561,10,0.2,0.0,1187.3815800554005,,,0.69,0.655,0.655,0.655
1755016562,10,0.2,0.0,1206.3889690109809,,,0.69,0.655,0.655,0.655
1755016563,10,0.2,0.0,958.7775034703336,,,0.69,0.655,0.655,0.655
1755016564,10,0.2,0.0,4768.253982756432,,,0.69,0.655,0.655,0.655
1755016565,10,0.2,0.0,1140.9470739949086,,,0.69,0.655,0.655,0.655
1755016566,10,0.2,0.0,4521.591341409028,,,0.69,0.655,0.655,0.655
1755016567,10,0.2,4717.054402395301,4460.905028539254,0.9456971762449942,safe,0.69,0.655,0.655,0.655
1755016568,10,0.2,0.0,854.4311847232457,,,0.69,0.655,0.655,0.655
1755016569,10,0.2,5074.697963246605,4780.92905803851,0.9421110561976872,safe,0.69,0.655,0.655,0.655
1755016570,10,0.2,0.0,1202.0451493293658,,,0.69,0.655,0.655,0.655
1755016571,10,0.2,0.0,7714.749654390286,,,0.69,0.655,0.655,0.655
1755016572,10,0.2,0.0,2607.9233086742424,,,0.69,0.655,0.655,0.655
1755016573,10,0.2,0.0,995.7915392304368,,,0.69,0.655,0.655,0.655
1755016574,10,0.2,0.0,7094.775063890458,,,0.69,0.655,0.655,0.655
1755016575,10,0.2,2717.0,2559.51027801334,0.9420354354116084,safe,0.69,0.655,0.655,0.655
1755016576,10,0.2,864.5999999999999,771.8638529141735,0.8927409818577072,safe,0.69,0.655,0.655,0.655
1755016577,10,0.2,0.0,492.339960360041,,,0.69,0.655,0.655,0.655
1755016578,10,0.2,789.7662247015489,698.2687130315535,0.8841460817033899,safe,0.69,0.655,0.655,0.655
1755016579,10,0.2,3425.4,3094.1468997695115,0.9032950603636104,safe,0.69,0.655,0.655,0.655
1755016580,10,0.2,0.0,2863.518935180992,,,0.69,0.655,0.655,0.655
1755016581,10,0.2,0.0,2982.2818863175053,,,0.69,0.655,0.655,0.655
1755016582,10,0.2,2833.6,2593.069867487049,0.9151150012306074,safe,0.69,0.655,0.655,0.655
1755016583,10,0.2,0.0,5997.6629553766215,,,0.69,0.655,0.655,0.655
1755016584,10,0.2,0.0,699.1378467125724,,,0.69,0.655,0.655,0.655
1755016585,10,0.2,0.0,937.6353531215208,,,0.69,0.655,0.655,0.655
1755016586,10,0.2,0.0,285.5511057372992,,,0.69,0.655,0.655,0.655
1755016587,10,0.2,0.0,557.0573882017376,,,0.69,0.655,0.655,0.655
1755016588,10,0.2,0.0,2616.151103890642,,,0.69,0.655,0.655,0.655
1755016589,10,0.2,0.0,2817.6374212318333,,,0.69,0.655,0.655,0.655
1755016590,10,0.2,2746.73914018276,2554.5253250423,0.9300210885232916,safe,0.69,0.655,0.655,0.655
1755016591,10,0.2,0.0,2489.359696986897,,,0.69,0.655,0.655,0.655
1755016592,10,0.2,2529.9999999999995,2324.065584714949,0.9186029979110472,safe,0.69,0.655,0.655,0.655
1755016593,10,0.2,0.0,1173.575913476102,,,0.69,0.655,0.655,0.655
1755016594,10,0.2,0.0,688.685297014147,,,0.69,0.655,0.655,0.655
1755016595,10,0.2,3900.6,3472.518960433917,0.8902525151089363,safe,0.69,0.655,0.655,0.655
1755016596,10,0.2,2395.8,2325.4506058051484,0.970636366059416,safe,0.69,0.655,0.655,0.655
1755016597,10,0.2,0.0,1141.2915793093323,,,0.69,0.655,0.655,0.655
1755016598,10,0.2,0.0,3315.5081221091905,,,0.69,0.655,0.655,0.655
1755016599,10,0.2,3568.4,3175.403662546436,0.8898676332660117,safe,0.69,0.655,0.655,0.655
1755016600,10,0.2,0.0,952.2191595055374,,,0.69,0.655,0.655,0.655
1755016601,10,0.2,0.0,4217.269606267008,,,0.69,0.655,0.655,0.655
1755016602,10,0.2,0.0,1085.6351977137383,,,0.69,0.655,0.655,0.655
1755016603,10,0.2,0.0,5366.462425199914,,,0.69,0.655,0.655,0.655
1755016604,10,0.2,2686.2,2481.343911874904,0.9237375891128374,safe,0.69,0.655,0.655,0.655
1755016605,10,0.2,0.0,6199.682609530319,,,0.69,0.655,0.655,0.655
1755016606,10,0.2,0.0,4735.221192509751,,,0.69,0.655,0.655,0.655
1755016607,10,0.2,0.0,1441.9346138196488,,,0.69,0.655,0.655,0.655
1755016608,10,0.2,3051.4,2800.86031716576,0.9178935299094708,safe,0.69,0.655,0.655,0.655
1755016609,10,0.2,4122.730442648609,4003.973843027613,0.9711946727361828,safe,0.69,0.655,0.655,0.655
1755016610,10,0.2,0.0,3537.8519779837225,,,0.67,0.655,0.655,0.655
1755016611,10,0.2,0.0,912.8282567649176,,,0.67,0.655,0.655,0.655
1755016612,10,0.2,0.0,922.608072451454,,,0.67,0.655,0.655,0.655
1755016613,10,0.2,0.0,4930.915011181263,,,0.67,0.655,0.655,0.655
1755016614,10,0.2,0.0,7737.893375593208,,,0.67,0.655,0.655,0.655
1755016615,10,0.2,0.0,3234.7134500844104,,,0.67,0.655,0.655,0.655
1755016616,10,0.2,0.0,4951.574402616421,,,0.67,0.655,0.655,0.655
1755016617,10,0.2,2846.6648108521213,2554.9219526518546,0.8975141516176833,safe,0.67,0.655,0.655,0.655
1755016618,10,0.2,5172.405402990765,5106.794301882386,0.9873151665431248,safe,0.67,0.655,0.655,0.655
1755016619,10,0.2,0.0,7914.105595512829,,,0.67,0.655,0.655,0.655
1755016620,10,0.2,0.0,605.7421266265101,,,0.67,0.655,0.655,0.655
1755016621,10,0.2,0.0,4992.54700770491,,,0.67,0.655,0.655,0.655
1755016622,10,0.2,0.0,6080.513256386272,,,0.67,0.655,0.655,0.655
1755016623,10,0.2,0.0,6318.348201881396,,,0.67,0.655,0.655,0.655
1755016624,10,0.2,0.0,4872.074120030558,,,0.67,0.655,0.655,0.655
1755016625,10,0.2,0.0,1301.424519464461,,,0.67,0.655,0.655,0.655
1755016626,10,0.2,0.0,1276.3953252726787,,,0.67,0.655,0.655,0.655
1755016627,10,0.2,943.8,820.5571915600322,0.8694185119305278,safe,0.67,0.655,0.655,0.655
1755016628,10,0.2,4571.698589118061,4344.807100680599,0.9503704183435172,safe,0.67,0.655,0.655,0.655
1755016629,10,0.2,4182.195117447394,4003.2966385812288,0.9572237846771348,safe,0.67,0.655,0.655,0.655
1755016630,10,0.2,0.0,2680.886824770113,,,0.67,0.655,0.655,0.655
1755016631,10,0.2,0.0,2606.752529258617,,,0.67,0.655,0.655,0.655
1755016632,10,0.2,2840.2,2654.168579363174,0.9345005912834216,safe,0.67,0.655,0.655,0.655
1755016633,10,0.2,3377.0,3098.3620254037087,0.917489495233553,safe,0.67,0.655,0.655,0.655
1755016634,10,0.2,0.0,4132.753618002468,,,0.67,0.655,0.655,0.655
1755016635,10,0.2,2952.4,2644.3834182399414,0.895672476033038,safe,0.67,0.655,0.655,0.655
1755016636,10,0.2,2895.2,2699.848016799689,0.9325255653494368,safe,0.67,0.655,0.655,0.655
1755016637,10,0.2,0.0,2542.83216058751,,,0.67,0.655,0.655,0.655
1755016638,10,0.2,0.0,1668.717824448977,,,0.67,0.655,0.655,0.655
1755016639,10,0.2,0.0,950.8919102154324,,,0.67,0.655,0.655,0.655
1755016640,10,0.2,0.0,2800.0385309708363,,,0.67,0.655,0.655,0.655
1755016641,10,0.2,3126.132381636001,2844.741224722244,0.9099874469274726,safe,0.67,0.655,0.655,0.655
1755016642,10,0.2,0.0,3099.658266879899,,,0.67,0.655,0.655,0.655
1755016643,10,0.2,0.0,878.0581379915982,,,0.67,0.655,0.655,0.655
1755016644,10,0.2,0.0,969.5531470529312,,,0.67,0.655,0.655,0.655
1755016645,10,0.2,4482.631779389414,4337.793012123092,0.9676888992015198,safe,0.67,0.655,0.655,0.655
1755016646,10,0.2,3622.730598344031,3558.5389894841883,0.9822808770574368,safe,0.67,0.655,0.655,0.655
1755016647,10,0.2,0.0,1136.6993613214645,,,0.67,0.655,0.655,0.655
1755016648,10,0.2,0.0,3593.287183694745,,,0.67,0.655,0.655,0.655
1755016649,10,0.2,1044.8736647429946,1005.339649287962,0.9621638320602552,safe,0.67,0.655,0.655,0.655
1755016650,10,0.2,2985.3999999999987,2797.619398210023,0.9371003544617218,safe,0.67,0.655,0.655,0.655
1755016651,10,0.2,0.0,2539.989035863324,,,0.67,0.655,0.655,0.655
1755016652,10,0.2,0.0,902.2508782285158,,,0.67,0.655,0.655,0.655
1755016653,10,0.2,0.0,1020.5616301583724,,,0.67,0.655,0.655,0.655
1755016654,10,0.2,2714.8,2513.5633653271,0.9258742321081112,safe,0.67,0.655,0.655,0.655
1755016655,10,0.2,0.0,8724.565203360282,,,0.67,0.655,0.655,0.655
1755016656,10,0.2,0.0,2448.0925163836905,,,0.67,0.655,0.655,0.655
1755016657,10,0.2,0.0,4384.636625203708,,,0.67,0.655,0.655,0.655
1755016658,10,0.2,3423.2,2942.049177522173,0.8594441392621447,safe,0.67,0.655,0.655,0.655
1755016659,10,0.2,3260.4,3023.879749167958,0.9274566768396386,safe,0.67,0.655,0.655,0.655
1755016660,10,0.2,0.0,439.8731892416217,,,0.67,0.655,0.655,0.655
1755016661,10,0.2,0.0,5827.822060103064,,,0.67,0.655,0.655,0.655
1755016662,10,0.2,0.0,853.1594902173238,,,0.67,0.655,0.655,0.655
1755016663,10,0.2,3066.8,2742.559981223858,0.894274155870568,safe,0.67,0.655,0.655,0.655
1755016664,10,0.2,5359.224656872602,5242.936509860962,0.9783013113916555,safe,0.67,0.655,0.655,0.655
1755016665,10,0.2,0.0,2342.530175015288,,,0.67,0.655,0.655,0.655
1755016666,10,0.2,0.0,899.8435225048179,,,0.67,0.655,0.655,0.655
1755016667,10,0.2,0.0,1382.8865280368957,,,0.67,0.655,0.655,0.655
1755016668,10,0.2,892.1902241795256,802.5546179681285,0.8995330773839989,safe,0.67,0.655,0.655,0.655
1755016669,10,0.2,0.0,1330.085121378579,,,0.67,0.655,0.655,0.655
1755016670,10,0.2,0.0,1100.5368548559063,,,0.67,0.655,0.655,0.655
1755016671,10,0.2,0.0,1184.7842759091002,,,0.67,0.655,0.655,0.655
1755016672,10,0.2,726.0000000000002,614.0242628919077,0.8457634475095145,safe,0.67,0.655,0.655,0.655
1755016673,10,0.2,0.0,2447.0913276906435,,,0.67,0.655,0.655,0.655
1755016674,10,0.2,0.0,860.1775931366428,,,0.67,0.655,0.655,0.655
1755016675,10,0.2,0.0,581.7018012664861,,,0.67,0.655,0.655,0.655
1755016676,10,0.2,0.0,6763.618615963904,,,0.67,0.655,0.655,0.655
1755016677,10,0.2,3302.2000000000003,2980.984582511155,0.9027268434713692,safe,0.67,0.655,0.655,0.655
1755016678,10,0.2,0.0,4193.35627820813,,,0.67,0.655,0.655,0.655
1755016679,10,0.2,5962.499838869282,5888.359630985506,0.9875655832474058,safe,0.67,0.655,0.655,0.655
1755016680,10,0.2,0.0,4921.329482071378,,,0.67,0.655,0.655,0.655
1755016681,10,0.2,0.0,4385.6867160535,,,0.67,0.655,0.655,0.655
1755016682,10,0.2,3289.392013318195,3050.681933033148,0.9274303338372104,safe,0.67,0.655,0.655,0.655
1755016683,10,0.2,4937.158920263314,4690.072320328269,0.9499536871456696,safe,0.67,0.655,0.655,0.655
1755016684,10,0.2,2785.2,2497.521613944722,0.8967117671781999,safe,0.67,0.655,0.655,0.655
1755016685,10,0.2,0.0,6349.117396347923,,,0.67,0.655,0.655,0.655
1755016686,10,0.2,0.0,4708.769838081644,,,0.67,0.655,0.655,0.655
1755016687,10,0.2,3414.4000000000005,3064.1267920781283,0.8974129545683364,safe,0.67,0.655,0.655,0.655
1755016688,10,0.2,871.8807018309762,796.0843096890335,0.9130656384723644,safe,0.67,0.655,0.655,0.655
1755016689,10,0.2,0.0,4108.708122237211,,,0.67,0.655,0.655,0.655
1755016690,10,0.2,0.0,906.507075557398,,,0.67,0.655,0.655,0.655
1755016691,10,0.2,0.0,645.5928160290787,,,0.67,0.655,0.655,0.655
1755016692,10,0.2,0.0,1047.1902507333723,,,0.67,0.655,0.655,0.655
1755016693,10,0.2,0.0,628.7304039677238,,,0.67,0.655,0.655,0.655
1755016694,10,0.2,0.0,4654.959791219788,,,0.67,0.655,0.655,0.655
1755016695,10,0.2,3446.139308061235,3136.816262316206,0.9102407018133428,safe,0.67,0.655,0.655,0.655
1755016696,10,0.2,0.0,519.9257616466905,,,0.67,0.655,0.655,0.655
1755016697,10,0.2,0.0,3203.0262029315345,,,0.67,0.655,0.655,0.655
1755016698,10,0.2,0.0,2587.040610281314,,,0.67,0.655,0.655,0.655
1755016699,10,0.2,0.0,400.3733618666956,,,0.67,0.655,0.655,0.655
1755016700,10,0.2,0.0,636.6785229642746,,,0.67,0.655,0.655,0.655
1755016701,10,0.2,4648.714279301336,4442.055013201338,0.9555448552688728,safe,0.67,0.655,0.655,0.655
1755016702,10,0.2,0.0,2644.1867493198915,,,0.67,0.655,0.655,0.655
1755016703,10,0.2,0.0,5073.483448106097,,,0.67,0.655,0.655,0.655
1755016704,10,0.2,3284.408008045883,3000.719872172209,0.9136257933914674,safe,0.67,0.655,0.655,0.655
1755016705,10,0.2,0.0,437.0112066605502,,,0.67,0.655,0.655,0.655
1755016706,10,0.2,0.0,4700.552919795715,,,0.67,0.655,0.655,0.655
1755016707,10,0.2,0.0,2668.7402715306075,,,0.67,0.655,0.655,0.655
1755016708,10,0.2,3137.2000000000003,2774.519212090861,0.8843934757397873,safe,0.67,0.655,0.655,0.655
1755016709,10,0.2,2481.5999999999985,2366.5490747412614,0.953638408583681,safe,0.67,0.655,0.655,0.655
1755016710,10,0.2,2932.6,2760.019289737505,0.9411509546946412,safe,0.66,0.655,0.655,0.655
1755016711,10,0.2,0.0,827.3879102731476,,,0.66,0.655,0.655,0.655
1755016712,10,0.2,0.0,1594.0358996590294,,,0.66,0.655,0.655,0.655
1755016713,10,0.2,2642.2,2556.334564666846,0.9675022953095322,safe,0.66,0.655,0.655,0.655
1755016714,10,0.2,2895.2,2701.793829262548,0.9331976475761772,safe,0.66,0.655,0.655,0.655
1755016715,10,0.2,0.0,925.2555689719738,,,0.66,0.655,0.655,0.655
1755016716,10,0.2,979.653371698795,894.1934173196933,0.9127651097337546,safe,0.66,0.655,0.655,0.655
1755016717,10,0.2,4787.914192836062,4397.814602829603,0.9185241058433864,safe,0.66,0.655,0.655,0.655
1755016718,10,0.2,0.0,784.0992349331868,,,0.66,0.655,0.655,0.655
1755016719,10,0.2,0.0,2380.9273872913445,,,0.66,0.655,0.655,0.655
1755016720,10,0.2,3163.6,2833.944206487158,0.8957972583408643,safe,0.66,0.655,0.655,0.655
1755016721,10,0.2,0.0,501.97380096668473,,,0.66,0.655,0.655,0.655
1755016722,10,0.2,3071.5143689884712,2872.193879489415,0.9351067696405738,safe,0.66,0.655,0.655,0.655
1755016723,10,0.2,0.0,3185.9254156243333,,,0.66,0.655,0.655,0.655
1755016724,10,0.2,0.0,3254.294933983183,,,0.66,0.655,0.655,0.655
1755016725,10,0.2,0.0,6356.478178068704,,,0.66,0.655,0.655,0.655
1755016726,10,0.2,0.0,4758.171272150474,,,0.66,0.655,0.655,0.655
1755016727,10,0.2,6129.966040546881,6046.631304938639,0.9864053511786164,safe,0.66,0.655,0.655,0.655
1755016728,10,0.2,3465.0,3060.946903089085,0.8833901596216696,safe,0.66,0.655,0.655,0.655
1755016729,10,0.2,0.0,887.9712324859938,,,0.66,0.655,0.655,0.655
1755016730,10,0.2,0.0,2460.8382344376832,,,0.66,0.655,0.655,0.655
1755016731,10,0.2,3325.1026703829134,3016.351119414746,0.9071452578838378,safe,0.66,0.655,0.655,0.655
1755016732,10,0.2,3142.963333969234,2902.0331865928074,0.9233429977459656,safe,0.66,0.655,0.655,0.655
1755016733,10,0.2,0.0,6151.609582397883,,,0.66,0.655,0.655,0.655
1755016734,10,0.2,0.0,1004.6700300445935,,,0.66,0.655,0.655,0.655
1755016735,10,0.2,0.0,3261.968945527973,,,0.66,0.655,0.655,0.655
1755016736,10,0.2,0.0,7674.804496750014,,,0.66,0.655,0.655,0.655
1755016737,10,0.2,0.0,4703.4591862046045,,,0.66,0.655,0.655,0.655
1755016738,10,0.2,0.0,340.7918663535238,,,0.66,0.655,0.655,0.655
1755016739,10,0.2,2525.5999999999985,2468.5734586151666,0.977420596537523,safe,0.66,0.655,0.655,0.655
1755016740,10,0.2,0.0,2789.4257540469607,,,0.66,0.655,0.655,0.655
1755016741,10,0.2,0.0,2845.1296533220666,,,0.66,0.655,0.655,0.655
1755016742,10,0.2,5656.385435429083,5493.628459473603,0.9712259749952604,safe,0.66,0.655,0.655,0.655
1755016743,10,0.2,0.0,3146.2573140113573,,,0.66,0.655,0.655,0.655
1755016744,10,0.2,3165.8,2798.4017295474805,0.8839477318679261,safe,0.66,0.655,0.655,0.655
1755016745,10,0.2,0.0,666.3584428740751,,,0.66,0.655,0.655,0.655
1755016746,10,0.2,3132.8,2877.550867264563,0.9185236425129478,safe,0.66,0.655,0.655,0.655
1755016747,10,0.2,0.0,4481.267532215479,,,0.66,0.655,0.655,0.655
1755016748,10,0.2,0.0,2874.40396837785,,,0.66,0.655,0.655,0.655
1755016749,10,0.2,0.0,1664.0008816666668,,,0.66,0.655,0.655,0.655
1755016750,10,0.2,0.0,2588.756351202458,,,0.66,0.655,0.655,0.655
1755016751,10,0.2,0.0,415.7301686235333,,,0.66,0.655,0.655,0.655
1755016752,10,0.2,0.0,278.60298604440777,,,0.66,0.655,0.655,0.655
1755016753,10,0.2,0.0,928.6100414690792,,,0.66,0.655,0.655,0.655
1755016754,10,0.2,0.0,3305.169891256577,,,0.66,0.655,0.655,0.655
1755016755,10,0.2,0.0,1079.1295700868511,,,0.66,0.655,0.655,0.655
1755016756,10,0.2,0.0,4501.749496957193,,,0.66,0.655,0.655,0.655
1755016757,10,0.2,0.0,5921.35134396624,,,0.66,0.655,0.655,0.655
1755016758,10,0.2,0.0,4912.507030218607,,,0.66,0.655,0.655,0.655
1755016759,10,0.2,0.0,2577.059716580661,,,0.66,0.655,0.655,0.655
1755016760,10,0.2,3229.6,2841.113984081576,0.8797107951701684,safe,0.66,0.655,0.655,0.655
1755016761,10,0.2,0.0,2963.084795801537,,,0.66,0.655,0.655,0.655
1755016762,10,0.2,0.0,2617.8927890157465,,,0.66,0.655,0.655,0.655
1755016763,10,0.2,0.0,915.8509455317544,,,0.66,0.655,0.655,0.655
1755016764,10,0.2,3788.4,3348.875810096429,0.8839815780003244,safe,0.66,0.655,0.655,0.655
1755016765,10,0.2,0.0,3461.510288950464,,,0.66,0.655,0.655,0.655
1755016766,10,0.2,0.0,3067.696926015057,,,0.66,0.655,0.655,0.655
1755016767,10,0.2,0.0,2882.12739573772,,,0.66,0.655,0.655,0.655
1755016768,10,0.2,0.0,2506.74818143874,,,0.66,0.655,0.655,0.655
1755016769,10,0.2,0.0,3311.8147121105576,,,0.66,0.655,0.655,0.655
1755016770,10,0.2,2992.0,2762.689590929521,0.9233588204978344,safe,0.66,0.655,0.655,0.655
1755016771,10,0.2,2721.4,2503.959905204905,0.9200999137226816,safe,0.66,0.655,0.655,0.655
1755016772,10,0.2,0.0,6285.455351927711,,,0.66,0.655,0.655,0.655
1755016773,10,0.2,0.0,3379.2782852706587,,,0.66,0.655,0.655,0.655
1755016774,10,0.2,0.0,5057.783423553015,,,0.66,0.655,0.655,0.655
1755016775,10,0.2,0.0,5957.736821798039,,,0.66,0.655,0.655,0.655
1755016776,10,0.2,286.44982977109225,262.36208095361417,0.9159093624292703,safe,0.66,0.655,0.655,0.655
1755016777,10,0.2,0.0,2918.624575857364,,,0.66,0.655,0.655,0.655
1755016778,10,0.2,3394.6000000000004,3059.9935498884734,0.9014297855088884,safe,0.66,0.655,0.655,0.655
1755016779,10,0.2,0.0,9714.393500564513,,,0.66,0.655,0.655,0.655
1755016780,10,0.2,2439.8,2306.952871786976,0.945549992535034,safe,0.66,0.655,0.655,0.655
1755016781,10,0.2,4836.929231704733,4507.908169818529,0.9319772843213084,safe,0.66,0.655,0.655,0.655
1755016782,10,0.2,0.0,3378.117395765774,,,0.66,0.655,0.655,0.655
1755016783,10,0.2,0.0,6352.444331174557,,,0.66,0.655,0.655,0.655
1755016784,10,0.2,5052.479745878854,4634.463675548092,0.9172651665409,safe,0.66,0.655,0.655,0.655
1755016785,10,0.2,0.0,6971.035658679961,,,0.66,0.655,0.655,0.655
1755016786,10,0.2,0.0,849.8193531919285,,,0.66,0.655,0.655,0.655
1755016787,10,0.2,7640.884408637353,7449.757100589513,0.9749862322440336,safe,0.66,0.655,0.655,0.655
1755016788,10,0.2,5221.210677571289,5172.151252264157,0.9906038219223988,safe,0.66,0.655,0.655,0.655
1755016789,10,0.2,3286.8,2976.9747354378533,0.9057365022020972,safe,0.66,0.655,0.655,0.655
1755016790,10,0.2,0.0,3123.8654906435986,,,0.66,0.655,0.655,0.655
1755016791,10,0.2,0.0,6435.599189298344,,,0.66,0.655,0.655,0.655
1755016792,10,0.2,3685.0,3274.678815146599,0.8886509674753321,safe,0.66,0.655,0.655,0.655
1755016793,10,0.2,3058.0,2767.1062354249407,0.904874504717116,safe,0.66,0.655,0.655,0.655
1755016794,10,0.2,0.0,620.4881752500687,,,0.66,0.655,0.655,0.655
1755016795,10,0.2,2818.2,2617.598917296855,0.9288194298832072,safe,0.66,0.655,0.655,0.655
1755016796,10,0.2,507.2642064535554,480.0692841426389,0.9463890375766018,safe,0.66,0.655,0.655,0.655
1755016797,10,0.2,0.0,4442.291440809105,,,0.66,0.655,0.655,0.655
1755016798,10,0.2,0.0,5887.265490699625,,,0.66,0.655,0.655,0.655
1755016799,10,0.2,0.0,3969.631505303827,,,0.66,0.655,0.655,0.655
1755016800,10,0.2,4471.375002070641,4197.28247512425,0.9387006174119902,safe,0.66,0.655,0.655,0.655
1755016801,10,0.2,4727.903275912566,4379.514912853549,0.926312290517032,safe,0.66,0.655,0.655,0.655
1755016802,10,0.2,0.0,4869.33901180712,,,0.66,0.655,0.655,0.655
1755016803,10,0.2,0.0,402.46943719574926,,,0.66,0.655,0.655,0.655
1755016804,10,0.2,0.0,4620.103314277636,,,0.66,0.655,0.655,0.655
1755016805,10,0.2,0.0,4736.869461344527,,,0.66,0.655,0.655,0.655
1755016806,10,0.2,0.0,2859.810888779773,,,0.66,0.655,0.655,0.655
1755016807,10,0.2,0.0,989.8431581221628,,,0.66,0.655,0.655,0.655
1755016808,10,0.2,5491.155419675608,4995.263336674641,0.90969257922948,safe,0.66,0.655,0.655,0.655
1755016809,10,0.2,0.0,5316.843276235042,,,0.66,0.655,0.655,0.655
1755016810,10,0.2,0.0,711.2894346966891,,,0.64,0.655,0.655,0.655
1755016811,10,0.2,0.0,835.8716632620276,,,0.64,0.655,0.655,0.655
1755016812,10,0.2,3075.6000000000004,2845.0154522244084,0.9250277839200182,safe,0.64,0.655,0.655,0.655
1755016813,10,0.2,0.0,6965.818517940934,,,0.64,0.655,0.655,0.655
1755016814,10,0.2,2376.0,2254.3531499808178,0.9488018308000076,safe,0.64,0.655,0.655,0.655
1755016815,10,0.2,3141.4879452042787,2857.6471355741337,0.9096476527743964,safe,0.64,0.655,0.655,0.655
1755016816,10,0.2,0.0,2622.279081789744,,,0.64,0.655,0.655,0.655
1755016817,10,0.2,3379.2000000000003,3062.7358451157343,0.906349385983586,safe,0.64,0.655,0.655,0.655
1755016818,10,0.2,2849.1572903174974,2597.4939924820683,0.9116709706794092,safe,0.64,0.655,0.655,0.655
1755016819,10,0.2,0.0,4792.892396186212,,,0.64,0.655,0.655,0.655
1755016820,10,0.2,4351.00173211191,4208.903573924235,0.9673412774950328,safe,0.64,0.655,0.655,0.655
1755016821,10,0.2,0.0,2882.322760991886,,,0.64,0.655,0.655,0.655
1755016822,10,0.2,2800.600000000001,2580.9287068497288,0.9215627747088938,safe,0.64,0.655,0.655,0.655
1755016823,10,0.2,2969.2678380331745,2818.934757404524,0.9493703199478866,safe,0.64,0.655,0.655,0.655
1755016824,10,0.2,3339.5999999999995,2950.8461463899803,0.8835926896604326,safe,0.64,0.655,0.655,0.655
1755016825,10,0.2,0.0,3115.628422743812,,,0.64,0.655,0.655,0.655
1755016826,10,0.2,0.0,4372.600289997267,,,0.64,0.655,0.655,0.655
1755016827,10,0.2,0.0,2502.8199641271203,,,0.64,0.655,0.655,0.655
1755016828,10,0.2,0.0,5888.900869061997,,,0.64,0.655,0.655,0.655
1755016829,10,0.2,0.0,708.931440065943,,,0.64,0.655,0.655,0.655
1755016830,10,0.2,0.0,912.7805915323964,,,0.64,0.655,0.655,0.655
1755016831,10,0.2,671.0,590.6544043451213,0.8802599170568126,safe,0.64,0.655,0.655,0.655
1755016832,10,0.2,0.0,2276.323681651917,,,0.64,0.655,0.655,0.655
1755016833,10,0.2,2694.9999999999995,2502.8879738528485,0.9287153891847306,safe,0.64,0.655,0.655,0.655
1755016834,10,0.2,0.0,4991.968310718745,,,0.64,0.655,0.655,0.655
1755016835,10,0.2,2879.8,2704.1724360202024,0.9390139718106126,safe,0.64,0.655,0.655,0.655
1755016836,10,0.2,0.0,10205.52586088769,,,0.64,0.655,0.655,0.655
1755016837,10,0.2,0.0,884.736118358298,,,0.64,0.655,0.655,0.655
1755016838,10,0.2,0.0,2516.4475986742164,,,0.64,0.655,0.655,0.655
1755016839,10,0.2,2709.635993938761,2558.8229218884617,0.9443419439409366,safe,0.64,0.655,0.655,0.655
1755016840,10,0.2,0.0,234.42008523542967,,,0.64,0.655,0.655,0.655
1755016841,10,0.2,2732.4,2549.2647236262,0.9329764030252526,safe,0.64,0.655,0.655,0.655
1755016842,10,0.2,0.0,3142.0862465155064,,,0.64,0.655,0.655,0.655
1755016843,10,0.2,0.0,5177.337146854254,,,0.64,0.655,0.655,0.655
1755016844,10,0.2,2648.8,2438.499642281929,0.9206054221843588,safe,0.64,0.655,0.655,0.655
1755016845,10,0.2,0.0,480.0576854343508,,,0.64,0.655,0.655,0.655
1755016846,10,0.2,0.0,2684.4278306502406,,,0.64,0.655,0.655,0.655
1755016847,10,0.2,0.0,6814.008024293165,,,0.64,0.655,0.655,0.655
1755016848,10,0.2,0.0,4975.032900206614,,,0.64,0.655,0.655,0.655
1755016849,10,0.2,4094.963953528616,3863.741022948715,0.9435348068496044,safe,0.64,0.655,0.655,0.655
1755016850,10,0.2,2442.0,2288.182331055468,0.9370116015788156,safe,0.64,0.655,0.655,0.655
1755016851,10,0.2,0.0,2559.8068736557807,,,0.64,0.655,0.655,0.655
1755016852,10,0.2,3024.999999999999,2861.7569181547733,0.9460353448445534,safe,0.64,0.655,0.655,0.655
1755016853,10,0.2,3222.9999999999995,2876.196393539676,0.892397267620129,safe,0.64,0.655,0.655,0.655
1755016854,10,0.2,0.0,1054.3431760929743,,,0.64,0.655,0.655,0.655
1755016855,10,0.2,4551.503586167775,4270.280218406208,0.9382130844373676,safe,0.64,0.655,0.655,0.655
1755016856,10,0.2,0.0,3595.2307232784738,,,0.64,0.655,0.655,0.655
1755016857,10,0.2,0.0,3141.854997024595,,,0.64,0.655,0.655,0.655
1755016858,10,0.2,0.0,4635.938058901652,,,0.64,0.655,0.655,0.655
1755016859,10,0.2,0.0,721.2165703284022,,,0.64,0.655,0.655,0.655
1755016860,10,0.2,0.0,2484.123323501029,,,0.64,0.655,0.655,0.655
1755016861,10,0.2,644.6000000000001,570.9352171591661,0.8857201631386379,safe,0.64,0.655,0.655,0.655
1755016862,10,0.2,0.0,1618.8176468642273,,,0.64,0.655,0.655,0.655
1755016863,10,0.2,0.0,5987.063541998504,,,0.64,0.655,0.655,0.655
1755016864,10,0.2,3073.4,2842.586903562144,0.9248997538758846,safe,0.64,0.655,0.655,0.655
1755016865,10,0.2,0.0,4824.741680922045,,,0.64,0.655,0.655,0.655
1755016866,10,0.2,3709.2,3386.9247460548904,0.9131146193397202,safe,0.64,0.655,0.655,0.655
1755016867,10,0.2,3088.8,2767.3411631628724,0.8959275975015777,safe,0.64,0.655,0.655,0.655
1755016868,10,0.2,3139.4,2812.4821438652725,0.8958661348873264,safe,0.64,0.655,0.655,0.655
1755016869,10,0.2,0.0,583.501740233487,,,0.64,0.655,0.655,0.655
1755016870,10,0.2,0.0,954.8897277157928,,,0.64,0.655,0.655,0.655
1755016871,10,0.2,0.0,1096.9243414308075,,,0.64,0.655,0.655,0.655
1755016872,10,0.2,0.0,798.0959081092801,,,0.64,0.655,0.655,0.655
1755016873,10,0.2,0.0,1022.1371170259548,,,0.64,0.655,0.655,0.655
1755016874,10,0.2,0.0,3441.554420745946,,,0.64,0.655,0.655,0.655
1755016875,10,0.2,0.0,599.5804261841067,,,0.64,0.655,0.655,0.655
1755016876,10,0.2,0.0,3263.3168212413,,,0.64,0.655,0.655,0.655
1755016877,10,0.2,0.0,507.92800411204735,,,0.64,0.655,0.655,0.655
1755016878,10,0.2,2798.4,2571.3080516772143,0.9188493609481184,safe,0.64,0.655,0.655,0.655
1755016879,10,0.2,0.0,724.1771394113384,,,0.64,0.655,0.655,0.655
1755016880,10,0.2,0.0,4611.485462974528,,,0.64,0.655,0.655,0.655
1755016881,10,0.2,0.0,4864.586440340328,,,0.64,0.655,0.655,0.655
1755016882,10,0.2,0.0,2769.62488114179,,,0.64,0.655,0.655,0.655
1755016883,10,0.2,0.0,399.8946589926127,,,0.64,0.655,0.655,0.655
1755016884,10,0.2,3159.746342915344,3027.8517491955427,0.9582578538256624,safe,0.64,0.655,0.655,0.655
1755016885,10,0.2,0.0,533.3489907650146,,,0.64,0.655,0.655,0.655
1755016886,10,0.2,0.0,3578.6499675184896,,,0.64,0.655,0.655,0.655
1755016887,10,0.2,0.0,6322.699029142736,,,0.64,0.655,0.655,0.655
1755016888,10,0.2,4269.352641125732,3964.1773881366967,0.928519548830577,safe,0.64,0.655,0.655,0.655
1755016889,10,0.2,3084.4,2878.67342134942,0.9333009406527754,safe,0.64,0.655,0.655,0.655
1755016890,10,0.2,3434.2000000000003,3025.4827026204366,0.8809861693030214,safe,0.64,0.655,0.655,0.655
1755016891,10,0.2,0.0,1767.4669029943143,,,0.64,0.655,0.655,0.655
1755016892,10,0.2,0.0,2983.775281080684,,,0.64,0.655,0.655,0.655
1755016893,10,0.2,4304.487564585483,4025.6495835368014,0.9352215619478664,safe,0.64,0.655,0.655,0.655
1755016894,10,0.2,0.0,805.5487642680637,,,0.64,0.655,0.655,0.655
1755016895,10,0.2,0.0,1070.6430729684216,,,0.64,0.655,0.655,0.655
1755016896,10,0.2,0.0,1079.3149312566384,,,0.64,0.655,0.655,0.655
1755016897,10,0.2,3036.0,2732.5157381165827,0.9000381219092829,safe,0.64,0.655,0.655,0.655
1755016898,10,0.2,3421.0,2939.0998584016525,0.8591347145283988,safe,0.64,0.655,0.655,0.655
1755016899,10,0.2,2706.0,2482.087949717529,0.917253492135081,safe,0.64,0.655,0.655,0.655
1755016900,10,0.2,0.0,3533.487645690159,,,0.64,0.655,0.655,0.655
1755016901,10,0.2,2791.06553661821,2671.2179207933623,0.957060264528915,safe,0.64,0.655,0.655,0.655
1755016902,10,0.2,0.0,3380.8170500732126,,,0.64,0.655,0.655,0.655
1755016903,10,0.2,0.0,583.0626463613216,,,0.64,0.655,0.655,0.655
1755016904,10,0.2,0.0,4769.725418675858,,,0.64,0.655,0.655,0.655
1755016905,10,0.2,0.0,1441.6173265424875,,,0.64,0.655,0.655,0.655
1755016906,10,0.2,0.0,5574.211460888007,,,0.64,0.655,0.655,0.655
1755016907,10,0.2,0.0,1547.9502172633074,,,0.64,0.655,0.655,0.655
1755016908,10,0.2,891.0,727.968758824456,0.8170244206784019,safe,0.64,0.655,0.655,0.655
1755016909,10,0.2,0.0,4432.186851512801,,,0.64,0.655,0.655,0.655
1755016910,10,0.2,0.0,3501.420117639078,,,0.63,0.655,0.655,0.655
1755016911,10,0.2,4774.978560497042,4599.493875295389,0.9632491155764716,safe,0.63,0.655,0.655,0.655
1755016912,10,0.2,3324.2000000000003,2961.8017401353136,0.8909818122060386,safe,0.63,0.655,0.655,0.655
1755016913,10,0.2,2791.8,2521.809693857352,0.9032916734212164,safe,0.63,0.655,0.655,0.655
1755016914,10,0.2,0.0,1451.2886049775188,,,0.63,0.655,0.655,0.655
1755016915,10,0.2,0.0,4576.7393936509325,,,0.63,0.655,0.655,0.655
1755016916,10,0.2,0.0,857.3812638223535,,,0.63,0.655,0.655,0.655
1755016917,10,0.2,2589.4,2456.801609969661,0.9487918475205306,safe,0.63,0.655,0.655,0.655
1755016918,10,0.2,0.0,948.7774196633654,,,0.63,0.655,0.655,0.655
1755016919,10,0.2,3282.527837327523,2970.591931931527,0.9049708271019694,safe,0.63,0.655,0.655,0.655
1755016920,10,0.2,4209.633660537549,3966.1102377428106,0.9421509227566272,safe,0.63,0.655,0.655,0.655
1755016921,10,0.2,0.0,5630.240780297558,,,0.63,0.655,0.655,0.655
1755016922,10,0.2,3434.2,3013.3106662232603,0.8774418106759246,safe,0.63,0.655,0.655,0.655
1755016923,10,0.2,3489.2,3057.4051594558023,0.8762481828086103,safe,0.63,0.655,0.655,0.655
1755016924,10,0.2,0.0,2684.308129694902,,,0.63,0.655,0.655,0.655
1755016925,10,0.2,0.0,558.2729892598982,,,0.63,0.655,0.655,0.655
1755016926,10,0.2,0.0,3174.521974949399,,,0.63,0.655,0.655,0.655
1755016927,10,0.2,0.0,4435.343690350623,,,0.63,0.655,0.655,0.655
1755016928,10,0.2,0.0,267.67485968159406,,,0.63,0.655,0.655,0.655
1755016929,10,0.2,4526.209067693288,4321.63174930774,0.954801619782489,safe,0.63,0.655,0.655,0.655
1755016930,10,0.2,0.0,6496.104441908421,,,0.63,0.655,0.655,0.655
1755016931,10,0.2,2978.8,2663.26337040166,0.8940725696259098,safe,0.63,0.655,0.655,0.655
1755016932,10,0.2,4217.024281963093,4125.362316886307,0.9782638280104672,safe,0.63,0.655,0.655,0.655
1755016933,10,0.2,0.0,894.1130219965753,,,0.63,0.655,0.655,0.655
1755016934,10,0.2,0.0,1027.6460673410802,,,0.63,0.655,0.655,0.655
1755016935,10,0.2,0.0,7931.623451783373,,,0.63,0.655,0.655,0.655
1755016936,10,0.2,3281.09714415075,2946.461346968357,0.8980110059286259,safe,0.63,0.655,0.655,0.655
1755016937,10,0.2,0.0,2763.7428901075964,,,0.63,0.655,0.655,0.655
1755016938,10,0.2,0.0,1065.5355846993407,,,0.63,0.655,0.655,0.655
1755016939,10,0.2,3599.2,3147.9325457571613,0.8746200671696936,safe,0.63,0.655,0.655,0.655
1755016940,10,0.2,0.0,6273.065876804014,,,0.63,0.655,0.655,0.655
1755016941,10,0.2,0.0,687.2843329448515,,,0.63,0.655,0.655,0.655
1755016942,10,0.2,0.0,3647.465752622891,,,0.63,0.655,0.655,0.655
1755016943,10,0.2,0.0,4318.438534438334,,,0.63,0.655,0.655,0.655
1755016944,10,0.2,0.0,8020.675592616583,,,0.63,0.655,0.655,0.655
1755016945,10,0.2,0.0,5984.328698601968,,,0.63,0.655,0.655,0.655
1755016946,10,0.2,982.5043619125022,843.2652252102125,0.8582814060680071,safe,0.63,0.655,0.655,0.655
1755016947,10,0.2,0.0,776.3470761389617,,,0.63,0.655,0.655,0.655
1755016948,10,0.2,0.0,6396.41458787187,,,0.63,0.655,0.655,0.655
1755016949,10,0.2,0.0,5831.524310388925,,,0.63,0.655,0.655,0.655
1755016950,10,0.2,0.0,3431.322778849048,,,0.63,0.655,0.655,0.655
1755016951,10,0.2,3214.2,3047.1240903399885,0.9480194419575598,safe,0.63,0.655,0.655,0.655
1755016952,10,0.2,2952.4,2697.8899833723844,0.9137955505258044,safe,0.63,0.655,0.655,0.655
1755016953,10,0.2,2794.0,2567.011278669932,0.9187585106191596,safe,0.63,0.655,0.655,0.655
1755016954,10,0.2,4486.108433286359,4193.240852469811,0.9347167851219316,safe,0.63,0.655,0.655,0.655
1755016955,10,0.2,0.0,5667.738012223634,,,0.63,0.655,0.655,0.655
1755016956,10,0.2,0.0,6431.739369835646,,,0.63,0.655,0.655,0.655
1755016957,10,0.2,0.0,2788.664988811035,,,0.63,0.655,0.655,0.655
1755016958,10,0.2,0.0,3069.258477148476,,,0.63,0.655,0.655,0.655
1755016959,10,0.2,4928.988399778993,4601.625997133669,0.9335842619025028,safe,0.63,0.655,0.655,0.655
1755016960,10,0.2,5572.997693864463,5502.782362965983,0.9874007967066302,safe,0.63,0.655,0.655,0.655
1755016961,10,0.2,2307.8,2266.870922863134,0.982264894212295,safe,0.63,0.655,0.655,0.655
1755016962,10,0.2,0.0,2765.4591831762154,,,0.63,0.655,0.655,0.655
1755016963,10,0.2,6405.654390951043,6293.997767559808,0.9825690528123142,safe,0.63,0.655,0.655,0.655
1755016964,10,0.2,0.0,2664.421668591689,,,0.63,0.655,0.655,0.655
1755016965,10,0.2,0.0,4883.433958383314,,,0.63,0.655,0.655,0.655
1755016966,10,0.2,4441.540064371802,4297.719939515882,0.9676193115965372,safe,0.63,0.655,0.655,0.655
1755016967,10,0.2,0.0,1072.530373121562,,,0.63,0.655,0.655,0.655
1755016968,10,0.2,0.0,4599.460120838252,,,0.63,0.655,0.655,0.655
1755016969,10,0.2,3183.399999999999,2854.851575863601,0.8967932323501921,safe,0.63,0.655,0.655,0.655
1755016970,10,0.2,0.0,1103.5194920288304,,,0.63,0.655,0.655,0.655
1755016971,10,0.2,0.0,3871.031056962005,,,0.63,0.655,0.655,0.655
1755016972,10,0.2,2888.6,2750.599463213759,0.9522258060007476,safe,0.63,0.655,0.655,0.655
1755016973,10,0.2,0.0,920.59175115808,,,0.63,0.655,0.655,0.655
1755016974,10,0.2,0.0,1235.4068252347352,,,0.63,0.655,0.655,0.655
1755016975,10,0.2,0.0,4934.190091223951,,,0.63,0.655,0.655,0.655
1755016976,10,0.2,3843.4,3378.181487167958,0.8789565195316538,safe,0.63,0.655,0.655,0.655
1755016977,10,0.2,2569.6,2445.908627592842,0.9518635692686964,safe,0.63,0.655,0.655,0.655
1755016978,10,0.2,0.0,795.8360145891938,,,0.63,0.655,0.655,0.655
1755016979,10,0.2,0.0,6200.772571467069,,,0.63,0.655,0.655,0.655
1755016980,10,0.2,0.0,2291.063629385753,,,0.63,0.655,0.655,0.655
1755016981,10,0.2,0.0,3408.710891952913,,,0.63,0.655,0.655,0.655
1755016982,10,0.2,752.4000000000001,650.4436386308785,0.8644918110458245,safe,0.63,0.655,0.655,0.655
1755016983,10,0.2,0.0,2555.7070596107515,,,0.63,0.655,0.655,0.655
1755016984,10,0.2,0.0,1022.360655786084,,,0.63,0.655,0.655,0.655
1755016985,10,0.2,0.0,6240.383180508565,,,0.63,0.655,0.655,0.655
1755016986,10,0.2,0.0,5987.72793353308,,,0.63,0.655,0.655,0.655
1755016987,10,0.2,0.0,977.8472316946318,,,0.63,0.655,0.655,0.655
1755016988,10,0.2,0.0,900.7630856609236,,,0.63,0.655,0.655,0.655
1755016989,10,0.2,3086.6,2795.8845194208006,0.9058136847731488,safe,0.63,0.655,0.655,0.655
1755016990,10,0.2,0.0,4733.246868633782,,,0.63,0.655,0.655,0.655
1755016991,10,0.2,0.0,2664.514080958604,,,0.63,0.655,0.655,0.655
1755016992,10,0.2,0.0,4989.946165619531,,,0.63,0.655,0.655,0.655
1755016993,10,0.2,0.0,4924.536485636165,,,0.63,0.655,0.655,0.655
1755016994,10,0.2,0.0,2330.57156532778,,,0.63,0.655,0.655,0.655
1755016995,10,0.2,4937.791514405857,4658.465401469352,0.9434309625828512,safe,0.63,0.655,0.655,0.655
1755016996,10,0.2,0.0,1013.8374889733952,,,0.63,0.655,0.655,0.655
1755016997,10,0.2,3225.2,2878.5518322372154,0.8925188615395062,safe,0.63,0.655,0.655,0.655
1755016998,10,0.2,3502.4,3113.3102228042585,0.8889076698276207,safe,0.63,0.655,0.655,0.655
1755016999,10,0.2,4776.085033776275,4476.293294186864,0.9372306528319124,safe,0.63,0.655,0.655,0.655
1755017000,10,0.2,5875.646555633615,5666.134801310274,0.9643423489926468,safe,0.63,0.655,0.655,0.655
1755017001,10,0.2,2488.2,2324.1299161047746,0.934060733102152,safe,0.63,0.655,0.655,0.655
1755017002,10,0.2,0.0,1023.0179201488172,,,0.63,0.655,0.655,0.655
1755017003,10,0.2,0.0,852.2464532450449,,,0.63,0.655,0.655,0.655
1755017004,10,0.2,0.0,3820.241670337433,,,0.63,0.655,0.655,0.655
1755017005,10,0.2,2791.8,2592.797791347752,0.928719031215614,safe,0.63,0.655,0.655,0.655
1755017006,10,0.2,0.0,1194.3766674403369,,,0.63,0.655,0.655,0.655
1755017007,10,0.2,0.0,5156.389364119605,,,0.63,0.655,0.655,0.655
1755017008,10,0.2,4372.815309892791,4256.088147802252,0.9733061760403046,safe,0.63,0.655,0.655,0.655
1755017009,10,0.2,0.0,927.2489467354848,,,0.63,0.655,0.655,0.655
