seeds,num_tasks,per_jitter,final_e2e_max,max_reaction_time,R,exceed,false_percentage,adjust,inserted,finalpercent
1755016037,8,0.0,492.0,407.0,0.8272357723577236,safe,0.0,False,False,0.04
1755016038,8,0.0,2912.0,2094.0,0.7190934065934066,safe,0.0,False,False,0.04
1755016039,8,0.0,3618.0,3150.0,0.8706467661691543,safe,0.0,False,False,0.04
1755016040,8,0.0,2474.0,2345.0,0.9478577202910268,safe,0.0,False,False,0.04
1755016041,8,0.0,2928.0,2766.0,0.944672131147541,safe,0.0,False,False,0.04
1755016042,8,0.0,2430.0,1608.0,0.6617283950617284,safe,0.0,False,False,0.04
1755016043,8,0.0,330.0,326.0,0.987878787878788,safe,0.0,False,False,0.04
1755016044,8,0.0,2450.0,2037.0,0.8314285714285714,safe,0.0,False,False,0.04
1755016045,8,0.0,3416.0,3101.0,0.9077868852459016,safe,0.0,False,False,0.04
1755016046,8,0.0,5909.0,5909.0,1.0,safe,0.0,,False,0.04
1755016037,8,0.02,496.92,477.98565776863,0.9618965985845408,safe,0.0,False,False,0.06
1755016038,8,0.02,2941.1200000000003,2807.9979732434062,0.9547376418654818,safe,0.0,False,False,0.06
1755016039,8,0.02,3641.34,3550.7142692675407,0.9751119832994284,safe,0.0,False,False,0.06
1755016040,8,0.02,2498.74,2345.152196936775,0.9385338998602396,safe,0.0,False,False,0.06
1755016041,8,0.02,2953.6800000000003,2823.723073678457,0.9560016906633272,safe,0.0,False,False,0.06
1755016042,8,0.02,2454.3,2298.177484134279,0.9363881693901636,safe,0.0,False,False,0.06
1755016043,8,0.02,331.24,326.1911069278067,0.9847575985020128,safe,0.0,False,False,0.06
1755016044,8,0.02,2474.5,2039.9975507739289,0.8244079817231477,safe,0.0,False,False,0.06
1755016045,8,0.02,3450.1600000000003,3104.995676121558,0.8999570095652253,safe,0.0,False,False,0.06
1755016046,8,0.02,5929.0,5928.593368560425,0.9999314165222508,safe,0.0,,False,0.06
1755016037,8,0.05,504.3,488.0088718544754,0.9676955618768104,safe,0.0,False,False,0.06
1755016038,8,0.05,2984.8,2809.9918158454675,0.941433870224292,safe,0.0,False,False,0.06
1755016039,8,0.05,3676.35,3601.948719610009,0.9797621879336867,safe,0.0,False,False,0.06
1755016040,8,0.05,2535.8500000000004,2489.1768421177985,0.9815946692895076,safe,0.0,False,False,0.06
1755016041,8,0.05,2992.2,2850.0363751626937,0.9524885954022771,safe,0.0,False,False,0.06
1755016042,8,0.05,2490.75,2353.6212294702527,0.944944787501858,safe,0.0,False,False,0.06
1755016043,8,0.05,332.5,326.45049669301625,0.9818060050917782,safe,0.0,False,False,0.06
1755016044,8,0.05,2511.250000000001,2046.009014792282,0.8147372881203708,safe,0.0,False,False,0.06
1755016045,8,0.05,3501.4,3110.618399040308,0.8883927569087531,safe,0.0,False,False,0.06
1755016046,8,0.05,5959.0,5956.902629850083,0.9996480332018934,safe,0.0,,False,0.06
1755016037,8,0.1,516.5999999999999,487.6486578925405,0.94395791307112,safe,0.0,False,False,0.08
1755016038,8,0.1,3057.6,2815.117165247327,0.9206950435790578,safe,0.0,False,False,0.08
1755016039,8,0.1,3734.7,3652.0675033305815,0.9778743950867758,safe,0.0,False,False,0.08
1755016040,8,0.1,2597.7,2494.984538559336,0.960459074781282,safe,0.0,False,False,0.08
1755016041,8,0.1,3056.4,2872.3114340921074,0.9397694785015404,safe,0.0,False,False,0.08
1755016042,8,0.1,2551.5,2388.3510296050563,0.9360576247717248,safe,0.0,False,False,0.08
1755016043,8,0.1,331.7,326.8736220006467,0.9854495688894988,safe,0.0,False,False,0.08
1755016044,8,0.1,2572.5000000000005,2253.0399205676704,0.8758172674704257,safe,0.0,False,False,0.08
1755016045,8,0.1,3586.8,3319.7310503140325,0.9255411649141386,safe,0.0,False,False,0.08
1755016046,8,0.1,6009.0,6006.5874258342665,0.9995985065458922,safe,0.0,,False,0.08
1755016037,8,0.2,541.2,507.1530088288264,0.9370898167568852,safe,0.0,False,False,0.16
1755016038,8,0.2,3203.2,3004.976376144219,0.938117000544524,safe,0.0,False,False,0.16
1755016039,8,0.2,3851.400000000001,3743.285639313097,0.9719285556714692,safe,0.0,False,False,0.16
1755016040,8,0.2,2721.4,2592.843235631124,0.9527607979830692,safe,0.0,False,False,0.16
1755016041,8,0.2,3184.7,2975.716266543526,0.934378832085762,safe,0.0,False,False,0.16
1755016042,8,0.2,2673.0,2489.874998714128,0.9314908337875526,safe,0.0,False,False,0.16
1755016043,8,0.2,298.20000000000005,287.8022043991514,0.9651314701514128,safe,0.0,False,False,0.16
1755016044,8,0.2,2694.999999999999,2274.827972843091,0.8440920121866761,safe,0.0,False,False,0.16
1755016045,8,0.2,4047.7,3740.6000017493498,0.9241297531312472,safe,0.0,False,True,0.16
1755016046,8,0.2,5943.8,5939.86717224418,0.9993383310751,safe,0.0,True,False,0.16
1755016037,8,0.3,566.4,528.1976364443572,0.9325523242308568,safe,0.0,False,True,0.28
1755016038,8,0.3,3348.8,2988.4026308127027,0.8923801453692972,safe,0.0,False,False,0.28
1755016039,8,0.3,3984.1,3842.800590953422,0.9645341710683524,safe,0.0,False,False,0.28
1755016040,8,0.3,2845.1000000000004,2698.6482453137287,0.9485249183908222,safe,0.0,False,False,0.28
1755016041,8,0.3,3293.1,3027.65054085574,0.9193922264297288,safe,0.0,False,False,0.28
1755016042,8,0.3,2794.5,2582.2505573743447,0.9240474350954891,safe,0.0,False,False,0.28
1755016043,8,0.3,303.2,296.985814534406,0.9795046653509434,safe,0.0,False,False,0.28
1755016044,8,0.3,2817.500000000001,2474.018921720264,0.8780901230595431,safe,0.0,False,False,0.28
1755016045,8,0.3,4128.4,3750.883682860616,0.9085562646208252,safe,0.0,False,True,0.28
1755016046,8,0.3,5713.900000000001,5699.452509159222,0.997471518430358,safe,0.0,True,False,0.28
1755016037,8,0.4,594.5,554.5607234853815,0.9328187106566552,safe,0.2,False,True,0.43
1755016038,8,0.4,3928.9,3591.3207263702884,0.9140779165594158,safe,0.2,False,True,0.43
1755016039,8,0.4,4400.7,4140.562911954228,0.9408873388220574,safe,0.2,False,False,0.43
1755016040,8,0.4,2968.8,2792.7455264651217,0.9406984392566428,safe,0.2,False,False,0.43
1755016041,8,0.4,3421.5,3167.917287931493,0.9258855145203836,safe,0.2,False,True,0.43
1755016042,8,0.4,2916.0,2702.444796860108,0.9267643336282948,safe,0.2,False,True,0.43
1755016043,8,0.4,0.0,347.7546008469735,,,0.2,False,False,0.43
1755016044,8,0.4,2939.9999999999995,2487.930925897038,0.8462350088085164,safe,0.2,False,False,0.43
1755016045,8,0.4,4299.2,3770.327725924493,0.8769835611100887,safe,0.2,False,True,0.43
1755016046,8,0.4,0.0,6284.979101061006,,,0.2,False,False,0.43
1755016037,8,0.5,615.0,566.5406516368247,0.921204311604593,safe,0.5,False,True,0.77
1755016038,8,0.5,3840.0,3425.3386471355534,0.8920152726915503,safe,0.5,False,True,0.77
1755016039,8,0.5,0.0,4912.650853116858,,,0.5,False,False,0.77
1755016040,8,0.5,3092.5,2902.742264269851,0.9386393740565404,safe,0.5,False,False,0.77
1755016041,8,0.5,0.0,3252.7778624606217,,,0.5,False,False,0.77
1755016042,8,0.5,3037.5,2667.9080965365547,0.8783236531807588,safe,0.5,False,True,0.77
1755016043,8,0.5,0.0,348.88020420677094,,,0.5,False,False,0.77
1755016044,8,0.5,3062.5,2643.2907144683195,0.8631153353365941,safe,0.5,False,False,0.77
1755016045,8,0.5,0.0,3710.7679426942486,,,0.5,False,False,0.77
1755016046,8,0.5,0.0,6382.649143255432,,,0.5,False,False,0.77
1755016047,8,0.0,0.0,1951.0,,,0.1,False,False,0.04
1755016048,8,0.0,2256.0,2103.0,0.9321808510638298,safe,0.1,False,False,0.04
1755016049,8,0.0,80.0,61.0,0.7625,safe,0.1,False,False,0.04
1755016050,8,0.0,529.0,426.0,0.8052930056710775,safe,0.1,False,False,0.04
1755016051,8,0.0,5219.0,5219.0,1.0,safe,0.1,,False,0.04
1755016052,8,0.0,2532.0,1909.0,0.7539494470774092,safe,0.1,False,False,0.04
1755016053,8,0.0,862.0,627.0,0.7273781902552204,safe,0.1,False,False,0.04
1755016054,8,0.0,3077.0,2338.0,0.7598310042248944,safe,0.1,False,False,0.04
1755016055,8,0.0,2496.0,1809.0,0.7247596153846154,safe,0.1,False,False,0.04
1755016056,8,0.0,3853.0,3261.0,0.8463534907864002,safe,0.1,False,False,0.04
1755016047,8,0.02,0.0,2111.898462612552,,,0.1,False,False,0.06
1755016048,8,0.02,2278.5600000000004,2203.9977209948943,0.9672765786263666,safe,0.1,False,False,0.06
1755016049,8,0.02,80.79999999999998,70.0146533604318,0.866517987134057,safe,0.1,False,False,0.06
1755016050,8,0.02,532.3,506.1866962979416,0.9509425066653046,safe,0.1,False,False,0.06
1755016051,8,0.02,5239.0,5238.60327046155,0.9999242738044568,safe,0.1,,False,0.06
1755016052,8,0.02,2557.32,2429.0631042512205,0.9498471463294466,safe,0.1,False,False,0.06
1755016053,8,0.02,870.62,767.3308496699601,0.8813613857595278,safe,0.1,False,False,0.06
1755016054,8,0.02,3101.0,2957.28355524104,0.9536548065917574,safe,0.1,False,False,0.06
1755016055,8,0.02,2520.96,2389.016173951312,0.9476612774305472,safe,0.1,False,False,0.06
1755016056,8,0.02,3875.64,3762.45888403089,0.970796793311786,safe,0.1,False,False,0.06
1755016047,8,0.05,0.0,2121.9385263347085,,,0.1,False,False,0.06
1755016048,8,0.05,2312.4,2208.004411192424,0.9548540093376684,safe,0.1,False,False,0.06
1755016049,8,0.05,82.00000000000001,70.04572655351421,0.8542161774818805,safe,0.1,False,False,0.06
1755016050,8,0.05,537.25,506.482756346169,0.9427319801696956,safe,0.1,False,False,0.06
1755016051,8,0.05,5269.0,5266.621652125963,0.999548614941348,safe,0.1,,False,0.06
1755016052,8,0.05,2595.3,2439.098578272107,0.9398137318506942,safe,0.1,False,False,0.06
1755016053,8,0.05,883.5500000000001,787.836677295245,0.8916718661029313,safe,0.1,False,False,0.06
1755016054,8,0.05,3141.1,2985.368612169601,0.9504213849191688,safe,0.1,False,False,0.06
1755016055,8,0.05,2558.4,2394.2227088699724,0.9358281382387325,safe,0.1,False,False,0.06
1755016056,8,0.05,3909.6,3851.3699670857386,0.9851058847671728,safe,0.1,False,False,0.06
1755016047,8,0.1,0.0,2160.422674706926,,,0.1,False,False,0.08
1755016048,8,0.1,2368.8,2212.023777394006,0.9338161843102016,safe,0.1,False,False,0.08
1755016049,8,0.1,84.0,70.05021933355124,0.8339311825422767,safe,0.1,False,False,0.08
1755016050,8,0.1,545.5,516.5106688516186,0.9468573214511796,safe,0.1,False,False,0.08
1755016051,8,0.1,5319.0,5318.5536319795065,0.9999160804624002,safe,0.1,,False,0.08
1755016052,8,0.1,2658.6000000000004,2438.4875939231065,0.9172074001064868,safe,0.1,False,False,0.08
1755016053,8,0.1,905.1,828.2108380372488,0.915048986893436,safe,0.1,False,False,0.08
1755016054,8,0.1,3214.1,3030.545126303041,0.9428907396481258,safe,0.1,False,False,0.08
1755016055,8,0.1,2620.8,2384.568842400561,0.9098629587914228,safe,0.1,False,False,0.08
1755016056,8,0.1,3966.2,3873.407819011569,0.9766042607562828,safe,0.1,False,False,0.08
1755016047,8,0.2,0.0,2279.39945219306,,,0.1,False,False,0.16
1755016048,8,0.2,2481.6000000000004,2322.9420892197104,0.9360662835346996,safe,0.1,False,False,0.16
1755016049,8,0.2,90.5,82.13202211458542,0.90753615596227,safe,0.1,False,True,0.16
1755016050,8,0.2,561.3,527.0859557492304,0.939044995099288,safe,0.1,False,False,0.16
1755016051,8,0.2,5419.0,5410.534014525008,0.9984377218167574,safe,0.1,,False,0.16
1755016052,8,0.2,2785.2,2597.8369223067784,0.9327290400354656,safe,0.1,False,False,0.16
1755016053,8,0.2,948.2,830.3969045848753,0.8757613421059643,safe,0.1,False,False,0.16
1755016054,8,0.2,3360.2,3289.857808224333,0.9790660699435548,safe,0.1,False,False,0.16
1755016055,8,0.2,2745.6,2589.2742083120747,0.943063158621822,safe,0.1,False,False,0.16
1755016056,8,0.2,4079.4,3965.141817101892,0.9719914244991646,safe,0.1,False,False,0.16
1755016047,8,0.3,0.0,2368.203004635994,,,0.2,False,False,0.28
1755016048,8,0.3,2594.4,2409.8682303696414,0.9288730459334112,safe,0.2,False,False,0.28
1755016049,8,0.3,98.0,95.64670895170887,0.9759868260378456,safe,0.2,False,True,0.28
1755016050,8,0.3,562.4,517.9793997995439,0.9210160024885204,safe,0.2,False,False,0.28
1755016051,8,0.3,5854.300000000001,5846.812090266874,0.9987209555825416,safe,0.2,True,False,0.28
1755016052,8,0.3,2911.8,2620.191485292563,0.8998528351166161,safe,0.2,False,False,0.28
1755016053,8,0.3,991.3,847.4893640836981,0.8549272309933401,safe,0.2,False,True,0.28
1755016054,8,0.3,0.0,3227.753238412086,,,0.2,False,False,0.28
1755016055,8,0.3,2870.4,2618.786088302778,0.9123418646539778,safe,0.2,False,False,0.28
1755016056,8,0.3,4192.6,4022.960320550037,0.9595383104875344,safe,0.2,False,False,0.28
1755016047,8,0.4,0.0,2311.012852011303,,,0.6,False,False,0.43
1755016048,8,0.4,0.0,2517.9635832622967,,,0.6,False,False,0.43
1755016049,8,0.4,101.99999999999996,99.09932402192136,0.9715620002149156,safe,0.6,False,True,0.43
1755016050,8,0.4,0.0,549.3429398996559,,,0.6,False,False,0.43
1755016051,8,0.4,0.0,6614.042265325727,,,0.6,False,False,0.43
1755016052,8,0.4,3038.4,2730.640095646618,0.898709878767318,safe,0.6,False,False,0.43
1755016053,8,0.4,0.0,882.9106709898351,,,0.6,False,False,0.43
1755016054,8,0.4,0.0,3477.701319473897,,,0.6,False,False,0.43
1755016055,8,0.4,2995.2,2723.2704642449294,0.9092115599108338,safe,0.6,False,False,0.43
1755016056,8,0.4,4380.8,4135.676199211965,0.9440458818507954,safe,0.6,False,True,0.43
1755016047,8,0.5,0.0,2520.7067606017063,,,0.8,False,False,0.77
1755016048,8,0.5,0.0,2646.892530462322,,,0.8,False,False,0.77
1755016049,8,0.5,0.0,84.56433215397755,,,0.8,False,False,0.77
1755016050,8,0.5,0.0,544.4251118320908,,,0.8,False,False,0.77
1755016051,8,0.5,0.0,6674.170271600713,,,0.8,False,False,0.77
1755016052,8,0.5,3175.0,3153.2842416838253,0.9931603910815198,safe,0.8,False,True,0.77
1755016053,8,0.5,0.0,889.8492600278287,,,0.8,False,False,0.77
1755016054,8,0.5,0.0,3654.0635615630526,,,0.8,False,False,0.77
1755016055,8,0.5,3120.0,2780.2371021154217,0.8911016352934044,safe,0.8,False,False,0.77
1755016056,8,0.5,0.0,4842.837133749661,,,0.8,False,False,0.77
1755016057,8,0.0,4307.0,4267.0,0.990712793127467,safe,0.0,False,False,0.04
1755016058,8,0.0,4536.0,3863.0,0.8516313932980599,safe,0.0,False,False,0.04
1755016059,8,0.0,792.0,774.0,0.9772727272727272,safe,0.0,False,False,0.04
1755016060,8,0.0,5254.0,4550.0,0.8660068519223448,safe,0.0,,False,0.04
1755016061,8,0.0,586.0,458.0,0.7815699658703071,safe,0.0,False,False,0.04
1755016062,8,0.0,734.0,644.0,0.8773841961852861,safe,0.0,False,False,0.04
1755016063,8,0.0,2460.0,1633.0,0.6638211382113821,safe,0.0,False,False,0.04
1755016064,8,0.0,2870.0,2166.0,0.7547038327526132,safe,0.0,False,False,0.04
1755016065,8,0.0,806.0,607.0,0.7531017369727047,safe,0.0,False,False,0.04
1755016066,8,0.0,840.0,837.0,0.9964285714285714,safe,0.0,False,False,0.04
1755016057,8,0.02,4317.9,4276.9099790119,0.9905069545408416,safe,0.0,False,False,0.06
1755016058,8,0.02,4564.26,4325.034499516337,0.9475872319973744,safe,0.0,False,False,0.06
1755016059,8,0.02,796.48,787.0076277524204,0.9881072063986795,safe,0.0,False,False,0.06
1755016060,8,0.02,5276.5,5173.524526697841,0.980484132795952,safe,0.0,,False,0.06
1755016061,8,0.02,591.6800000000001,538.3176433259782,0.909812133798638,safe,0.0,False,False,0.06
1755016062,8,0.02,741.3399999999999,644.931032209186,0.8699531014233497,safe,0.0,False,False,0.06
1755016063,8,0.02,2484.6000000000004,2436.014165353081,0.9804452086263706,safe,0.0,False,False,0.06
1755016064,8,0.02,2898.7,2566.8826213272405,0.8855288996195676,safe,0.0,False,False,0.06
1755016065,8,0.02,810.78,790.0070375675947,0.9743790394035308,safe,0.0,False,False,0.06
1755016066,8,0.02,844.1000000000001,842.0752319584135,0.9976012699424396,safe,0.0,False,False,0.06
1755016057,8,0.05,4317.75,4272.135656431459,0.9894356218936852,safe,0.0,False,False,0.06
1755016058,8,0.05,4606.65,4327.355965935807,0.9393715532840148,safe,0.0,False,False,0.06
1755016059,8,0.05,803.2,787.0078619995911,0.979840465636941,safe,0.0,False,False,0.06
1755016060,8,0.05,5310.25,5196.436033795623,0.9785671171405532,safe,0.0,,False,0.06
1755016061,8,0.05,600.2,538.7875309003921,0.8976799915034855,safe,0.0,False,False,0.06
1755016062,8,0.05,752.3499999999999,646.1750196998983,0.8588755495446246,safe,0.0,False,False,0.06
1755016063,8,0.05,2521.5,2435.863213211822,0.9660373639547182,safe,0.0,False,False,0.06
1755016064,8,0.05,2941.75,2615.9794770818407,0.8892596165825922,safe,0.0,False,False,0.06
1755016065,8,0.05,817.9499999999999,790.0507478352501,0.9658912498749926,safe,0.0,False,False,0.06
1755016066,8,0.05,855.75,852.0637996490623,0.9956924331277386,safe,0.0,False,False,0.06
1755016057,8,0.1,4317.7,4265.155464772637,0.9878304339747174,safe,0.0,False,False,0.08
1755016058,8,0.1,4677.3,4337.939487530862,0.927445211453373,safe,0.0,False,False,0.08
1755016059,8,0.1,814.3999999999999,797.0680864928145,0.9787181808605288,safe,0.0,False,False,0.08
1755016060,8,0.1,5366.5,5227.292008395218,0.974059817086596,safe,0.0,,False,0.08
1755016061,8,0.1,614.4000000000001,579.4046200170178,0.9430413737256148,safe,0.0,False,False,0.08
1755016062,8,0.1,770.6999999999999,648.5914216158508,0.841561465701117,safe,0.0,False,False,0.08
1755016063,8,0.1,2583.0,2525.6353461436083,0.9777914619216448,safe,0.0,False,False,0.08
1755016064,8,0.1,3013.5,2867.2847534648754,0.9514799248265722,safe,0.0,False,False,0.08
1755016065,8,0.1,829.9,800.0083784435514,0.9639816585655516,safe,0.0,False,False,0.08
1755016066,8,0.1,881.5,877.1902997868019,0.9951109470071492,safe,0.0,False,False,0.08
1755016057,8,0.2,3868.7,3785.099669963558,0.9783905885603842,safe,0.1,False,False,0.16
1755016058,8,0.2,4818.599999999999,4517.496469037952,0.9375122377947852,safe,0.1,False,False,0.16
1755016059,8,0.2,836.8,815.7222426041117,0.9748114753873228,safe,0.1,False,False,0.16
1755016060,8,0.2,5479.0,5326.343181421411,0.972137831980546,safe,0.1,,False,0.16
1755016061,8,0.2,642.7,591.235707344199,0.919924859723353,safe,0.1,False,False,0.16
1755016062,8,0.2,807.4,653.0410651596576,0.8088197487734179,safe,0.1,False,False,0.16
1755016063,8,0.2,2705.9999999999995,2535.6717305600687,0.937055332801208,safe,0.1,False,False,0.16
1755016064,8,0.2,3157.0,2955.01272843957,0.9360192361227652,safe,0.1,False,False,0.16
1755016065,8,0.2,853.8000000000001,825.2044973561921,0.9665079612979528,safe,0.1,False,False,0.16
1755016066,8,0.2,0.0,877.4573093032959,,,0.1,False,False,0.16
1755016057,8,0.3,4089.900000000001,3981.077752953876,0.9733924430802404,safe,0.1,False,False,0.28
1755016058,8,0.3,4953.299999999999,4646.076953525526,0.9379760873610576,safe,0.1,False,False,0.28
1755016059,8,0.3,858.6,836.9360043840425,0.9747682324528796,safe,0.1,False,False,0.28
1755016060,8,0.3,5591.5,5425.980191204061,0.9703979596180026,safe,0.1,,False,0.28
1755016061,8,0.3,670.0999999999999,598.594874014474,0.8932918579532519,safe,0.1,False,False,0.28
1755016062,8,0.3,894.1,792.2707330685004,0.886109756256012,safe,0.1,False,True,0.28
1755016063,8,0.3,2829.0000000000005,2657.0980016115645,0.939235772927382,safe,0.1,False,False,0.28
1755016064,8,0.3,0.0,3011.772603912803,,,0.1,False,False,0.28
1755016065,8,0.3,877.6999999999999,829.5657300526414,0.9451586305715408,safe,0.1,False,False,0.28
1755016066,8,0.3,1076.4,1072.6459921021888,0.9965124415665078,safe,0.1,False,True,0.28
1755016057,8,0.4,4311.2,4172.659779455658,0.967865044408902,safe,0.1,False,False,0.43
1755016058,8,0.4,4994.1,4763.877336577809,0.9539010705788448,safe,0.1,False,False,0.43
1755016059,8,0.4,860.5000000000001,844.043023484759,0.9808750999241824,safe,0.1,False,False,0.43
1755016060,8,0.4,5704.0,5547.224014964895,0.972514729131293,safe,0.1,,False,0.43
1755016061,8,0.4,743.8,705.6016528687369,0.9486443302887024,safe,0.1,False,True,0.43
1755016062,8,0.4,930.8,798.3780135888628,0.8577331473881207,safe,0.1,False,True,0.43
1755016063,8,0.4,2952.0,2744.334831624921,0.9296527207401496,safe,0.1,False,False,0.43
1755016064,8,0.4,0.0,3126.7017896092,,,0.1,False,False,0.43
1755016065,8,0.4,893.5000000000001,848.7574153529746,0.9499243596563788,safe,0.1,False,False,0.43
1755016066,8,0.4,1065.9,1057.5034552703437,0.9921225774184668,safe,0.1,False,True,0.43
1755016057,8,0.5,0.0,4716.179442791516,,,0.9,False,False,0.77
1755016058,8,0.5,0.0,4864.385598221137,,,0.9,False,False,0.77
1755016059,8,0.5,0.0,875.382984234624,,,0.9,False,False,0.77
1755016060,8,0.5,0.0,6571.892332564874,,,0.9,False,False,0.77
1755016061,8,0.5,0.0,645.0157595105857,,,0.9,False,False,0.77
1755016062,8,0.5,0.0,764.9733703358797,,,0.9,False,False,0.77
1755016063,8,0.5,3075.0,2857.000891864227,0.9291059810940576,safe,0.9,False,False,0.77
1755016064,8,0.5,0.0,3197.933636009082,,,0.9,False,False,0.77
1755016065,8,0.5,0.0,862.5544378777013,,,0.9,False,False,0.77
1755016066,8,0.5,0.0,1127.1951043470435,,,0.9,False,False,0.77
1755016067,8,0.0,568.0,403.0,0.7095070422535211,safe,0.0,False,False,0.04
1755016068,8,0.0,782.0,683.0,0.8734015345268542,safe,0.0,False,False,0.04
1755016069,8,0.0,2586.0,1792.0,0.6929621036349575,safe,0.0,False,False,0.04
1755016070,8,0.0,7867.0,7867.0,1.0,safe,0.0,,False,0.04
1755016071,8,0.0,830.0,793.0,0.955421686746988,safe,0.0,False,False,0.04
1755016072,8,0.0,3161.0,2892.0,0.914900347991142,safe,0.0,False,False,0.04
1755016073,8,0.0,663.0,426.0,0.6425339366515838,safe,0.0,False,False,0.04
1755016074,8,0.0,2503.0,2014.0,0.8046344386735917,safe,0.0,False,False,0.04
1755016075,8,0.0,3504.0,3439.0,0.9814497716894978,safe,0.0,False,False,0.04
1755016076,8,0.0,3771.0,3739.0,0.9915141872182444,safe,0.0,,False,0.04
1755016067,8,0.02,573.68,523.0232457467964,0.9116985876216644,safe,0.1,False,False,0.06
1755016068,8,0.02,0.0,684.9590758761333,,,0.1,False,False,0.06
1755016069,8,0.02,2611.86,2525.6679103886963,0.9669997283118914,safe,0.1,False,False,0.06
1755016070,8,0.02,7887.0,7886.260407252004,0.9999062263537472,safe,0.1,,False,0.06
1755016071,8,0.02,835.1,803.3514729750641,0.9619823649563694,safe,0.1,False,False,0.06
1755016072,8,0.02,3188.4,3112.157540547758,0.9760875487855218,safe,0.1,False,False,0.06
1755016073,8,0.02,668.6600000000001,604.3179077642498,0.9037745756651356,safe,0.1,False,False,0.06
1755016074,8,0.02,2527.86,2374.005502183415,0.9391364641172436,safe,0.1,False,False,0.06
1755016075,8,0.02,3528.06,3440.51546295495,0.9751862108226478,safe,0.1,False,False,0.06
1755016076,8,0.02,3793.4,3755.1832365299815,0.9899254590947386,safe,0.1,,False,0.06
1755016067,8,0.05,582.2,525.034139279297,0.90181061367107,safe,0.1,False,False,0.06
1755016068,8,0.05,0.0,687.7060256986006,,,0.1,False,False,0.06
1755016069,8,0.05,2650.65,2524.121384607729,0.9522650612520434,safe,0.1,False,False,0.06
1755016070,8,0.05,7917.0,7915.306416793377,0.99978608270726,safe,0.1,,False,0.06
1755016071,8,0.05,842.75,803.9236891939981,0.9539290290050408,safe,0.1,False,False,0.06
1755016072,8,0.05,3229.5,3131.369338091696,0.96961428645044,safe,0.1,False,False,0.06
1755016073,8,0.05,677.15,616.3155395901648,0.9101610272320236,safe,0.1,False,False,0.06
1755016074,8,0.05,2565.15,2403.950119600019,0.9371577177163204,safe,0.1,False,False,0.06
1755016075,8,0.05,3564.15,3443.387539191892,0.966117458353855,safe,0.1,False,False,0.06
1755016076,8,0.05,3827.0,3800.05488908722,0.9929592080186098,safe,0.1,,False,0.06
1755016067,8,0.1,596.4000000000001,577.1398792584575,0.9677060349739394,safe,0.1,False,False,0.08
1755016068,8,0.1,0.0,692.7327808715345,,,0.1,False,False,0.08
1755016069,8,0.1,2715.3,2538.636092922736,0.9349376101803616,safe,0.1,False,False,0.08
1755016070,8,0.1,7967.0,7964.00214264472,0.999623715657678,safe,0.1,,False,0.08
1755016071,8,0.1,855.5,824.4547256110454,0.9637109592180544,safe,0.1,False,False,0.08
1755016072,8,0.1,3309.1000000000004,3172.608182963781,0.9587525861907408,safe,0.1,False,False,0.08
1755016073,8,0.1,691.3,645.0350949901253,0.9330755026618334,safe,0.1,False,False,0.08
1755016074,8,0.1,2627.3,2443.539936680176,0.9300574493511118,safe,0.1,False,False,0.08
1755016075,8,0.1,3634.8,3544.3177440180007,0.9751066754754046,safe,0.1,False,False,0.08
1755016076,8,0.1,3883.0,3817.1151110703486,0.9830324777415268,safe,0.1,,False,0.08
1755016067,8,0.2,624.8,576.4861139382474,0.9226730376732514,safe,0.2,False,False,0.16
1755016068,8,0.2,0.0,802.319533163165,,,0.2,False,False,0.16
1755016069,8,0.2,2844.6,2653.7024040883107,0.9328912339479404,safe,0.2,False,False,0.16
1755016070,8,0.2,8067.0,8060.105472531344,0.9991453418286036,safe,0.2,,False,0.16
1755016071,8,0.2,881.0,843.9129806010185,0.957903496709442,safe,0.2,False,True,0.16
1755016072,8,0.2,0.0,3269.628939695627,,,0.2,False,False,0.16
1755016073,8,0.2,726.6,682.7406776864968,0.9396375965957844,safe,0.2,False,False,0.16
1755016074,8,0.2,2751.6,2483.9102582435544,0.902714877977742,safe,0.2,False,False,0.16
1755016075,8,0.2,3855.400000000001,3751.931552439128,0.973162720454201,safe,0.2,False,False,0.16
1755016076,8,0.2,3995.0,3838.264470548186,0.96076707648265,safe,0.2,,False,0.16
1755016067,8,0.3,653.1999999999999,586.9118642023105,0.8985178570151724,safe,0.4,False,False,0.28
1755016068,8,0.3,0.0,811.593250760794,,,0.4,False,False,0.28
1755016069,8,0.3,2973.9,2717.104056863398,0.9136501082293952,safe,0.4,False,False,0.28
1755016070,8,0.3,8380.9,8370.34642428864,0.9987407586641818,safe,0.4,True,False,0.28
1755016071,8,0.3,0.0,865.5135713009097,,,0.4,False,False,0.28
1755016072,8,0.3,0.0,3261.785997147148,,,0.4,False,False,0.28
1755016073,8,0.3,0.0,700.5982189697284,,,0.4,False,False,0.28
1755016074,8,0.3,2881.1000000000004,2592.313290003779,0.8997651209620557,safe,0.4,False,True,0.28
1755016075,8,0.3,4076.2,3855.777141966872,0.945924425191814,safe,0.4,False,False,0.28
1755016076,8,0.3,4107.0,3983.558273783279,0.9699435777412416,safe,0.4,,False,0.28
1755016067,8,0.4,682.5999999999999,620.3364379646351,0.9087847025558676,safe,0.5,False,True,0.43
1755016068,8,0.4,0.0,819.0959901757087,,,0.5,False,False,0.43
1755016069,8,0.4,3103.2,2696.5268843823624,0.8689504009997301,safe,0.5,False,False,0.43
1755016070,8,0.4,0.0,10066.347551993618,,,0.5,False,False,0.43
1755016071,8,0.4,0.0,881.6033772406895,,,0.5,False,False,0.43
1755016072,8,0.4,0.0,3371.160867198647,,,0.5,False,False,0.43
1755016073,8,0.4,0.0,722.4458558625346,,,0.5,False,False,0.43
1755016074,8,0.4,3003.2000000000003,2726.5325653975824,0.9078757876257266,safe,0.5,False,True,0.43
1755016075,8,0.4,4296.8,4148.204127518198,0.9654170842297054,safe,0.5,False,False,0.43
1755016076,8,0.4,4219.0,4012.9074143380776,0.9511513188760554,safe,0.5,,False,0.43
1755016067,8,0.5,0.0,623.3097060635064,,,0.9,False,False,0.77
1755016068,8,0.5,0.0,826.3469915069581,,,0.9,False,False,0.77
1755016069,8,0.5,3232.5,2940.8582960939066,0.9097782818542636,safe,0.9,False,False,0.77
1755016070,8,0.5,0.0,10242.862963627324,,,0.9,False,False,0.77
1755016071,8,0.5,0.0,973.6029528974232,,,0.9,False,False,0.77
1755016072,8,0.5,0.0,3570.1961645778647,,,0.9,False,False,0.77
1755016073,8,0.5,0.0,718.0720751833516,,,0.9,False,False,0.77
1755016074,8,0.5,0.0,2741.207649747734,,,0.9,False,False,0.77
1755016075,8,0.5,0.0,4847.203137491742,,,0.9,False,False,0.77
1755016076,8,0.5,0.0,4196.597942028049,,,0.9,False,False,0.77
1755016077,8,0.0,779.0,596.0,0.7650834403080873,safe,0.1,False,False,0.04
1755016078,8,0.0,3375.0,2731.0,0.8091851851851852,safe,0.1,,False,0.04
1755016079,8,0.0,0.0,403.0,,,0.1,False,False,0.04
1755016080,8,0.0,4957.0,4948.0,0.9981843857171676,safe,0.1,False,False,0.04
1755016081,8,0.0,4459.0,3584.0,0.8037676609105181,safe,0.1,,False,0.04
1755016082,8,0.0,2864.0,2425.0,0.846717877094972,safe,0.1,False,False,0.04
1755016083,8,0.0,3054.0,2071.0,0.6781270464963982,safe,0.1,False,False,0.04
1755016084,8,0.0,2364.0,1565.0,0.6620135363790186,safe,0.1,False,False,0.04
1755016085,8,0.0,929.0,735.0,0.7911733046286329,safe,0.1,False,False,0.04
1755016086,8,0.0,522.0,442.0,0.8467432950191571,safe,0.1,False,False,0.04
1755016077,8,0.02,791.5399999999998,746.1737683064058,0.9426861160603456,safe,0.1,False,False,0.06
1755016078,8,0.02,3396.5,3364.017659724447,0.9904365257542904,safe,0.1,,False,0.06
1755016079,8,0.02,0.0,455.0839435474862,,,0.1,False,False,0.06
1755016080,8,0.02,4977.22,4969.000755084096,0.9983486273630856,safe,0.1,False,False,0.06
1755016081,8,0.02,4483.1,4453.740040051012,0.9934509692068016,safe,0.1,,False,0.06
1755016082,8,0.02,2892.64,2645.768587470104,0.9146553278216796,safe,0.1,False,False,0.06
1755016083,8,0.02,3084.54,2788.157932239465,0.9039136896391248,safe,0.1,False,False,0.06
1755016084,8,0.02,2387.64,2280.067169260001,0.9549459588798984,safe,0.1,False,False,0.06
1755016085,8,0.02,936.2,820.0751461874415,0.8759614891982925,safe,0.1,False,False,0.06
1755016086,8,0.02,527.22,452.9655693417144,0.8591585473648844,safe,0.1,False,False,0.06
1755016077,8,0.05,803.05,746.300982386329,0.9293331453662028,safe,0.1,False,False,0.06
1755016078,8,0.05,3428.75,3380.960202343508,0.986062034952536,safe,0.1,,False,0.06
1755016079,8,0.05,0.0,455.16059332451135,,,0.1,False,False,0.06
1755016080,8,0.05,5007.55,4998.962932591094,0.9982851759026058,safe,0.1,False,False,0.06
1755016081,8,0.05,4519.25,4483.109533676383,0.9920029946730946,safe,0.1,,False,0.06
1755016082,8,0.05,2935.6,2654.040864779932,0.904088044958418,safe,0.1,False,False,0.06
1755016083,8,0.05,3130.35,2795.0377125829173,0.8928834515574672,safe,0.1,False,False,0.06
1755016084,8,0.05,2423.1000000000004,2311.5416651909177,0.95396049077253,safe,0.1,False,False,0.06
1755016085,8,0.05,947.0,820.1647395873368,0.8660662508841994,safe,0.1,False,False,0.06
1755016086,8,0.05,535.05,454.2659941651232,0.849015968909678,safe,0.1,False,False,0.06
1755016077,8,0.1,822.1,756.2433504411645,0.9198921669397452,safe,0.1,False,True,0.08
1755016078,8,0.1,3482.5,3424.105040304912,0.9832318852275412,safe,0.1,,False,0.08
1755016079,8,0.1,0.0,455.02420032772864,,,0.1,False,False,0.08
1755016080,8,0.1,5058.1,5047.247649517143,0.9978544610658434,safe,0.1,False,False,0.08
1755016081,8,0.1,4524.9,4463.704862821956,0.986475913903502,safe,0.1,True,False,0.08
1755016082,8,0.1,3007.2,2705.5710398919714,0.8996977387243853,safe,0.1,False,False,0.08
1755016083,8,0.1,3206.7,3000.554364459517,0.935714087522848,safe,0.1,False,False,0.08
1755016084,8,0.1,2482.2,2373.353267051265,0.9561490883294116,safe,0.1,False,False,0.08
1755016085,8,0.1,964.8,825.4830701802663,0.8556001971188498,safe,0.1,False,False,0.08
1755016086,8,0.1,548.0999999999999,456.4021863041799,0.8326987526075167,safe,0.1,False,False,0.08
1755016077,8,0.2,887.4,776.6678459562179,0.8752173157045503,safe,0.2,False,True,0.16
1755016078,8,0.2,3590.0,3486.0590375328907,0.971047085663758,safe,0.2,,False,0.16
1755016079,8,0.2,0.0,456.7610020413412,,,0.2,False,False,0.16
1755016080,8,0.2,5159.2,5138.368822954595,0.9959623241887492,safe,0.2,False,False,0.16
1755016081,8,0.2,4534.9,4394.181091191575,0.9689697879096728,safe,0.2,True,False,0.16
1755016082,8,0.2,3150.4,2924.235815315031,0.9282109622000478,safe,0.2,False,False,0.16
1755016083,8,0.2,3359.4,2998.1323110020257,0.8924606510097117,safe,0.2,False,False,0.16
1755016084,8,0.2,2600.4,2422.8880732980188,0.9317366840863016,safe,0.2,False,False,0.16
1755016085,8,0.2,988.8,870.263257461098,0.8801206082737641,safe,0.2,False,False,0.16
1755016086,8,0.2,0.0,480.328497510026,,,0.2,False,False,0.16
1755016077,8,0.3,0.0,770.9043793824233,,,0.5,False,False,0.28
1755016078,8,0.3,3788.7,3664.354187626697,0.9671798209482664,safe,0.5,True,False,0.28
1755016079,8,0.3,0.0,526.1998573418446,,,0.5,False,False,0.28
1755016080,8,0.3,5260.3,5240.827602359699,0.9962982343896164,safe,0.5,False,False,0.28
1755016081,8,0.3,0.0,4618.475047679698,,,0.5,False,False,0.28
1755016082,8,0.3,0.0,2963.587956321377,,,0.5,False,False,0.28
1755016083,8,0.3,3512.1,3146.514851430383,0.89590696490145,safe,0.5,False,False,0.28
1755016084,8,0.3,2718.6000000000004,2484.504821674768,0.9138912755369554,safe,0.5,False,False,0.28
1755016085,8,0.3,1012.6,874.9594382190613,0.864072129388763,safe,0.5,False,False,0.28
1755016086,8,0.3,0.0,509.3103986479487,,,0.5,False,False,0.28
1755016077,8,0.4,0.0,791.9271883039773,,,0.6,False,False,0.43
1755016078,8,0.4,3996.8,3866.796199897428,0.9674730283970748,safe,0.6,True,False,0.43
1755016079,8,0.4,0.0,549.4893868803143,,,0.6,False,False,0.43
1755016080,8,0.4,5361.4,5335.545366431936,0.9951776339075497,safe,0.6,False,False,0.43
1755016081,8,0.4,0.0,4760.204071550772,,,0.6,False,False,0.43
1755016082,8,0.4,0.0,3070.875725252008,,,0.6,False,False,0.43
1755016083,8,0.4,3664.8,3179.883537792124,0.8676826942240022,safe,0.6,False,True,0.43
1755016084,8,0.4,2836.8,2667.4542008529806,0.9403039343108364,safe,0.6,False,False,0.43
1755016085,8,0.4,0.0,941.7135951033991,,,0.6,False,False,0.43
1755016086,8,0.4,0.0,534.7341236222874,,,0.6,False,False,0.43
1755016077,8,0.5,0.0,811.5455196651149,,,0.8,False,False,0.77
1755016078,8,0.5,0.0,4650.198209544837,,,0.8,False,False,0.77
1755016079,8,0.5,0.0,554.2775213780055,,,0.8,False,False,0.77
1755016080,8,0.5,0.0,6267.076567986456,,,0.8,False,False,0.77
1755016081,8,0.5,0.0,4729.502261582156,,,0.8,False,False,0.77
1755016082,8,0.5,0.0,3036.4400351833347,,,0.8,False,False,0.77
1755016083,8,0.5,4017.5,3440.6448422282424,0.8564143975677019,safe,0.8,False,True,0.77
1755016084,8,0.5,2955.0,2643.782485015124,0.8946810439983498,safe,0.8,False,False,0.77
1755016085,8,0.5,0.0,1009.4320465087052,,,0.8,False,False,0.77
1755016086,8,0.5,0.0,541.3070533908858,,,0.8,False,False,0.77
1755016087,8,0.0,2636.0,2408.0,0.91350531107739,safe,0.0,False,False,0.04
1755016088,8,0.0,764.0,643.0,0.8416230366492147,safe,0.0,False,False,0.04
1755016089,8,0.0,2783.0,2455.0,0.8821415738411786,safe,0.0,False,False,0.04
1755016090,8,0.0,2280.0,1558.0,0.6833333333333333,safe,0.0,False,False,0.04
1755016091,8,0.0,2584.0,2163.0,0.8370743034055728,safe,0.0,False,False,0.04
1755016092,8,0.0,2541.0,2058.0,0.8099173553719008,safe,0.0,False,False,0.04
1755016093,8,0.0,3627.0,3250.0,0.8960573476702509,safe,0.0,,False,0.04
1755016094,8,0.0,2932.0,2125.0,0.7247612551159618,safe,0.0,False,False,0.04
1755016095,8,0.0,4236.0,3825.0,0.9029745042492918,safe,0.0,False,False,0.04
1755016096,8,0.0,3301.0,2790.0,0.8451984247197819,safe,0.0,,False,0.04
1755016087,8,0.02,2662.36,2538.089323556139,0.9533231131613076,safe,0.1,False,False,0.06
1755016088,8,0.02,771.6399999999999,653.0373009471659,0.8462978862515759,safe,0.1,False,False,0.06
1755016089,8,0.02,2810.6,2615.723365448569,0.9306636894074464,safe,0.1,False,False,0.06
1755016090,8,0.02,2303.1,2272.4726934642013,0.9867017035579008,safe,0.1,False,False,0.06
1755016091,8,0.02,2609.84,2483.091853578151,0.9514345145978876,safe,0.1,False,False,0.06
1755016092,8,0.02,0.0,2438.5821222327813,,,0.1,False,False,0.06
1755016093,8,0.02,3647.3,3620.15245445694,0.9925568103684752,safe,0.1,,False,0.06
1755016094,8,0.02,2961.32,2825.1209511568304,0.954007318073302,safe,0.1,False,False,0.06
1755016095,8,0.02,4258.42,4184.733260854295,0.9826962255611928,safe,0.1,False,False,0.06
1755016096,8,0.02,3321.02,3314.210280370117,0.9979495095994956,safe,0.1,,False,0.06
1755016087,8,0.05,2701.9,2568.23676052901,0.950529908778641,safe,0.1,False,False,0.06
1755016088,8,0.05,799.35,783.1200693235705,0.9796960897273668,safe,0.1,False,True,0.06
1755016089,8,0.05,2852.1,2617.30098763975,0.91767504212326,safe,0.1,False,False,0.06
1755016090,8,0.05,2337.5,2287.469100138472,0.9785964064763516,safe,0.1,False,False,0.06
1755016091,8,0.05,2648.6000000000004,2483.459270728051,0.9376498039447446,safe,0.1,False,False,0.06
1755016092,8,0.05,0.0,2481.572193180364,,,0.1,False,False,0.06
1755016093,8,0.05,3677.75,3654.1942433458894,0.9935950631081204,safe,0.1,,False,0.06
1755016094,8,0.05,3005.3,2825.317756763485,0.9401117215464296,safe,0.1,False,False,0.06
1755016095,8,0.05,4292.049999999999,4207.0549549312655,0.9801970981072602,safe,0.1,False,False,0.06
1755016096,8,0.05,3351.05,3336.9170762707686,0.9957825386881032,safe,0.1,,False,0.06
1755016087,8,0.1,2767.8,2608.4283507084738,0.9424193766559988,safe,0.2,False,False,0.08
1755016088,8,0.1,0.0,653.2534524221846,,,0.2,False,False,0.08
1755016089,8,0.1,2922.1,2714.7376832859272,0.929036543337301,safe,0.2,False,False,0.08
1755016090,8,0.1,2395.0,2306.0112496274605,0.9628439455647017,safe,0.2,False,False,0.08
1755016091,8,0.1,2713.2,2472.906601457702,0.911435427339563,safe,0.2,False,False,0.08
1755016092,8,0.1,0.0,2509.498319331992,,,0.2,False,False,0.08
1755016093,8,0.1,3728.499999999999,3681.103671424017,0.9872880974719104,safe,0.2,,False,0.08
1755016094,8,0.1,3078.6,2835.154721073195,0.9209233811060856,safe,0.2,False,False,0.08
1755016095,8,0.1,4348.1,4244.906755542874,0.976267048950777,safe,0.2,False,False,0.08
1755016096,8,0.1,3405.8,3363.113993360774,0.9874666725470592,safe,0.2,True,False,0.08
1755016087,8,0.2,2899.6,2708.938794383042,0.9342456871234108,safe,0.2,False,False,0.16
1755016088,8,0.2,0.0,766.0022108793783,,,0.2,False,False,0.16
1755016089,8,0.2,3062.2,2764.2005860579648,0.9026845359734716,safe,0.2,False,False,0.16
1755016090,8,0.2,2510.0,2397.3598887607004,0.9551234616576496,safe,0.2,False,False,0.16
1755016091,8,0.2,2842.4,2654.9697046207903,0.9340591417889076,safe,0.2,False,False,0.16
1755016092,8,0.2,0.0,2597.8664428433985,,,0.2,False,False,0.16
1755016093,8,0.2,3830.0,3772.1589721459295,0.9848979039545508,safe,0.2,,False,0.16
1755016094,8,0.2,3225.2,2936.428945081323,0.910464140233574,safe,0.2,False,False,0.16
1755016095,8,0.2,4435.700000000001,4317.988383932212,0.9734626741962286,safe,0.2,False,False,0.16
1755016096,8,0.2,3615.6,3563.7169504853664,0.985650224163449,safe,0.2,True,False,0.16
1755016087,8,0.3,3081.4,2794.114324004673,0.906767808140674,safe,0.2,False,True,0.28
1755016088,8,0.3,0.0,776.0583246367314,,,0.2,False,False,0.28
1755016089,8,0.3,3202.3,2831.5690553535896,0.8842297896366953,safe,0.2,False,False,0.28
1755016090,8,0.3,2625.0,2458.7960175096523,0.9366841971465342,safe,0.2,False,False,0.28
1755016091,8,0.3,2971.6000000000004,2654.108790148615,0.8931581606369008,safe,0.2,False,False,0.28
1755016092,8,0.3,0.0,2641.570631149114,,,0.2,False,False,0.28
1755016093,8,0.3,3931.5,3825.5191425118055,0.973043149564239,safe,0.2,,False,0.28
1755016094,8,0.3,3371.8,3026.987059256833,0.8977362415495679,safe,0.2,False,False,0.28
1755016095,8,0.3,4426.6,4292.375108377544,0.9696776551704568,safe,0.2,False,False,0.28
1755016096,8,0.3,4070.1,3987.435229759147,0.9796897446645406,safe,0.2,True,False,0.28
1755016087,8,0.4,3213.2,2990.437530939836,0.9306727035166924,safe,0.3,False,True,0.43
1755016088,8,0.4,0.0,787.1525878595276,,,0.3,False,False,0.43
1755016089,8,0.4,3342.4,2964.997945861045,0.887086508455315,safe,0.3,False,False,0.43
1755016090,8,0.4,2740.0,2590.3085209287306,0.9453680733316536,safe,0.3,False,False,0.43
1755016091,8,0.4,3100.8,2887.064427576443,0.9310708293267682,safe,0.3,False,False,0.43
1755016092,8,0.4,0.0,2776.286995168706,,,0.3,False,False,0.43
1755016093,8,0.4,4033.000000000001,3939.2228896901374,0.976747555093017,safe,0.3,,True,0.43
1755016094,8,0.4,3518.4,3087.455689547438,0.8775169649691446,safe,0.3,False,False,0.43
1755016095,8,0.4,0.0,4483.459554744821,,,0.3,False,False,0.43
1755016096,8,0.4,4060.5,3977.340464819573,0.9795198780493962,safe,0.3,True,False,0.43
1755016087,8,0.5,0.0,2939.6491196335865,,,1.0,False,False,0.77
1755016088,8,0.5,0.0,795.9922173570667,,,1.0,False,False,0.77
1755016089,8,0.5,0.0,2981.7592057335487,,,1.0,False,False,0.77
1755016090,8,0.5,0.0,2609.741430720913,,,1.0,False,False,0.77
1755016091,8,0.5,0.0,2915.7478892776808,,,1.0,False,False,0.77
1755016092,8,0.5,0.0,2848.8873996693565,,,1.0,False,False,0.77
1755016093,8,0.5,0.0,3967.122335642592,,,1.0,False,False,0.77
1755016094,8,0.5,0.0,3225.680657038538,,,1.0,False,False,0.77
1755016095,8,0.5,0.0,4590.113100733968,,,1.0,False,False,0.77
1755016096,8,0.5,0.0,4609.533637805134,,,1.0,False,False,0.77
1755016097,8,0.0,1109.0,1109.0,1.0,safe,0.0,True,False,0.04
1755016098,8,0.0,2960.0,2518.0,0.8506756756756757,safe,0.0,False,False,0.04
1755016099,8,0.0,2357.0,1815.0,0.7700466694951209,safe,0.0,False,False,0.04
1755016100,8,0.0,2784.0,2070.0,0.7435344827586207,safe,0.0,False,False,0.04
1755016101,8,0.0,2512.0,1702.0,0.677547770700637,safe,0.0,False,False,0.04
1755016102,8,0.0,1012.9,794.9,0.7847763846381677,safe,0.0,True,False,0.04
1755016103,8,0.0,5094.0,4537.0,0.8906556733411857,safe,0.0,,False,0.04
1755016104,8,0.0,1063.0,1059.0,0.9962370649106302,safe,0.0,False,False,0.04
1755016105,8,0.0,2576.0,1834.0,0.7119565217391305,safe,0.0,False,False,0.04
1755016106,8,0.0,2822.0,2091.0,0.7409638554216867,safe,0.0,False,False,0.04
1755016097,8,0.02,1119.7,1119.597025107214,0.9999080334975564,safe,0.0,True,False,0.06
1755016098,8,0.02,2989.02,2719.6700337479488,0.9098868638376286,safe,0.0,False,False,0.06
1755016099,8,0.02,2381.46,2296.0687920361734,0.9641433372956814,safe,0.0,False,False,0.06
1755016100,8,0.02,2811.84,2691.8838265487693,0.957338904969262,safe,0.0,False,False,0.06
1755016101,8,0.02,2537.12,2440.1009485775785,0.9617601645084104,safe,0.0,False,False,0.06
1755016102,8,0.02,1015.02,990.0936349077992,0.9754424887271178,safe,0.0,True,False,0.06
1755016103,8,0.02,5115.02,5106.777391587594,0.998388548155744,safe,0.0,,False,0.06
1755016104,8,0.02,1067.1,1064.090559237011,0.997179794992982,safe,0.0,False,False,0.06
1755016105,8,0.02,2601.76,2505.423272750237,0.9629724773807874,safe,0.0,False,False,0.06
1755016106,8,0.02,2850.22,2742.004947879085,0.9620327370796238,safe,0.0,False,False,0.06
1755016097,8,0.05,1135.7,1134.8278578802783,0.9992320664614583,safe,0.0,True,False,0.06
1755016098,8,0.05,3032.55,2722.7393268717187,0.8978382308195144,safe,0.0,False,False,0.06
1755016099,8,0.05,2416.8,2298.971489959499,0.9512460650279292,safe,0.0,False,False,0.06
1755016100,8,0.05,2853.5999999999995,2731.3070946307853,0.9571443421049852,safe,0.0,False,False,0.06
1755016101,8,0.05,2574.8,2452.657263733493,0.9525622431775256,safe,0.0,False,False,0.06
1755016102,8,0.05,1018.2,986.325168360548,0.9686949208019524,safe,0.0,True,False,0.06
1755016103,8,0.05,5146.55,5124.109987479005,0.9956397951013796,safe,0.0,,False,0.06
1755016104,8,0.05,1073.25,1069.2211853477347,0.9962461545285206,safe,0.0,False,False,0.06
1755016105,8,0.05,2640.4,2544.426594539186,0.9636519446065696,safe,0.0,False,False,0.06
1755016106,8,0.05,2892.55,2743.8189666329854,0.9485813440158288,safe,0.0,False,False,0.06
1755016097,8,0.1,1162.2,1161.8461131470394,0.9996955026217856,safe,0.0,True,False,0.08
1755016098,8,0.1,3105.1,2823.1380636317044,0.9091939272911354,safe,0.0,False,False,0.08
1755016099,8,0.1,2475.7,2335.3379921743435,0.9433041128466064,safe,0.0,False,False,0.08
1755016100,8,0.1,2973.2000000000003,2770.5736041216005,0.9318490529132248,safe,0.0,False,True,0.08
1755016101,8,0.1,2637.6,2507.925863007952,0.9508363144555474,safe,0.0,False,False,0.08
1755016102,8,0.1,1023.4,986.6463332203268,0.964086704338799,safe,0.0,True,False,0.08
1755016103,8,0.1,5199.1,5182.6878069202585,0.9968432626647415,safe,0.0,,False,0.08
1755016104,8,0.1,1095.2,1093.6284969370972,0.9985650994677658,safe,0.0,False,False,0.08
1755016105,8,0.1,2704.8,2588.5505986441785,0.957021073145585,safe,0.0,False,False,0.08
1755016106,8,0.1,2963.1,2794.992329466724,0.9432662851293322,safe,0.0,False,False,0.08
1755016097,8,0.2,1306.0,1304.195209238707,0.9986180775181526,safe,0.1,,True,0.16
1755016098,8,0.2,3252.2,2829.3773564065923,0.8699887326752944,safe,0.1,False,False,0.16
1755016099,8,0.2,2593.3,2446.5622053784755,0.943416575551797,safe,0.1,False,False,0.16
1755016100,8,0.2,3082.4000000000005,2861.082302510289,0.9281995531113056,safe,0.1,False,True,0.16
1755016101,8,0.2,2763.2,2575.1446155241324,0.931942897916956,safe,0.1,False,False,0.16
1755016102,8,0.2,1033.9,977.1944394489292,0.9451537280674428,safe,0.1,True,False,0.16
1755016103,8,0.2,5304.2,5229.175185568696,0.9858555834185544,safe,0.1,,False,0.16
1755016104,8,0.2,0.0,1242.9320578675015,,,0.1,False,False,0.16
1755016105,8,0.2,2833.6,2670.3994869869352,0.9424052396198952,safe,0.1,False,False,0.16
1755016106,8,0.2,3104.2000000000003,2840.982993502166,0.9152061701894744,safe,0.1,False,False,0.16
1755016097,8,0.3,0.0,1323.4251390766876,,,0.2,False,False,0.28
1755016098,8,0.3,3402.3,2943.935997494996,0.8652781934265042,safe,0.2,False,False,0.28
1755016099,8,0.3,2711.0,2524.7969925939874,0.9313157479136804,safe,0.2,False,False,0.28
1755016100,8,0.3,0.0,2966.2551777279664,,,0.2,False,False,0.28
1755016101,8,0.3,2888.8,2687.482089920369,0.9303108868458768,safe,0.2,False,False,0.28
1755016102,8,0.3,1044.4,985.1890434608392,0.943306246132554,safe,0.2,True,False,0.28
1755016103,8,0.3,5409.3,5335.466654179141,0.9863506653687428,safe,0.2,,False,0.28
1755016104,8,0.3,1336.3,1334.1893366339937,0.9984205168255584,safe,0.2,False,True,0.28
1755016105,8,0.3,2962.4,2736.1661469907726,0.923631564606661,safe,0.2,False,False,0.28
1755016106,8,0.3,3245.3,2987.8879210507075,0.9206815767573746,safe,0.2,False,False,0.28
1755016097,8,0.4,0.0,1344.236182642897,,,0.5,False,False,0.43
1755016098,8,0.4,3552.4,3084.2111211258343,0.8682049096739766,safe,0.5,False,True,0.43
1755016099,8,0.4,2828.7,2565.809079032756,0.9070629897241688,safe,0.5,False,False,0.43
1755016100,8,0.4,0.0,3009.9235111432645,,,0.5,False,False,0.43
1755016101,8,0.4,3014.4,2744.919753199473,0.91060235973974,safe,0.5,False,False,0.43
1755016102,8,0.4,1099.2,1069.3840871339733,0.9728748973198448,safe,0.5,True,True,0.43
1755016103,8,0.4,0.0,5974.740052800218,,,0.5,False,False,0.43
1755016104,8,0.4,0.0,1337.0081572125073,,,0.5,False,False,0.43
1755016105,8,0.4,3091.2,2835.6950423548205,0.9173444106996702,safe,0.5,False,False,0.43
1755016106,8,0.4,0.0,3038.3008679181985,,,0.5,False,False,0.43
1755016097,8,0.5,0.0,1556.2136322167644,,,0.8,False,False,0.77
1755016098,8,0.5,0.0,3125.852900031754,,,0.8,False,False,0.77
1755016099,8,0.5,0.0,2708.446326416125,,,0.8,False,False,0.77
1755016100,8,0.5,0.0,3103.074056012425,,,0.8,False,False,0.77
1755016101,8,0.5,3140.0,2846.44082441946,0.9065098166940956,safe,0.8,False,False,0.77
1755016102,8,0.5,0.0,1059.3492622354115,,,0.8,False,False,0.77
1755016103,8,0.5,0.0,6512.9377438676165,,,0.8,False,False,0.77
1755016104,8,0.5,0.0,1517.9669079243986,,,0.8,False,False,0.77
1755016105,8,0.5,3220.0,2905.3282392545234,0.9022758507001626,safe,0.8,False,False,0.77
1755016106,8,0.5,0.0,3154.918807867254,,,0.8,False,False,0.77
1755016107,8,0.0,3212.0,2021.0,0.6292029887920298,safe,0.0,False,False,0.04
1755016108,8,0.0,2462.0,1641.0,0.6665312753858651,safe,0.0,False,False,0.04
1755016109,8,0.0,2652.0,2087.0,0.7869532428355958,safe,0.0,False,False,0.04
1755016110,8,0.0,1405.0,1376.0,0.9793594306049822,safe,0.0,,False,0.04
1755016111,8,0.0,2230.0,1831.0,0.8210762331838565,safe,0.0,False,False,0.04
1755016112,8,0.0,3152.0,2774.0,0.8800761421319797,safe,0.0,False,False,0.04
1755016113,8,0.0,1235.0,1146.0,0.9279352226720649,safe,0.0,False,False,0.04
1755016114,8,0.0,4275.0,3243.0,0.7585964912280702,safe,0.0,False,False,0.04
1755016115,8,0.0,4357.0,4357.0,1.0,safe,0.0,,False,0.04
1755016116,8,0.0,2472.0,1943.0,0.7860032362459547,safe,0.0,False,False,0.04
1755016107,8,0.02,3244.12,2911.802945407445,0.8975632668974776,safe,0.0,False,False,0.06
1755016108,8,0.02,2486.62,2391.897004876725,0.9619069278284278,safe,0.0,False,False,0.06
1755016109,8,0.02,2678.52,2487.984102837137,0.9288652326049972,safe,0.0,False,False,0.06
1755016110,8,0.02,1411.4,1379.6973316951626,0.9775381406370712,safe,0.0,,False,0.06
1755016111,8,0.02,2252.3,2152.2375672426974,0.9555732217034576,safe,0.0,False,False,0.06
1755016112,8,0.02,3179.0,2993.6207131095907,0.9416862891190912,safe,0.0,False,False,0.06
1755016113,8,0.02,1242.52,1147.8926107187144,0.92384236126478,safe,0.0,False,False,0.06
1755016114,8,0.02,4301.139999999999,4146.944441285475,0.9641500721402873,safe,0.0,False,False,0.06
1755016115,8,0.02,4377.0,4376.683502507978,0.9999276907717564,safe,0.0,,False,0.06
1755016116,8,0.02,2496.7200000000003,2392.0758413012463,0.9580873471199196,safe,0.0,False,False,0.06
1755016107,8,0.05,3292.3,2913.057825901557,0.8848093508797974,safe,0.0,False,False,0.06
1755016108,8,0.05,2523.55,2393.2225500936547,0.948355511122686,safe,0.0,False,False,0.06
1755016109,8,0.05,2718.3,2539.973267158944,0.9343976997237036,safe,0.0,False,False,0.06
1755016110,8,0.05,1421.0,1385.3832468293112,0.9749354305624992,safe,0.0,,False,0.06
1755016111,8,0.05,2285.75,2182.6551228638205,0.9548966959920464,safe,0.0,False,False,0.06
1755016112,8,0.05,3219.5,3021.648271592217,0.9385458212741784,safe,0.0,False,False,0.06
1755016113,8,0.05,1253.8,1150.5083381959448,0.917617114528589,safe,0.0,False,False,0.06
1755016114,8,0.05,4340.35,4152.109917651601,0.9566302067002892,safe,0.0,False,False,0.06
1755016115,8,0.05,4407.0,4405.0295892822905,0.9995528906926006,safe,0.0,,False,0.06
1755016116,8,0.05,2533.8,2388.9983087232504,0.942851964923534,safe,0.0,False,False,0.06
1755016107,8,0.1,3372.6000000000004,3099.60269221406,0.9190543474512424,safe,0.0,False,False,0.08
1755016108,8,0.1,2585.1000000000004,2443.7350276486686,0.9453154723796636,safe,0.0,False,False,0.08
1755016109,8,0.1,2784.6,2589.982431470201,0.930109326822596,safe,0.0,False,False,0.08
1755016110,8,0.1,1437.0,1395.6855765785876,0.9712495313699288,safe,0.0,,False,0.08
1755016111,8,0.1,2341.5,2206.5486764112784,0.9423654394239924,safe,0.0,False,False,0.08
1755016112,8,0.1,3287.0,3069.790764270794,0.93391869920012,safe,0.0,False,False,0.08
1755016113,8,0.1,1219.6,1153.4931928426522,0.9457963207958776,safe,0.0,False,False,0.08
1755016114,8,0.1,4405.700000000001,4156.920051407529,0.9435322539908592,safe,0.0,False,False,0.08
1755016115,8,0.1,4457.0,4454.052979590197,0.9993387883307598,safe,0.0,,False,0.08
1755016116,8,0.1,2595.6,2478.138595322353,0.9547459528904118,safe,0.0,False,False,0.08
1755016107,8,0.2,3533.2000000000003,3127.78859500824,0.8852565931756594,safe,0.4,False,False,0.16
1755016108,8,0.2,2708.2,2546.874568758176,0.9404307542863068,safe,0.4,False,False,0.16
1755016109,8,0.2,2917.2,2688.0905052749767,0.9214625343737066,safe,0.4,False,False,0.16
1755016110,8,0.2,0.0,1413.73754833973,,,0.4,False,False,0.16
1755016111,8,0.2,2453.0,2297.5815129394136,0.9366414647123578,safe,0.4,False,False,0.16
1755016112,8,0.2,0.0,3169.1133810072497,,,0.4,False,False,0.16
1755016113,8,0.2,0.0,1214.67227456623,,,0.4,False,False,0.16
1755016114,8,0.2,4536.4,4359.573933619064,0.9610206184681828,safe,0.4,False,False,0.16
1755016115,8,0.2,0.0,4546.771656826866,,,0.4,False,False,0.16
1755016116,8,0.2,2719.2,2524.9432036151807,0.9285610486963742,safe,0.4,False,False,0.16
1755016107,8,0.3,3693.8,3147.995810838314,0.8522377526770031,safe,0.3,False,False,0.28
1755016108,8,0.3,2831.3,2583.8905890520755,0.9126163207897698,safe,0.3,False,False,0.28
1755016109,8,0.3,3049.8,2737.8616336494306,0.8977184187977673,safe,0.3,False,False,0.28
1755016110,8,0.3,0.0,1433.7466460891592,,,0.3,False,False,0.28
1755016111,8,0.3,2564.5,2407.651532413448,0.9388385776617072,safe,0.3,False,False,0.28
1755016112,8,0.3,0.0,3267.0223875587726,,,0.3,False,False,0.28
1755016113,8,0.3,0.0,1219.1998289436451,,,0.3,False,False,0.28
1755016114,8,0.3,4667.6,4426.941848385303,0.9484407079409768,safe,0.3,False,False,0.28
1755016115,8,0.3,4963.300000000001,4960.827328753192,0.9995018090289104,safe,0.3,True,True,0.28
1755016116,8,0.3,2842.8,2649.896049784181,0.9321429751597652,safe,0.3,False,False,0.28
1755016107,8,0.4,0.0,3320.2282033020606,,,0.5,False,False,0.43
1755016108,8,0.4,2954.4,2737.2223057425363,0.9264900845324048,safe,0.5,False,False,0.43
1755016109,8,0.4,3182.4,2902.7606966573803,0.9121294295680558,safe,0.5,False,False,0.43
1755016110,8,0.4,0.0,1452.0049124907146,,,0.5,False,False,0.43
1755016111,8,0.4,2676.0,2448.931935553544,0.9151464632113392,safe,0.5,False,False,0.43
1755016112,8,0.4,0.0,3326.280167280478,,,0.5,False,False,0.43
1755016113,8,0.4,0.0,1278.454736970867,,,0.5,False,False,0.43
1755016114,8,0.4,4773.700000000001,4443.007742246304,0.930726217032135,safe,0.5,False,False,0.43
1755016115,8,0.4,0.0,5442.949295420607,,,0.5,False,False,0.43
1755016116,8,0.4,2966.4,2710.6071628227764,0.913769944317279,safe,0.5,False,False,0.43
1755016107,8,0.5,0.0,3334.382867693341,,,0.6,False,False,0.77
1755016108,8,0.5,3077.5,2838.659635606935,0.9223914331785328,safe,0.6,False,False,0.77
1755016109,8,0.5,3315.0,2885.4265089740147,0.8704152364929154,safe,0.6,False,False,0.77
1755016110,8,0.5,0.0,1636.989508132756,,,0.6,False,False,0.77
1755016111,8,0.5,2787.5,2500.7372005465413,0.8971254531108669,safe,0.6,False,False,0.77
1755016112,8,0.5,0.0,3418.8855917988403,,,0.6,False,False,0.77
1755016113,8,0.5,0.0,1329.7319455777215,,,0.6,False,False,0.77
1755016114,8,0.5,0.0,4560.020481465849,,,0.6,False,False,0.77
1755016115,8,0.5,0.0,5542.634088012273,,,0.6,False,False,0.77
1755016116,8,0.5,3090.0,2738.528110598338,0.8862550519735722,safe,0.6,False,False,0.77
1755016117,8,0.0,725.0,674.0,0.9296551724137933,safe,0.1,False,False,0.04
1755016118,8,0.0,1318.0,1249.0,0.947647951441578,safe,0.1,,False,0.04
1755016119,8,0.0,2764.0,2114.0,0.7648335745296672,safe,0.1,False,False,0.04
1755016120,8,0.0,3759.0,3550.0,0.9444001064112796,safe,0.1,False,False,0.04
1755016121,8,0.0,2284.0,1754.0,0.7679509632224168,safe,0.1,False,False,0.04
1755016122,8,0.0,4007.0,3762.0,0.9388570002495632,safe,0.1,False,False,0.04
1755016123,8,0.0,627.0,486.0,0.7751196172248804,safe,0.1,False,False,0.04
1755016124,8,0.0,3106.0,2241.0,0.7215067611075338,safe,0.1,False,False,0.04
1755016125,8,0.0,772.0,651.0,0.8432642487046632,safe,0.1,True,False,0.04
1755016126,8,0.0,0.0,793.0,,,0.1,False,False,0.04
1755016117,8,0.02,728.02,725.0056887516839,0.9958595763188978,safe,0.1,False,False,0.06
1755016118,8,0.02,1324.0,1252.9246056003758,0.9463176779459032,safe,0.1,,False,0.06
1755016119,8,0.02,2791.6399999999994,2524.993270748353,0.9044838413077452,safe,0.1,False,False,0.06
1755016120,8,0.02,3781.660000000001,3570.00915796885,0.9440322921597524,safe,0.1,False,False,0.06
1755016121,8,0.02,2306.84,2254.035083477898,0.977109415251122,safe,0.1,False,False,0.06
1755016122,8,0.02,4029.0,3962.730739652536,0.9835519333960128,safe,0.1,False,False,0.06
1755016123,8,0.02,634.16,563.9967585940782,0.889360348483156,safe,0.1,False,False,0.06
1755016124,8,0.02,3137.06,2937.992273578451,0.9365432199506708,safe,0.1,False,False,0.06
1755016125,8,0.02,781.8000000000001,760.1330541425923,0.972285820085178,safe,0.1,True,False,0.06
1755016126,8,0.02,0.0,808.8051512274942,,,0.1,False,False,0.06
1755016117,8,0.05,732.5500000000001,727.0161145418388,0.9924457232159424,safe,0.1,False,False,0.06
1755016118,8,0.05,1333.0,1258.3365833299104,0.9439884346060844,safe,0.1,,False,0.06
1755016119,8,0.05,2833.1000000000004,2624.9338182325846,0.9265235319023628,safe,0.1,False,False,0.06
1755016120,8,0.05,3815.65,3588.430725292088,0.9404507031022468,safe,0.1,False,False,0.06
1755016121,8,0.05,2341.1,2254.134126601004,0.9628525593101552,safe,0.1,False,False,0.06
1755016122,8,0.05,4062.0,3963.911061614736,0.9758520584969806,safe,0.1,False,False,0.06
1755016123,8,0.05,643.55,570.0124325476216,0.8857313845818067,safe,0.1,False,False,0.06
1755016124,8,0.05,3183.65,2939.0022816356263,0.9231549578740208,safe,0.1,False,False,0.06
1755016125,8,0.05,796.35,773.438922147343,0.9712298890529828,safe,0.1,True,False,0.06
1755016126,8,0.05,0.0,810.1544996650282,,,0.1,False,False,0.06
1755016117,8,0.1,740.0999999999999,729.0190620691683,0.9850277828255214,safe,0.1,False,False,0.08
1755016118,8,0.1,1348.0,1268.3242096673494,0.9408933306137608,safe,0.1,,False,0.08
1755016119,8,0.1,2902.2000000000003,2624.9422926104453,0.9044663677935516,safe,0.1,False,False,0.08
1755016120,8,0.1,3872.3000000000006,3639.187069243456,0.9397998784297332,safe,0.1,False,False,0.08
1755016121,8,0.1,2398.2,2332.9497236329426,0.9727919788311828,safe,0.1,False,False,0.08
1755016122,8,0.1,4117.0,4015.174764600095,0.9752671276657991,safe,0.1,False,False,0.08
1755016123,8,0.1,659.0999999999999,578.9970428112536,0.8784661550770044,safe,0.1,False,False,0.08
1755016124,8,0.1,3261.3,2935.981297416242,0.9002487650373292,safe,0.1,False,False,0.08
1755016125,8,0.1,820.6,796.4890713408258,0.9706179275418302,safe,0.1,True,False,0.08
1755016126,8,0.1,0.0,904.3881359832744,,,0.1,False,False,0.08
1755016117,8,0.2,0.0,734.0190696229402,,,0.1,False,False,0.16
1755016118,8,0.2,1416.2,1326.3557930700335,0.936559661820388,safe,0.1,True,True,0.16
1755016119,8,0.2,3040.4,2725.94590307647,0.8965747609118768,safe,0.1,False,False,0.16
1755016120,8,0.2,3985.6,3737.719334514977,0.9378059349947252,safe,0.1,False,False,0.16
1755016121,8,0.2,2512.4,2384.131353127377,0.948945770230607,safe,0.1,False,False,0.16
1755016122,8,0.2,4324.0,4217.009108860013,0.9752565006614276,safe,0.1,False,False,0.16
1755016123,8,0.2,690.3,595.0410304411162,0.862003520847626,safe,0.1,False,False,0.16
1755016124,8,0.2,3416.6000000000004,2937.9408345993293,0.8599019008954308,safe,0.1,False,False,0.16
1755016125,8,0.2,869.3,848.6274649606585,0.9762193316008956,safe,0.1,True,False,0.16
1755016126,8,0.2,1128.2,1063.2786460513366,0.9424558110719168,safe,0.1,False,True,0.16
1755016117,8,0.3,0.0,735.9878578234275,,,0.5,False,False,0.28
1755016118,8,0.3,0.0,1498.4540467350853,,,0.5,False,False,0.28
1755016119,8,0.3,3178.6,2828.874664804549,0.8899750408370192,safe,0.5,False,False,0.28
1755016120,8,0.3,4098.9,3839.645514910648,0.9367502293080212,safe,0.5,False,False,0.28
1755016121,8,0.3,2631.6,2456.053737490136,0.9332929539026203,safe,0.5,False,True,0.28
1755016122,8,0.3,0.0,4521.746111942612,,,0.5,False,False,0.28
1755016123,8,0.3,721.4999999999999,607.900517443969,0.8425509597283009,safe,0.5,False,False,0.28
1755016124,8,0.3,3771.9,3340.975154329688,0.8857539050159569,safe,0.5,False,True,0.28
1755016125,8,0.3,0.0,994.4315749305324,,,0.5,False,False,0.28
1755016126,8,0.3,0.0,904.8892615522436,,,0.5,False,False,0.28
1755016117,8,0.4,0.0,744.2449813638486,,,0.5,False,False,0.43
1755016118,8,0.4,0.0,1554.2255174147576,,,0.5,False,False,0.43
1755016119,8,0.4,3316.8,2959.287761290616,0.8922116984113049,safe,0.5,False,False,0.43
1755016120,8,0.4,4212.199999999999,3909.038079893259,0.9280276529825886,safe,0.5,False,False,0.43
1755016121,8,0.4,2741.8,2556.6574981303856,0.9324741039209226,safe,0.5,False,True,0.43
1755016122,8,0.4,0.0,5061.561863230629,,,0.5,False,False,0.43
1755016123,8,0.4,752.7,733.0785609423119,0.973931926321658,safe,0.5,False,True,0.43
1755016124,8,0.4,3985.3,3575.9531906969846,0.8972858230740434,safe,0.5,False,True,0.43
1755016125,8,0.4,0.0,1014.7631204926356,,,0.5,False,False,0.43
1755016126,8,0.4,0.0,918.2352823732832,,,0.5,False,False,0.43
1755016117,8,0.5,0.0,747.8458732361105,,,0.8,False,False,0.77
1755016118,8,0.5,0.0,1677.902193185917,,,0.8,False,False,0.77
1755016119,8,0.5,3455.0,3083.174636768059,0.8923805026825062,safe,0.8,False,False,0.77
1755016120,8,0.5,0.0,3934.564398121999,,,0.8,False,False,0.77
1755016121,8,0.5,0.0,2641.9211331826355,,,0.8,False,False,0.77
1755016122,8,0.5,0.0,5314.474680574538,,,0.8,False,False,0.77
1755016123,8,0.5,0.0,671.2440170562525,,,0.8,False,False,0.77
1755016124,8,0.5,3982.5,3560.906897245067,0.8941385806013978,safe,0.8,False,True,0.77
1755016125,8,0.5,0.0,1036.253804360007,,,0.8,False,False,0.77
1755016126,8,0.5,0.0,950.6599925762436,,,0.8,False,False,0.77
1755016127,8,0.0,3010.0,1846.0,0.6132890365448505,safe,0.1,False,False,0.04
1755016128,8,0.0,2762.0,2533.0,0.9170890658942796,safe,0.1,False,False,0.04
1755016129,8,0.0,431.0,361.0,0.8375870069605569,safe,0.1,False,False,0.04
1755016130,8,0.0,6225.0,5229.0,0.84,safe,0.1,False,False,0.04
1755016131,8,0.0,0.0,2014.0,,,0.1,False,False,0.04
1755016132,8,0.0,3250.0,2974.0,0.9150769230769232,safe,0.1,False,False,0.04
1755016133,8,0.0,3050.0,2835.0,0.9295081967213116,safe,0.1,False,False,0.04
1755016134,8,0.0,2682.0,2182.0,0.8135719612229679,safe,0.1,False,False,0.04
1755016135,8,0.0,596.0,545.0,0.9144295302013424,safe,0.1,False,False,0.04
1755016136,8,0.0,2256.0,2213.0,0.9809397163120568,safe,0.1,False,False,0.04
1755016127,8,0.02,3040.0999999999995,2906.8383529241883,0.9561653738114498,safe,0.1,False,False,0.06
1755016128,8,0.02,2789.62,2542.991025904763,0.9115904768049996,safe,0.1,False,False,0.06
1755016129,8,0.02,435.36,425.0261182443087,0.9762635939091986,safe,0.1,False,False,0.06
1755016130,8,0.02,6228.22,6189.725707299542,0.9938193749256676,safe,0.1,False,False,0.06
1755016131,8,0.02,0.0,2832.7643264563667,,,0.1,False,False,0.06
1755016132,8,0.02,3282.5,2974.2271589734883,0.9060859585600878,safe,0.1,False,False,0.06
1755016133,8,0.02,3080.5,2838.3624943178147,0.9213966870046468,safe,0.1,False,False,0.06
1755016134,8,0.02,2708.82,2552.0313809952504,0.9421192183294756,safe,0.1,False,False,0.06
1755016135,8,0.02,602.96,598.7613627796086,0.9930366239545052,safe,0.1,False,True,0.06
1755016136,8,0.02,2278.56,2213.726962818764,0.9715464867366952,safe,0.1,False,False,0.06
1755016127,8,0.05,3085.25,2897.091127449172,0.9390134113764432,safe,0.1,False,False,0.06
1755016128,8,0.05,2831.05,2568.1357542573464,0.9071318960305704,safe,0.1,False,False,0.06
1755016129,8,0.05,446.3499999999999,436.0129579841703,0.9768409498917224,safe,0.1,False,False,0.06
1755016130,8,0.05,5306.25,5263.459191316193,0.9919357722150658,safe,0.1,False,False,0.06
1755016131,8,0.05,0.0,2857.2123909525108,,,0.1,False,False,0.06
1755016132,8,0.05,3331.25,2974.593382768042,0.8929360998928456,safe,0.1,False,False,0.06
1755016133,8,0.05,3126.25,2844.3667434537783,0.909833424535395,safe,0.1,False,False,0.06
1755016134,8,0.05,2749.05,2571.9891178008943,0.935591974609736,safe,0.1,False,False,0.06
1755016135,8,0.05,630.9,554.6691853704724,0.8791713193382032,safe,0.1,False,True,0.06
1755016136,8,0.05,2312.4,2264.4649054999463,0.9792704140719366,safe,0.1,False,False,0.06
1755016127,8,0.1,3160.5,2897.1806400536343,0.9166842714930024,safe,0.2,False,False,0.08
1755016128,8,0.1,0.0,2628.164384027685,,,0.2,False,False,0.08
1755016129,8,0.1,454.8,441.8765154685952,0.971584246852672,safe,0.2,False,True,0.08
1755016130,8,0.1,5362.5,5293.868582155799,0.987201600402014,safe,0.2,False,False,0.08
1755016131,8,0.1,0.0,2906.232561729877,,,0.2,False,False,0.08
1755016132,8,0.1,3412.5,3233.902259531809,0.9476636657968672,safe,0.2,False,False,0.08
1755016133,8,0.1,3202.5,2852.3899058059324,0.890676004935498,safe,0.2,False,False,0.08
1755016134,8,0.1,2816.1,2656.9156365828258,0.9434734691888874,safe,0.2,False,False,0.08
1755016135,8,0.1,657.0,614.1086739902421,0.9347163987674918,safe,0.2,False,True,0.08
1755016136,8,0.1,2368.8,2315.055737720453,0.9773116082913093,safe,0.2,False,False,0.08
1755016127,8,0.2,3311.0,2931.073083669161,0.8852531210115255,safe,0.2,False,False,0.16
1755016128,8,0.2,0.0,2714.2046940351006,,,0.2,False,False,0.16
1755016129,8,0.2,479.50000000000006,458.6888259730922,0.956598177211871,safe,0.2,False,True,0.16
1755016130,8,0.2,5475.0,5338.215211545233,0.9750164769945632,safe,0.2,False,False,0.16
1755016131,8,0.2,0.0,2985.8947238439614,,,0.2,False,False,0.16
1755016132,8,0.2,3625.0,3536.936427200912,0.975706600607148,safe,0.2,False,True,0.16
1755016133,8,0.2,3355.0,3072.611722889822,0.9158306178509156,safe,0.2,False,False,0.16
1755016134,8,0.2,2950.2000000000003,2742.2359841134225,0.929508502512854,safe,0.2,False,False,0.16
1755016135,8,0.2,677.7,633.3152406459776,0.9345067738615576,safe,0.2,False,True,0.16
1755016136,8,0.2,2481.6,2398.432361012092,0.9664862834510364,safe,0.2,False,False,0.16
1755016127,8,0.3,0.0,3074.166361429823,,,0.4,False,False,0.28
1755016128,8,0.3,0.0,2778.841326141031,,,0.4,False,False,0.28
1755016129,8,0.3,500.3,476.4328630446671,0.9522943494796464,safe,0.4,False,True,0.28
1755016130,8,0.3,5561.3,5463.4504494849925,0.9824052738541336,safe,0.4,False,False,0.28
1755016131,8,0.3,0.0,3101.5545002157232,,,0.4,False,False,0.28
1755016132,8,0.3,3937.5,3636.7682174235815,0.9236236742663064,safe,0.4,False,True,0.28
1755016133,8,0.3,3707.500000000001,3490.677150772419,0.9415177749891892,safe,0.4,False,True,0.28
1755016134,8,0.3,3084.3,2747.747972897253,0.8908822011144355,safe,0.4,False,False,0.28
1755016135,8,0.3,0.0,600.760056976851,,,0.4,False,False,0.28
1755016136,8,0.3,2594.4,2504.569296161644,0.9653751526987528,safe,0.4,False,False,0.28
1755016127,8,0.4,0.0,3114.6820322636463,,,0.5,False,False,0.43
1755016128,8,0.4,0.0,2860.844808613001,,,0.5,False,False,0.43
1755016129,8,0.4,0.0,485.33561635504657,,,0.5,False,False,0.43
1755016130,8,0.4,5673.400000000001,5457.833640053501,0.9620040258140622,safe,0.5,False,False,0.43
1755016131,8,0.4,0.0,3247.175082795584,,,0.5,False,False,0.43
1755016132,8,0.4,3950.0,3697.4827812258736,0.9360715901837656,safe,0.5,False,True,0.43
1755016133,8,0.4,3860.0,3506.147711430094,0.9083284226502836,safe,0.5,False,True,0.43
1755016134,8,0.4,3218.4,2906.4827378042346,0.903083127580237,safe,0.5,False,True,0.43
1755016135,8,0.4,0.0,671.3173136729747,,,0.5,False,False,0.43
1755016136,8,0.4,2707.2,2580.654699239036,0.9532560206999984,safe,0.5,False,False,0.43
1755016127,8,0.5,0.0,3335.0962595473657,,,0.6,False,False,0.77
1755016128,8,0.5,0.0,3010.354324219243,,,0.6,False,False,0.77
1755016129,8,0.5,0.0,530.5199783059611,,,0.6,False,False,0.77
1755016130,8,0.5,0.0,6598.27299578549,,,0.6,False,False,0.77
1755016131,8,0.5,0.0,3208.158008299088,,,0.6,False,False,0.77
1755016132,8,0.5,4162.5,3699.896167622996,0.8888639441736926,safe,0.6,False,True,0.77
1755016133,8,0.5,4012.5,3531.1000406806124,0.8800249322568504,safe,0.6,False,True,0.77
1755016134,8,0.5,3352.5,2932.462336160711,0.8747091233887281,safe,0.6,False,True,0.77
1755016135,8,0.5,0.0,674.0638799330773,,,0.6,False,False,0.77
1755016136,8,0.5,2820.0,2668.049530080578,0.9461168546385028,safe,0.6,False,False,0.77
