seeds,num_tasks,per_jitter,final_e2e_max,max_reaction_time,R,exceed,false_percentage,finalpercent
1755016037,10,0.0,596.0,426.0,0.714765100671141,safe,0.1,0.23
1755016038,10,0.0,1054.0,957.0,0.9079696394686908,safe,0.1,0.23
1755016039,10,0.0,3188.0,3122.0,0.979297365119197,safe,0.1,0.23
1755016040,10,0.0,914.0,655.0,0.7166301969365426,safe,0.1,0.23
1755016041,10,0.0,3630.0,2706.0,0.7454545454545455,safe,0.1,0.23
1755016042,10,0.0,4543.0,4349.0,0.9572969403477878,safe,0.1,0.23
1755016043,10,0.0,3173.0,2405.0,0.75795776867318,safe,0.1,0.23
1755016044,10,0.0,4331.0,3467.0,0.8005079658277534,safe,0.1,0.23
1755016045,10,0.0,2446.0,1948.0,0.7964022894521668,safe,0.1,0.23
1755016046,10,0.0,0.0,951.0,,,0.1,0.23
1755016037,10,0.02,601.96,543.1178539427019,0.9022490762554022,safe,0.2,0.28
1755016038,10,0.02,1060.26,959.0194217218086,0.9045134417235476,safe,0.2,0.28
1755016039,10,0.02,3213.4,3122.953837878682,0.97185343806519,safe,0.2,0.28
1755016040,10,0.02,923.14,756.0100495211079,0.818954925061321,safe,0.2,0.28
1755016041,10,0.02,3652.08,3588.064756956664,0.9824715660545944,safe,0.2,0.28
1755016042,10,0.02,4567.48,4368.820185352175,0.9565055972554176,safe,0.2,0.28
1755016043,10,0.02,0.0,2986.8589156573903,,,0.2,0.28
1755016044,10,0.02,4356.68,4189.004758600251,0.9615130692638088,safe,0.2,0.28
1755016045,10,0.02,2470.4600000000005,2405.0049576592937,0.9735049171649384,safe,0.2,0.28
1755016046,10,0.02,0.0,1054.006824985574,,,0.2,0.28
1755016037,10,0.05,610.9,543.3365604287574,0.8894034382529995,safe,0.2,0.38
1755016038,10,0.05,1069.65,969.0631633490776,0.9059628507914528,safe,0.2,0.38
1755016039,10,0.05,3251.5,3123.83424367322,0.9607363505069106,safe,0.2,0.38
1755016040,10,0.05,936.85,856.004662938125,0.9137051426996048,safe,0.2,0.38
1755016041,10,0.05,3685.2,3638.04469178053,0.9872041386574758,safe,0.2,0.38
1755016042,10,0.05,4604.2,4396.586014605724,0.9549076961482394,safe,0.2,0.38
1755016043,10,0.05,0.0,3085.8859037123348,,,0.2,0.38
1755016044,10,0.05,4395.2,4288.341801635546,0.9756875231242144,safe,0.2,0.38
1755016045,10,0.05,2507.1500000000005,2404.3689017430515,0.9590048069493452,safe,0.2,0.38
1755016046,10,0.05,0.0,1056.0321057747208,,,0.2,0.38
1755016037,10,0.1,625.8,562.8060285162377,0.899338492355765,safe,0.4,0.49
1755016038,10,0.1,1085.3,1069.0811890363402,0.9850559191341935,safe,0.4,0.49
1755016039,10,0.1,0.0,3222.6189559503546,,,0.4,0.49
1755016040,10,0.1,0.0,856.9600721396455,,,0.4,0.49
1755016041,10,0.1,3740.4,3640.2741493482495,0.9732312451471098,safe,0.4,0.49
1755016042,10,0.1,4665.4,4446.677882740463,0.9531182498264807,safe,0.4,0.49
1755016043,10,0.1,0.0,3092.921015401581,,,0.4,0.49
1755016044,10,0.1,4459.4,4289.000800107962,0.9617887608440514,safe,0.4,0.49
1755016045,10,0.1,2568.3,2404.8844921091368,0.9363721107772208,safe,0.4,0.49
1755016046,10,0.1,0.0,1061.8577574127412,,,0.4,0.49
1755016037,10,0.2,655.6,580.4614149251179,0.8853895895746154,safe,0.6,0.69
1755016038,10,0.2,0.0,1078.8834892751038,,,0.6,0.69
1755016039,10,0.2,0.0,3367.1129397773184,,,0.6,0.69
1755016040,10,0.2,0.0,857.7991506708104,,,0.6,0.69
1755016041,10,0.2,0.0,3723.896475913266,,,0.6,0.69
1755016042,10,0.2,4787.8,4716.346186587965,0.9850758566748749,safe,0.6,0.69
1755016043,10,0.2,0.0,3228.0016484473344,,,0.6,0.69
1755016044,10,0.2,4587.799999999999,4389.903940497574,0.956864715222454,safe,0.6,0.69
1755016045,10,0.2,2690.5999999999995,2503.3618293934232,0.9304102539929472,safe,0.6,0.69
1755016046,10,0.2,0.0,1069.3374582017714,,,0.6,0.69
1755016037,10,0.3,685.4,596.6692600953147,0.8705416692374012,safe,0.8,0.8
1755016038,10,0.3,0.0,1091.2172890792426,,,0.8,0.8
1755016039,10,0.3,0.0,3446.809376747653,,,0.8,0.8
1755016040,10,0.3,0.0,877.92929168294,,,0.8,0.8
1755016041,10,0.3,0.0,3816.581039992215,,,0.8,0.8
1755016042,10,0.3,0.0,4815.445204611293,,,0.8,0.8
1755016043,10,0.3,0.0,3263.413037929164,,,0.8,0.8
1755016044,10,0.3,0.0,4450.436140734006,,,0.8,0.8
1755016045,10,0.3,2812.9,2603.4150086044788,0.9255270392137932,safe,0.8,0.8
1755016046,10,0.3,0.0,1079.3857969837554,,,0.8,0.8
1755016037,10,0.4,715.2,622.5716403594392,0.8704860743280749,safe,0.8,0.88
1755016038,10,0.4,0.0,1299.7147758462345,,,0.8,0.88
1755016039,10,0.4,0.0,3582.3536701681223,,,0.8,0.88
1755016040,10,0.4,0.0,923.027930235614,,,0.8,0.88
1755016041,10,0.4,0.0,3835.133108317004,,,0.8,0.88
1755016042,10,0.4,0.0,4874.557739425953,,,0.8,0.88
1755016043,10,0.4,0.0,3362.9817786389203,,,0.8,0.88
1755016044,10,0.4,0.0,4611.694883804836,,,0.8,0.88
1755016045,10,0.4,2935.2,2648.294554942549,0.902253527849056,safe,0.8,0.88
1755016046,10,0.4,0.0,1088.483612320444,,,0.8,0.88
1755016037,10,0.5,745.0,645.3010931735212,0.8661759639913036,safe,0.8,0.95
1755016038,10,0.5,0.0,1304.1866103117954,,,0.8,0.95
1755016039,10,0.5,0.0,3685.1725994516746,,,0.8,0.95
1755016040,10,0.5,0.0,958.3691533770289,,,0.8,0.95
1755016041,10,0.5,0.0,4751.651960673747,,,0.8,0.95
1755016042,10,0.5,0.0,5004.679551470603,,,0.8,0.95
1755016043,10,0.5,0.0,3379.139868579614,,,0.8,0.95
1755016044,10,0.5,0.0,4564.174541877022,,,0.8,0.95
1755016045,10,0.5,3057.5,2765.35394590993,0.904449369062937,safe,0.8,0.95
1755016046,10,0.5,0.0,1099.9203997423756,,,0.8,0.95
1755016047,10,0.0,4981.0,4084.0,0.8199156795824132,safe,0.2,0.23
1755016048,10,0.0,1113.0,980.0,0.8805031446540881,safe,0.2,0.23
1755016049,10,0.0,0.0,4236.0,,,0.2,0.23
1755016050,10,0.0,3756.0,3507.0,0.93370607028754,safe,0.2,0.23
1755016051,10,0.0,644.0,489.0,0.7593167701863354,safe,0.2,0.23
1755016052,10,0.0,0.0,3445.0,,,0.2,0.23
1755016053,10,0.0,5952.0,5579.0,0.937331989247312,safe,0.2,0.23
1755016054,10,0.0,3070.0,2215.0,0.7214983713355049,safe,0.2,0.23
1755016055,10,0.0,317.0,285.0,0.8990536277602523,safe,0.2,0.23
1755016056,10,0.0,1392.0,1264.0,0.9080459770114944,safe,0.2,0.23
1755016047,10,0.02,5012.2,4687.552875584792,0.9352286172907688,safe,0.3,0.28
1755016048,10,0.02,1117.92,1084.01641726271,0.9696726217105964,safe,0.3,0.28
1755016049,10,0.02,0.0,4939.7602198229,,,0.3,0.28
1755016050,10,0.02,3778.219999999999,3737.008180567778,0.9890922658203544,safe,0.3,0.28
1755016051,10,0.02,650.4399999999998,616.0191951969961,0.9470807379573768,safe,0.3,0.28
1755016052,10,0.02,0.0,3465.959534538328,,,0.3,0.28
1755016053,10,0.02,0.0,5899.056307581937,,,0.3,0.28
1755016054,10,0.02,3100.7,2815.143901899981,0.9079059250814272,safe,0.3,0.28
1755016055,10,0.02,319.04,301.16984607719485,0.9439877321877972,safe,0.3,0.28
1755016056,10,0.02,1400.16,1340.9929992857633,0.957742686039998,safe,0.3,0.28
1755016047,10,0.05,5059.0,4693.283348120953,0.9277096952205875,safe,0.3,0.38
1755016048,10,0.05,1125.2999999999995,1103.9789409040825,0.981053000003628,safe,0.3,0.38
1755016049,10,0.05,0.0,5832.553779912405,,,0.3,0.38
1755016050,10,0.05,3811.55,3736.773792386097,0.9803816799953028,safe,0.3,0.38
1755016051,10,0.05,660.0999999999999,617.9887906089821,0.936204803225242,safe,0.3,0.38
1755016052,10,0.05,0.0,3495.725547118578,,,0.3,0.38
1755016053,10,0.05,0.0,5928.862757098945,,,0.3,0.38
1755016054,10,0.05,3146.75,2815.3041761627483,0.8946704301780403,safe,0.3,0.38
1755016055,10,0.05,322.1,301.38591958798884,0.935690529611887,safe,0.3,0.38
1755016056,10,0.05,1412.4,1344.0001089372054,0.9515718698224338,safe,0.3,0.38
1755016047,10,0.1,0.0,4901.996857567283,,,0.5,0.49
1755016048,10,0.1,1137.6,1104.1000455011308,0.9705520793786312,safe,0.5,0.49
1755016049,10,0.1,0.0,6045.88009095184,,,0.5,0.49
1755016050,10,0.1,3867.1,3786.6413679329216,0.9791940647857365,safe,0.5,0.49
1755016051,10,0.1,676.1999999999999,620.9493749043723,0.9182924798940734,safe,0.5,0.49
1755016052,10,0.1,0.0,4377.415109213267,,,0.5,0.49
1755016053,10,0.1,0.0,5969.79617801006,,,0.5,0.49
1755016054,10,0.1,3223.5,2824.633379018429,0.8762628754516609,safe,0.5,0.49
1755016055,10,0.1,0.0,301.8366305005977,,,0.5,0.49
1755016056,10,0.1,1432.8000000000002,1348.804329489324,0.9413765560366584,safe,0.5,0.49
1755016047,10,0.2,0.0,4915.875336035155,,,0.7,0.69
1755016048,10,0.2,1162.2,1125.4766281156444,0.9684018483184,safe,0.7,0.69
1755016049,10,0.2,0.0,6154.15362325438,,,0.7,0.69
1755016050,10,0.2,3978.2,3876.9383694010553,0.9745458673271972,safe,0.7,0.69
1755016051,10,0.2,0.0,624.9904212638596,,,0.7,0.69
1755016052,10,0.2,0.0,4644.602724933531,,,0.7,0.69
1755016053,10,0.2,0.0,6046.546412119962,,,0.7,0.69
1755016054,10,0.2,3377.0,3023.6854063936007,0.8953761937795679,safe,0.7,0.69
1755016055,10,0.2,0.0,319.95904435209604,,,0.7,0.69
1755016056,10,0.2,0.0,1350.765843452749,,,0.7,0.69
1755016047,10,0.3,0.0,5114.997249277803,,,0.7,0.8
1755016048,10,0.3,1186.8,1146.2511256925573,0.9658334392421278,safe,0.7,0.8
1755016049,10,0.3,0.0,6343.21592252313,,,0.7,0.8
1755016050,10,0.3,4089.3,3970.0869205520166,0.9708475583967956,safe,0.7,0.8
1755016051,10,0.3,0.0,632.110569868559,,,0.7,0.8
1755016052,10,0.3,0.0,4742.928181817988,,,0.7,0.8
1755016053,10,0.3,0.0,6134.721680905452,,,0.7,0.8
1755016054,10,0.3,3530.5,3014.387583230142,0.8538132228381651,safe,0.7,0.8
1755016055,10,0.3,0.0,353.3007360523013,,,0.7,0.8
1755016056,10,0.3,0.0,1364.6852811355125,,,0.7,0.8
1755016047,10,0.4,0.0,5323.667922983514,,,0.9,0.88
1755016048,10,0.4,1211.4,1163.6070738627204,0.9605473616169063,safe,0.9,0.88
1755016049,10,0.4,0.0,6167.083650443266,,,0.9,0.88
1755016050,10,0.4,0.0,4005.324331738084,,,0.9,0.88
1755016051,10,0.4,0.0,637.8593762588165,,,0.9,0.88
1755016052,10,0.4,0.0,4809.538737097173,,,0.9,0.88
1755016053,10,0.4,0.0,6268.195865835095,,,0.9,0.88
1755016054,10,0.4,0.0,3190.189914541581,,,0.9,0.88
1755016055,10,0.4,0.0,358.96806448315147,,,0.9,0.88
1755016056,10,0.4,0.0,1457.4984426480196,,,0.9,0.88
1755016047,10,0.5,0.0,5326.031241621269,,,1.0,0.95
1755016048,10,0.5,0.0,1225.4293093815286,,,1.0,0.95
1755016049,10,0.5,0.0,6192.469001620886,,,1.0,0.95
1755016050,10,0.5,0.0,4077.421106312776,,,1.0,0.95
1755016051,10,0.5,0.0,718.98289755397,,,1.0,0.95
1755016052,10,0.5,0.0,4913.196042947704,,,1.0,0.95
1755016053,10,0.5,0.0,6364.619242836587,,,1.0,0.95
1755016054,10,0.5,0.0,3318.716854679697,,,1.0,0.95
1755016055,10,0.5,0.0,359.31837762473424,,,1.0,0.95
1755016056,10,0.5,0.0,1456.7200822333662,,,1.0,0.95
1755016057,10,0.0,3533.0,3269.0,0.9252759694310784,safe,0.1,0.23
1755016058,10,0.0,3002.0,2392.0,0.7968021319120586,safe,0.1,0.23
1755016059,10,0.0,969.0,853.0,0.8802889576883385,safe,0.1,0.23
1755016060,10,0.0,1097.0,1072.0,0.9772105742935278,safe,0.1,0.23
1755016061,10,0.0,6412.0,6412.0,1.0,safe,0.1,0.23
1755016062,10,0.0,901.0,855.0,0.948945615982242,safe,0.1,0.23
1755016063,10,0.0,0.0,4297.0,,,0.1,0.23
1755016064,10,0.0,3022.0,2652.0,0.8775645268034414,safe,0.1,0.23
1755016065,10,0.0,4919.0,4603.0,0.935759300670868,safe,0.1,0.23
1755016066,10,0.0,2378.0,1486.0,0.6248948696383515,safe,0.1,0.23
1755016057,10,0.02,3554.4000000000005,3506.426195669069,0.9865029810007508,safe,0.1,0.28
1755016058,10,0.02,3032.0200000000004,2712.155721411609,0.8945045617811257,safe,0.1,0.28
1755016059,10,0.02,975.06,904.003570069206,0.9271260948753984,safe,0.1,0.28
1755016060,10,0.02,1102.34,1077.0598589665024,0.9770668386945064,safe,0.1,0.28
1755016061,10,0.02,6432.0,6430.779759544676,0.9998102859988612,safe,0.1,0.28
1755016062,10,0.02,906.74,876.952395600114,0.9671486816508744,safe,0.1,0.28
1755016063,10,0.02,0.0,5090.62376013516,,,0.1,0.28
1755016064,10,0.02,3052.22,2662.216453064042,0.8722229895171522,safe,0.1,0.28
1755016065,10,0.02,4952.02,4606.577326522558,0.9302420681908712,safe,0.1,0.28
1755016066,10,0.02,2401.78,2335.441225878327,0.97237932944663,safe,0.1,0.28
1755016057,10,0.05,3586.5,3535.7857978786724,0.985859695491056,safe,0.2,0.38
1755016058,10,0.05,3077.05,2712.1146150194973,0.8814008920945378,safe,0.2,0.38
1755016059,10,0.05,984.15,924.0052942763432,0.9388866476414602,safe,0.2,0.38
1755016060,10,0.05,1110.35,1082.149152884358,0.9746018398562238,safe,0.2,0.38
1755016061,10,0.05,0.0,6461.408208618639,,,0.2,0.38
1755016062,10,0.05,915.35,878.0355172619492,0.9592347378182652,safe,0.2,0.38
1755016063,10,0.05,0.0,5292.371704817969,,,0.2,0.38
1755016064,10,0.05,3097.55,2862.0509484785243,0.923972477757752,safe,0.2,0.38
1755016065,10,0.05,5001.55,4785.419916420826,0.9567873791966142,safe,0.2,0.38
1755016066,10,0.05,2437.4500000000003,2341.0096189761607,0.9604339038651708,safe,0.2,0.38
1755016057,10,0.1,3640.0,3586.357399045095,0.9852630217156856,safe,0.2,0.49
1755016058,10,0.1,3152.1000000000004,2722.630873270592,0.8637514270710294,safe,0.2,0.49
1755016059,10,0.1,999.3,924.048732821615,0.92469602003564,safe,0.2,0.49
1755016060,10,0.1,1123.7,1092.2393249971285,0.9720026030053648,safe,0.2,0.49
1755016061,10,0.1,0.0,6503.591401640617,,,0.2,0.49
1755016062,10,0.1,929.7,880.2943495964535,0.9468585023087592,safe,0.2,0.49
1755016063,10,0.1,0.0,5300.921744456538,,,0.2,0.49
1755016064,10,0.1,3173.1000000000004,2862.200010928816,0.9020201099646452,safe,0.2,0.49
1755016065,10,0.1,5084.1,4821.294658136554,0.9483083845983662,safe,0.2,0.49
1755016066,10,0.1,2496.9,2390.381615024049,0.9573397472962673,safe,0.2,0.49
1755016057,10,0.2,0.0,4208.6367071600525,,,0.7,0.69
1755016058,10,0.2,3302.2000000000003,2910.800325151672,0.8814730558874907,safe,0.7,0.69
1755016059,10,0.2,0.0,989.7247739841714,,,0.7,0.69
1755016060,10,0.2,0.0,1107.831435038286,,,0.7,0.69
1755016061,10,0.2,0.0,6605.738832668489,,,0.7,0.69
1755016062,10,0.2,0.0,891.5993888723812,,,0.7,0.69
1755016063,10,0.2,0.0,7187.566945668026,,,0.7,0.69
1755016064,10,0.2,3324.2000000000003,2864.5098671761407,0.8617140566681127,safe,0.7,0.69
1755016065,10,0.2,0.0,4839.572433154797,,,0.7,0.69
1755016066,10,0.2,2615.8,2482.3930890085667,0.948999575276614,safe,0.7,0.69
1755016057,10,0.3,0.0,4696.406567670423,,,0.8,0.8
1755016058,10,0.3,3452.3,3042.500120960769,0.88129656199078,safe,0.8,0.8
1755016059,10,0.3,0.0,1012.3666226395236,,,0.8,0.8
1755016060,10,0.3,0.0,1307.3092903973975,,,0.8,0.8
1755016061,10,0.3,0.0,7674.1792420526035,,,0.8,0.8
1755016062,10,0.3,0.0,933.3132414705548,,,0.8,0.8
1755016063,10,0.3,0.0,7473.945920375894,,,0.8,0.8
1755016064,10,0.3,0.0,3092.983466151571,,,0.8,0.8
1755016065,10,0.3,0.0,5939.731512835599,,,0.8,0.8
1755016066,10,0.3,2734.7000000000003,2546.7901888420456,0.9312868646806032,safe,0.8,0.8
1755016057,10,0.4,0.0,4742.560408348811,,,0.9,0.88
1755016058,10,0.4,0.0,3289.119721910909,,,0.9,0.88
1755016059,10,0.4,0.0,1010.8377596183273,,,0.9,0.88
1755016060,10,0.4,0.0,1292.553745540943,,,0.9,0.88
1755016061,10,0.4,0.0,7777.62521011947,,,0.9,0.88
1755016062,10,0.4,0.0,925.4019844173548,,,0.9,0.88
1755016063,10,0.4,0.0,7316.233480084209,,,0.9,0.88
1755016064,10,0.4,0.0,3107.1159421016546,,,0.9,0.88
1755016065,10,0.4,0.0,6031.071992152603,,,0.9,0.88
1755016066,10,0.4,2853.6000000000004,2591.328565402917,0.9080910307691744,safe,0.9,0.88
1755016057,10,0.5,0.0,4860.957695490739,,,0.9,0.95
1755016058,10,0.5,0.0,3343.328101462632,,,0.9,0.95
1755016059,10,0.5,0.0,1046.6494759869092,,,0.9,0.95
1755016060,10,0.5,0.0,1539.7897050670372,,,0.9,0.95
1755016061,10,0.5,0.0,8718.971843750285,,,0.9,0.95
1755016062,10,0.5,0.0,991.7501938093654,,,0.9,0.95
1755016063,10,0.5,0.0,7405.952271298674,,,0.9,0.95
1755016064,10,0.5,0.0,3291.84541831752,,,0.9,0.95
1755016065,10,0.5,0.0,6089.936925386336,,,0.9,0.95
1755016066,10,0.5,2972.5,2795.694904287244,0.9405197323085766,safe,0.9,0.95
1755016067,10,0.0,2136.0,1446.0,0.6769662921348315,safe,0.4,0.23
1755016068,10,0.0,354.0,281.0,0.7937853107344632,safe,0.4,0.23
1755016069,10,0.0,0.0,5738.0,,,0.4,0.23
1755016070,10,0.0,0.0,3089.0,,,0.4,0.23
1755016071,10,0.0,1250.0,1018.0,0.8144,safe,0.4,0.23
1755016072,10,0.0,3339.0,3185.0,0.9538784067085954,safe,0.4,0.23
1755016073,10,0.0,0.0,1415.0,,,0.4,0.23
1755016074,10,0.0,2728.0,2387.0,0.875,safe,0.4,0.23
1755016075,10,0.0,1181.0,934.0,0.7908552074513124,safe,0.4,0.23
1755016076,10,0.0,0.0,184.0,,,0.4,0.23
1755016067,10,0.02,2156.48,2145.852103486852,0.995071646148748,safe,0.4,0.28
1755016068,10,0.02,357.54,307.02913815293186,0.8587266827569835,safe,0.4,0.28
1755016069,10,0.02,0.0,6348.160894600077,,,0.4,0.28
1755016070,10,0.02,0.0,3089.843212766631,,,0.4,0.28
1755016071,10,0.02,1258.6,1179.931857197409,0.937495516603694,safe,0.4,0.28
1755016072,10,0.02,3359.52,3340.3151711877013,0.9942834604906956,safe,0.4,0.28
1755016073,10,0.02,0.0,2305.9727268875627,,,0.4,0.28
1755016074,10,0.02,2755.28,2687.8030725321696,0.9755099563500514,safe,0.4,0.28
1755016075,10,0.02,1190.2599999999998,1059.8832430660746,0.8904636323711415,safe,0.4,0.28
1755016076,10,0.02,0.0,259.971593869589,,,0.4,0.28
1755016067,10,0.05,0.0,2174.551280002416,,,0.6,0.38
1755016068,10,0.05,362.85,307.0945861293211,0.8463403228036961,safe,0.6,0.38
1755016069,10,0.05,0.0,6498.292271046303,,,0.6,0.38
1755016070,10,0.05,0.0,3141.2259990594976,,,0.6,0.38
1755016071,10,0.05,0.0,1182.1406002756305,,,0.6,0.38
1755016072,10,0.05,3390.3,3350.6042055486105,0.9882913622831638,safe,0.6,0.38
1755016073,10,0.05,0.0,2287.990353421954,,,0.6,0.38
1755016074,10,0.05,2796.2,2687.9621042249014,0.9612910751108296,safe,0.6,0.38
1755016075,10,0.05,1204.15,1060.9137533033745,0.8810478373154295,safe,0.6,0.38
1755016076,10,0.05,0.0,261.43175014232656,,,0.6,0.38
1755016067,10,0.1,0.0,2201.340993920926,,,0.8,0.49
1755016068,10,0.1,371.7,308.0656639525704,0.8288018938729362,safe,0.8,0.49
1755016069,10,0.1,0.0,6533.428262230891,,,0.8,0.49
1755016070,10,0.1,0.0,3191.457711053401,,,0.8,0.49
1755016071,10,0.1,0.0,1186.9060358636557,,,0.8,0.49
1755016072,10,0.1,0.0,3395.7298453521807,,,0.8,0.49
1755016073,10,0.1,0.0,2304.5958711647736,,,0.8,0.49
1755016074,10,0.1,2864.4000000000005,2686.231196900653,0.9377989096846296,safe,0.8,0.49
1755016075,10,0.1,0.0,1062.3538159002585,,,0.8,0.49
1755016076,10,0.1,0.0,263.9085460978429,,,0.8,0.49
1755016067,10,0.2,0.0,2272.670972697715,,,0.8,0.69
1755016068,10,0.2,389.4,317.266544394286,0.8147574329591318,safe,0.8,0.69
1755016069,10,0.2,0.0,6511.20423755732,,,0.8,0.69
1755016070,10,0.2,0.0,3484.2651170176377,,,0.8,0.69
1755016071,10,0.2,0.0,1196.9501231066024,,,0.8,0.69
1755016072,10,0.2,0.0,4435.304531302965,,,0.8,0.69
1755016073,10,0.2,0.0,2389.852763331864,,,0.8,0.69
1755016074,10,0.2,3000.800000000001,2842.5164561582715,0.947252884616859,safe,0.8,0.69
1755016075,10,0.2,0.0,1111.5119511869652,,,0.8,0.69
1755016076,10,0.2,0.0,268.29526712332745,,,0.8,0.69
1755016067,10,0.3,0.0,2379.342019790973,,,0.8,0.8
1755016068,10,0.3,407.1,360.2386842731257,0.8848899146969437,safe,0.8,0.8
1755016069,10,0.3,0.0,6528.1877510130025,,,0.8,0.8
1755016070,10,0.3,0.0,3536.2387762941,,,0.8,0.8
1755016071,10,0.3,0.0,1207.8655027595978,,,0.8,0.8
1755016072,10,0.3,0.0,4487.34769345488,,,0.8,0.8
1755016073,10,0.3,0.0,2493.8017571363907,,,0.8,0.8
1755016074,10,0.3,3137.2000000000007,2887.397409215482,0.9203740307329724,safe,0.8,0.8
1755016075,10,0.3,0.0,1315.1899557754364,,,0.8,0.8
1755016076,10,0.3,0.0,273.52359926743543,,,0.8,0.8
1755016067,10,0.4,0.0,2381.9352351726247,,,0.9,0.88
1755016068,10,0.4,0.0,390.7403809618122,,,0.9,0.88
1755016069,10,0.4,0.0,6673.892360888821,,,0.9,0.88
1755016070,10,0.4,0.0,3627.644480348317,,,0.9,0.88
1755016071,10,0.4,0.0,1213.8247181691363,,,0.9,0.88
1755016072,10,0.4,0.0,4565.685259145584,,,0.9,0.88
1755016073,10,0.4,0.0,2552.6193494433705,,,0.9,0.88
1755016074,10,0.4,3273.5999999999995,2849.7427176893434,0.8705225799393157,safe,0.9,0.88
1755016075,10,0.4,0.0,1401.5105385819725,,,0.9,0.88
1755016076,10,0.4,0.0,287.5534340960476,,,0.9,0.88
1755016067,10,0.5,0.0,2564.2520375430304,,,1.0,0.95
1755016068,10,0.5,0.0,383.80542203200014,,,1.0,0.95
1755016069,10,0.5,0.0,6712.475117224796,,,1.0,0.95
1755016070,10,0.5,0.0,3766.361370320741,,,1.0,0.95
1755016071,10,0.5,0.0,1262.7991639361044,,,1.0,0.95
1755016072,10,0.5,0.0,4680.208127452177,,,1.0,0.95
1755016073,10,0.5,0.0,2696.3236145556966,,,1.0,0.95
1755016074,10,0.5,0.0,3050.0492194144754,,,1.0,0.95
1755016075,10,0.5,0.0,1340.6639890226015,,,1.0,0.95
1755016076,10,0.5,0.0,283.1195484643863,,,1.0,0.95
1755016077,10,0.0,2364.0,1571.0,0.6645516074450084,safe,0.4,0.23
1755016078,10,0.0,0.0,6491.0,,,0.4,0.23
1755016079,10,0.0,2964.0,1816.0,0.6126855600539811,safe,0.4,0.23
1755016080,10,0.0,2640.0,1426.0,0.5401515151515152,safe,0.4,0.23
1755016081,10,0.0,702.0,552.0,0.7863247863247863,safe,0.4,0.23
1755016082,10,0.0,0.0,2123.0,,,0.4,0.23
1755016083,10,0.0,991.0,715.0,0.7214934409687185,safe,0.4,0.23
1755016084,10,0.0,0.0,3010.0,,,0.4,0.23
1755016085,10,0.0,5964.0,5254.0,0.8809523809523809,safe,0.4,0.23
1755016086,10,0.0,0.0,5606.0,,,0.4,0.23
1755016077,10,0.02,2387.64,2330.9594001965143,0.976260826672578,safe,0.5,0.28
1755016078,10,0.02,0.0,7851.08609439002,,,0.5,0.28
1755016079,10,0.02,2991.3,2756.0045738863228,0.9213400775202496,safe,0.5,0.28
1755016080,10,0.02,2666.4,2504.8454768666907,0.9394109949245014,safe,0.5,0.28
1755016081,10,0.02,707.9399999999999,647.1781667330943,0.914170927950242,safe,0.5,0.28
1755016082,10,0.02,0.0,2299.9755329420423,,,0.5,0.28
1755016083,10,0.02,0.0,918.5454630286648,,,0.5,0.28
1755016084,10,0.02,0.0,3293.81714045244,,,0.5,0.28
1755016085,10,0.02,5985.12,5948.55526584613,0.9938907266430966,safe,0.5,0.28
1755016086,10,0.02,0.0,6613.155802070745,,,0.5,0.28
1755016077,10,0.05,2423.1000000000004,2356.470382901818,0.9725023246674994,safe,0.7,0.38
1755016078,10,0.05,0.0,7881.181255566541,,,0.7,0.38
1755016079,10,0.05,3032.25,2766.37368617117,0.9123171526658984,safe,0.7,0.38
1755016080,10,0.05,2706.0,2515.1123209766483,0.9294576204643932,safe,0.7,0.38
1755016081,10,0.05,0.0,647.4429385211779,,,0.7,0.38
1755016082,10,0.05,0.0,2366.817821694214,,,0.7,0.38
1755016083,10,0.05,0.0,916.0813356306736,,,0.7,0.38
1755016084,10,0.05,0.0,3299.2748285342386,,,0.7,0.38
1755016085,10,0.05,0.0,5968.055740391485,,,0.7,0.38
1755016086,10,0.05,0.0,6629.560197415762,,,0.7,0.38
1755016077,10,0.1,2482.2000000000003,2363.366238474244,0.9521256298744032,safe,0.7,0.49
1755016078,10,0.1,0.0,7936.128891836107,,,0.7,0.49
1755016079,10,0.1,3100.5,3001.267328263193,0.967994622887661,safe,0.7,0.49
1755016080,10,0.1,2772.0,2600.3361331995284,0.938072198123928,safe,0.7,0.49
1755016081,10,0.1,0.0,657.7333116319553,,,0.7,0.49
1755016082,10,0.1,0.0,2404.0907538401507,,,0.7,0.49
1755016083,10,0.1,0.0,915.2342324725134,,,0.7,0.49
1755016084,10,0.1,0.0,3473.106680167192,,,0.7,0.49
1755016085,10,0.1,0.0,6018.489415180276,,,0.7,0.49
1755016086,10,0.1,0.0,6665.23060222296,,,0.7,0.49
1755016077,10,0.2,2600.4,2417.037016693469,0.9294866238630476,safe,0.8,0.69
1755016078,10,0.2,0.0,7991.075126578527,,,0.8,0.69
1755016079,10,0.2,0.0,3021.764890610674,,,0.8,0.69
1755016080,10,0.2,2904.0,2636.2971734660205,0.9078158310833404,safe,0.8,0.69
1755016081,10,0.2,0.0,707.2552959648283,,,0.8,0.69
1755016082,10,0.2,0.0,2457.373827662684,,,0.8,0.69
1755016083,10,0.2,0.0,924.8500662737824,,,0.8,0.69
1755016084,10,0.2,0.0,3500.7611550675865,,,0.8,0.69
1755016085,10,0.2,0.0,6083.042203496622,,,0.8,0.69
1755016086,10,0.2,0.0,6760.648793665474,,,0.8,0.69
1755016077,10,0.3,0.0,2561.8978114307074,,,0.9,0.8
1755016078,10,0.3,0.0,8072.306071164307,,,0.9,0.8
1755016079,10,0.3,0.0,3098.3558401152413,,,0.9,0.8
1755016080,10,0.3,3036.0,2803.429782367229,0.923395843994476,safe,0.9,0.8
1755016081,10,0.3,0.0,732.9491061698736,,,0.9,0.8
1755016082,10,0.3,0.0,2582.9793361934585,,,0.9,0.8
1755016083,10,0.3,0.0,933.9140675484,,,0.9,0.8
1755016084,10,0.3,0.0,3683.8123897913056,,,0.9,0.8
1755016085,10,0.3,0.0,6164.401285988406,,,0.9,0.8
1755016086,10,0.3,0.0,6836.827183182526,,,0.9,0.8
1755016077,10,0.4,0.0,2606.3901661538675,,,1.0,0.88
1755016078,10,0.4,0.0,8183.316435016557,,,1.0,0.88
1755016079,10,0.4,0.0,3207.2744544727834,,,1.0,0.88
1755016080,10,0.4,0.0,2859.2666073630835,,,1.0,0.88
1755016081,10,0.4,0.0,726.8836786710328,,,1.0,0.88
1755016082,10,0.4,0.0,2579.426312974045,,,1.0,0.88
1755016083,10,0.4,0.0,995.1412427804668,,,1.0,0.88
1755016084,10,0.4,0.0,3693.12291994155,,,1.0,0.88
1755016085,10,0.4,0.0,6865.608419502047,,,1.0,0.88
1755016086,10,0.4,0.0,7697.712877751444,,,1.0,0.88
1755016077,10,0.5,0.0,2692.9842326309586,,,1.0,0.95
1755016078,10,0.5,0.0,8185.458288449639,,,1.0,0.95
1755016079,10,0.5,0.0,3236.8059376002125,,,1.0,0.95
1755016080,10,0.5,0.0,2919.5393045245805,,,1.0,0.95
1755016081,10,0.5,0.0,750.2563021996325,,,1.0,0.95
1755016082,10,0.5,0.0,2700.477303429629,,,1.0,0.95
1755016083,10,0.5,0.0,1011.6677477721436,,,1.0,0.95
1755016084,10,0.5,0.0,3541.2960707256625,,,1.0,0.95
1755016085,10,0.5,0.0,7105.852191369851,,,1.0,0.95
1755016086,10,0.5,0.0,7973.658261247096,,,1.0,0.95
1755016087,10,0.0,2570.0,1729.0,0.6727626459143969,safe,0.2,0.23
1755016088,10,0.0,4290.0,4211.0,0.9815850815850816,safe,0.2,0.23
1755016089,10,0.0,3024.0,2427.0,0.8025793650793651,safe,0.2,0.23
1755016090,10,0.0,312.0,281.0,0.9006410256410257,safe,0.2,0.23
1755016091,10,0.0,0.0,2317.0,,,0.2,0.23
1755016092,10,0.0,3126.0,2678.0,0.8566858605246321,safe,0.2,0.23
1755016093,10,0.0,3974.0,3808.0,0.9582284851534978,safe,0.2,0.23
1755016094,10,0.0,572.0,530.0,0.9265734265734266,safe,0.2,0.23
1755016095,10,0.0,4129.0,4083.0,0.9888592879631872,safe,0.2,0.23
1755016096,10,0.0,0.0,2529.0,,,0.2,0.23
1755016087,10,0.02,2595.64,2428.951879144043,0.9357814947928228,safe,0.2,0.28
1755016088,10,0.02,4312.0,4229.966279575485,0.9809754822763184,safe,0.2,0.28
1755016089,10,0.02,3054.24,2830.5758977043297,0.9267693101080235,safe,0.2,0.28
1755016090,10,0.02,314.7,302.94679732634177,0.9626526766010224,safe,0.2,0.28
1755016091,10,0.02,0.0,2936.564730543352,,,0.2,0.28
1755016092,10,0.02,3153.2200000000003,2924.781747677284,0.9275539758333652,safe,0.2,0.28
1755016093,10,0.02,3997.8600000000006,3908.2811264060174,0.9775932940138018,safe,0.2,0.28
1755016094,10,0.02,577.7200000000003,550.1901222856104,0.9523473694620408,safe,0.2,0.28
1755016095,10,0.02,4153.04,4086.894919555547,0.9840730933377831,safe,0.2,0.28
1755016096,10,0.02,0.0,2865.2737370497425,,,0.2,0.28
1755016087,10,0.05,2634.1000000000004,2428.921420840388,0.9221067616416948,safe,0.3,0.38
1755016088,10,0.05,0.0,4257.003159147105,,,0.3,0.38
1755016089,10,0.05,3099.6,2835.814364473132,0.9148968784595212,safe,0.3,0.38
1755016090,10,0.05,318.75,305.6521021561407,0.9589085557839708,safe,0.3,0.38
1755016091,10,0.05,0.0,2966.3560648981947,,,0.3,0.38
1755016092,10,0.05,3194.05,2927.7454547077323,0.9166248038408078,safe,0.3,0.38
1755016093,10,0.05,4033.65,3948.302950170671,0.9788412356477808,safe,0.3,0.38
1755016094,10,0.05,586.3,550.4364297723296,0.9388306835618788,safe,0.3,0.38
1755016095,10,0.05,4189.1,4091.044241738157,0.9765926432260286,safe,0.3,0.38
1755016096,10,0.05,0.0,2864.1635875670645,,,0.3,0.38
1755016087,10,0.1,2698.2,2518.805597810649,0.9335133043549958,safe,0.4,0.49
1755016088,10,0.1,0.0,4307.438672395045,,,0.4,0.49
1755016089,10,0.1,3175.2,2844.7266966193565,0.8959204763855368,safe,0.4,0.49
1755016090,10,0.1,0.0,310.17649728330525,,,0.4,0.49
1755016091,10,0.1,0.0,3014.2194009520754,,,0.4,0.49
1755016092,10,0.1,3262.1,3019.5973274769053,0.9256605645065772,safe,0.4,0.49
1755016093,10,0.1,4093.2999999999993,4004.252339827333,0.9782455084717304,safe,0.4,0.49
1755016094,10,0.1,600.5999999999999,569.456130913808,0.9481454061168966,safe,0.4,0.49
1755016095,10,0.1,4249.200000000001,4103.002302760491,0.9655940654147818,safe,0.4,0.49
1755016096,10,0.1,0.0,3049.830192268171,,,0.4,0.49
1755016087,10,0.2,2826.4,2589.845183940004,0.91630525896547,safe,0.5,0.69
1755016088,10,0.2,0.0,4403.328389907598,,,0.5,0.69
1755016089,10,0.2,3326.4,2862.950019943776,0.8606752104208079,safe,0.5,0.69
1755016090,10,0.2,0.0,336.5713332782525,,,0.5,0.69
1755016091,10,0.2,0.0,3113.812837276986,,,0.5,0.69
1755016092,10,0.2,0.0,3111.5840931644734,,,0.5,0.69
1755016093,10,0.2,4212.6,4103.05198086903,0.9739951528436188,safe,0.5,0.69
1755016094,10,0.2,629.2,571.632166604526,0.9085063042029974,safe,0.5,0.69
1755016095,10,0.2,4369.4,4312.8362583769485,0.9870545746273972,safe,0.5,0.69
1755016096,10,0.2,0.0,2988.224259572496,,,0.5,0.69
1755016087,10,0.3,0.0,2709.64715410765,,,0.7,0.8
1755016088,10,0.3,0.0,4449.257725531683,,,0.7,0.8
1755016089,10,0.3,0.0,3064.6051125425183,,,0.7,0.8
1755016090,10,0.3,0.0,348.3226772302878,,,0.7,0.8
1755016091,10,0.3,0.0,3179.5845742859383,,,0.7,0.8
1755016092,10,0.3,0.0,3200.5640827747056,,,0.7,0.8
1755016093,10,0.3,4331.900000000001,4142.945036907524,0.9563805805553044,safe,0.7,0.8
1755016094,10,0.3,657.8,611.6681562113663,0.9298694986490824,safe,0.7,0.8
1755016095,10,0.3,4489.6,4330.564516621991,0.9645769147857248,safe,0.7,0.8
1755016096,10,0.3,0.0,3078.0043513017526,,,0.7,0.8
1755016087,10,0.4,0.0,2794.4354825907126,,,0.9,0.88
1755016088,10,0.4,0.0,4568.319274553811,,,0.9,0.88
1755016089,10,0.4,0.0,3079.4737295437226,,,0.9,0.88
1755016090,10,0.4,0.0,359.48444181928244,,,0.9,0.88
1755016091,10,0.4,0.0,3274.6624961412454,,,0.9,0.88
1755016092,10,0.4,0.0,3215.8332571498227,,,0.9,0.88
1755016093,10,0.4,4451.200000000001,4306.735845448936,0.9675448969825968,safe,0.9,0.88
1755016094,10,0.4,0.0,613.2901005694766,,,0.9,0.88
1755016095,10,0.4,0.0,4500.345486487611,,,0.9,0.88
1755016096,10,0.4,0.0,3356.013266443282,,,0.9,0.88
1755016087,10,0.5,0.0,2833.668746789617,,,1.0,0.95
1755016088,10,0.5,0.0,4640.581128751004,,,1.0,0.95
1755016089,10,0.5,0.0,3494.926175304019,,,1.0,0.95
1755016090,10,0.5,0.0,357.66837977117393,,,1.0,0.95
1755016091,10,0.5,0.0,3355.015684521204,,,1.0,0.95
1755016092,10,0.5,0.0,3432.463600087085,,,1.0,0.95
1755016093,10,0.5,0.0,4348.25013158848,,,1.0,0.95
1755016094,10,0.5,0.0,649.3018538876349,,,1.0,0.95
1755016095,10,0.5,0.0,4568.009641642566,,,1.0,0.95
1755016096,10,0.5,0.0,3382.983172304993,,,1.0,0.95
1755016097,10,0.0,3100.0,2501.0,0.8067741935483871,safe,0.2,0.23
1755016098,10,0.0,5691.0,5667.0,0.9957828149710068,safe,0.2,0.23
1755016099,10,0.0,2678.0,1937.0,0.7233009708737864,safe,0.2,0.23
1755016100,10,0.0,1150.0,1111.0,0.9660869565217391,safe,0.2,0.23
1755016101,10,0.0,0.0,773.0,,,0.2,0.23
1755016102,10,0.0,6718.0,5913.0,0.8801726704376303,safe,0.2,0.23
1755016103,10,0.0,2366.0,1827.0,0.772189349112426,safe,0.2,0.23
1755016104,10,0.0,3166.0,2888.0,0.912192040429564,safe,0.2,0.23
1755016105,10,0.0,0.0,3882.0,,,0.2,0.23
1755016106,10,0.0,6249.0,5462.0,0.8740598495759322,safe,0.2,0.23
1755016097,10,0.02,3129.2,2902.716159252901,0.9276224463929762,safe,0.2,0.28
1755016098,10,0.02,5711.1,5698.595119402022,0.9978104252074068,safe,0.2,0.28
1755016099,10,0.02,2704.78,2606.91447382405,0.9638175651343364,safe,0.2,0.28
1755016100,10,0.02,1157.06,1111.871698451132,0.9609455848885384,safe,0.2,0.28
1755016101,10,0.02,0.0,936.9355552875022,,,0.2,0.28
1755016102,10,0.02,6738.2,6728.145593085136,0.9985078497351126,safe,0.2,0.28
1755016103,10,0.02,2389.66,2301.9028931170656,0.9632763209481958,safe,0.2,0.28
1755016104,10,0.02,3190.68,3158.2064184111005,0.989822363386833,safe,0.2,0.28
1755016105,10,0.02,0.0,3901.768432251236,,,0.2,0.28
1755016106,10,0.02,6277.0,6065.638769449033,0.9663276675878656,safe,0.2,0.28
1755016097,10,0.05,3173.0,2905.575755492217,0.9157188009745404,safe,0.3,0.38
1755016098,10,0.05,5741.25,5730.173363109375,0.9980706924640758,safe,0.3,0.38
1755016099,10,0.05,2744.9500000000003,2586.617803294082,0.9423187319601748,safe,0.3,0.38
1755016100,10,0.05,0.0,1113.2661140402342,,,0.3,0.38
1755016101,10,0.05,0.0,942.923504432455,,,0.3,0.38
1755016102,10,0.05,6768.5,6731.419192763383,0.9945215620541306,safe,0.3,0.38
1755016103,10,0.05,2425.15,2311.6859305183643,0.9532135870021916,safe,0.3,0.38
1755016104,10,0.05,3227.7,3168.3544793802976,0.981613681376924,safe,0.3,0.38
1755016105,10,0.05,0.0,3929.694473589421,,,0.3,0.38
1755016106,10,0.05,6319.0,6071.552815346906,0.9608407683726706,safe,0.3,0.38
1755016097,10,0.1,0.0,3010.059366368536,,,0.5,0.49
1755016098,10,0.1,5791.5,5750.454181455427,0.992912748244052,safe,0.5,0.49
1755016099,10,0.1,2811.9000000000005,2576.796421003862,0.9163897795098908,safe,0.5,0.49
1755016100,10,0.1,0.0,1115.50160389128,,,0.5,0.49
1755016101,10,0.1,0.0,952.572789314554,,,0.5,0.49
1755016102,10,0.1,6819.0,6795.447374184934,0.996546029356934,safe,0.5,0.49
1755016103,10,0.1,2484.3,2351.374590574029,0.9464938174029016,safe,0.5,0.49
1755016104,10,0.1,3289.4,3239.00725084439,0.9846802610945432,safe,0.5,0.49
1755016105,10,0.1,0.0,3979.086919630143,,,0.5,0.49
1755016106,10,0.1,0.0,6079.709199482866,,,0.5,0.49
1755016097,10,0.2,0.0,3112.298102132132,,,0.7,0.69
1755016098,10,0.2,0.0,5837.137741424997,,,0.7,0.69
1755016099,10,0.2,2945.8,2744.019080435801,0.9315021659433096,safe,0.7,0.69
1755016100,10,0.2,0.0,1219.9760071634664,,,0.7,0.69
1755016101,10,0.2,0.0,1165.7461860516305,,,0.7,0.69
1755016102,10,0.2,0.0,6877.520501302026,,,0.7,0.69
1755016103,10,0.2,2602.6000000000004,2391.190713256477,0.9187699659019736,safe,0.7,0.69
1755016104,10,0.2,3412.8,3260.232522790913,0.9552955118351244,safe,0.7,0.69
1755016105,10,0.2,0.0,5076.234811802045,,,0.7,0.69
1755016106,10,0.2,0.0,6294.274387331476,,,0.7,0.69
1755016097,10,0.3,0.0,3219.9679607131984,,,0.8,0.8
1755016098,10,0.3,0.0,5903.468390706486,,,0.8,0.8
1755016099,10,0.3,3079.7000000000003,2787.566653693418,0.9051422715502868,safe,0.8,0.8
1755016100,10,0.3,0.0,1213.487822581439,,,0.8,0.8
1755016101,10,0.3,0.0,1175.4795628144943,,,0.8,0.8
1755016102,10,0.3,0.0,7203.603575059086,,,0.8,0.8
1755016103,10,0.3,2720.9,2500.8947055488206,0.9191424549041938,safe,0.8,0.8
1755016104,10,0.3,0.0,3368.68589971635,,,0.8,0.8
1755016105,10,0.3,0.0,5128.552607792546,,,0.8,0.8
1755016106,10,0.3,0.0,6313.533135570498,,,0.8,0.8
1755016097,10,0.4,0.0,3312.940986214995,,,0.8,0.88
1755016098,10,0.4,0.0,6718.118807683205,,,0.8,0.88
1755016099,10,0.4,3213.5999999999995,2825.533308632582,0.879242378837622,safe,0.8,0.88
1755016100,10,0.4,0.0,1271.816527463554,,,0.8,0.88
1755016101,10,0.4,0.0,1254.920518843479,,,0.8,0.88
1755016102,10,0.4,0.0,7912.982895895702,,,0.8,0.88
1755016103,10,0.4,2839.2,2696.474059138771,0.9497302265211224,safe,0.8,0.88
1755016104,10,0.4,0.0,3441.959435847131,,,0.8,0.88
1755016105,10,0.4,0.0,5243.987709586509,,,0.8,0.88
1755016106,10,0.4,0.0,6510.744413811512,,,0.8,0.88
1755016097,10,0.5,0.0,3534.213538340595,,,0.9,0.95
1755016098,10,0.5,0.0,6887.239970820765,,,0.9,0.95
1755016099,10,0.5,0.0,2946.885711961757,,,0.9,0.95
1755016100,10,0.5,0.0,1275.104164514485,,,0.9,0.95
1755016101,10,0.5,0.0,1309.5256031563383,,,0.9,0.95
1755016102,10,0.5,0.0,8689.776279797768,,,0.9,0.95
1755016103,10,0.5,2957.5,2608.322005051381,0.8819347438888863,safe,0.9,0.95
1755016104,10,0.5,0.0,3513.3722189228283,,,0.9,0.95
1755016105,10,0.5,0.0,5323.603114878992,,,0.9,0.95
1755016106,10,0.5,0.0,6723.773839666916,,,0.9,0.95
1755016107,10,0.0,3450.0,2711.0,0.7857971014492754,safe,0.1,0.23
1755016108,10,0.0,4562.0,3431.0,0.7520824199912319,safe,0.1,0.23
1755016109,10,0.0,797.0,758.0,0.9510664993726474,safe,0.1,0.23
1755016110,10,0.0,831.0,544.0,0.6546329723225031,safe,0.1,0.23
1755016111,10,0.0,0.0,1020.0,,,0.1,0.23
1755016112,10,0.0,5201.0,4386.0,0.8432993655066333,safe,0.1,0.23
1755016113,10,0.0,4428.0,4086.0,0.9227642276422764,safe,0.1,0.23
1755016114,10,0.0,3087.0,2401.0,0.7777777777777778,safe,0.1,0.23
1755016115,10,0.0,2540.0,2349.0,0.9248031496062992,safe,0.1,0.23
1755016116,10,0.0,896.0,774.0,0.8638392857142857,safe,0.1,0.23
1755016107,10,0.02,3484.5000000000005,2979.425526432138,0.8550510909548393,safe,0.2,0.28
1755016108,10,0.02,4587.1,4360.419503960984,0.950583048976692,safe,0.2,0.28
1755016109,10,0.02,802.3,758.3265219327311,0.945190729069838,safe,0.2,0.28
1755016110,10,0.02,0.0,744.34872304694,,,0.2,0.28
1755016111,10,0.02,0.0,1057.8775614855897,,,0.2,0.28
1755016112,10,0.02,5225.32,5052.983918822689,0.9670190378431732,safe,0.2,0.28
1755016113,10,0.02,4448.5,4426.003629982725,0.9949429313212824,safe,0.2,0.28
1755016114,10,0.02,3116.48,2904.1046660294523,0.9318541001480684,safe,0.2,0.28
1755016115,10,0.02,2565.4,2458.998291468346,0.9585243203665494,safe,0.2,0.28
1755016116,10,0.02,904.96,835.0014225063705,0.9226942875998614,safe,0.2,0.28
1755016107,10,0.05,3536.25,3355.59645567783,0.9489138086045472,safe,0.3,0.38
1755016108,10,0.05,4624.75,4377.20997442884,0.9464749390624012,safe,0.3,0.38
1755016109,10,0.05,810.25,778.8331734086896,0.9612257616892188,safe,0.3,0.38
1755016110,10,0.05,0.0,744.7722998982299,,,0.3,0.38
1755016111,10,0.05,0.0,1059.25185789976,,,0.3,0.38
1755016112,10,0.05,5261.8,5154.773049890696,0.9796596316642016,safe,0.3,0.38
1755016113,10,0.05,4479.25,4466.524896274998,0.9971590994641956,safe,0.3,0.38
1755016114,10,0.05,3160.7,2910.2013705328463,0.9207458381158752,safe,0.3,0.38
1755016115,10,0.05,2603.5000000000005,2444.4242210451603,0.9388992590916688,safe,0.3,0.38
1755016116,10,0.05,0.0,835.0081644165411,,,0.3,0.38
1755016107,10,0.1,3622.5,3390.4396547311726,0.935939173148702,safe,0.4,0.49
1755016108,10,0.1,4687.5,4620.687948859822,0.9857467624234288,safe,0.4,0.49
1755016109,10,0.1,823.4999999999999,779.6796318398019,0.9467876525073492,safe,0.4,0.49
1755016110,10,0.1,0.0,744.7977696928465,,,0.4,0.49
1755016111,10,0.1,0.0,1059.135747463782,,,0.4,0.49
1755016112,10,0.1,5322.6,5160.358107616396,0.9695183007583502,safe,0.4,0.49
1755016113,10,0.1,0.0,4490.936946386571,,,0.4,0.49
1755016114,10,0.1,3234.4000000000005,3104.7833756862383,0.959925604651941,safe,0.4,0.49
1755016115,10,0.1,2667.0000000000005,2454.0964378177177,0.9201711427887954,safe,0.4,0.49
1755016116,10,0.1,0.0,836.0159765522549,,,0.4,0.49
1755016107,10,0.2,3795.0,3378.7559945977555,0.8903177851377485,safe,0.6,0.69
1755016108,10,0.2,0.0,4664.447669266164,,,0.6,0.69
1755016109,10,0.2,850.0,801.4083186457842,0.9428333160538638,safe,0.6,0.69
1755016110,10,0.2,0.0,835.8280035395201,,,0.6,0.69
1755016111,10,0.2,0.0,1103.5240202861885,,,0.6,0.69
1755016112,10,0.2,0.0,6230.436670013876,,,0.6,0.69
1755016113,10,0.2,0.0,4545.809513216071,,,0.6,0.69
1755016114,10,0.2,3381.8,3120.1647833430325,0.922634331818272,safe,0.6,0.69
1755016115,10,0.2,2793.9999999999995,2675.2890453948417,0.957512185180688,safe,0.6,0.69
1755016116,10,0.2,0.0,857.6548527235573,,,0.6,0.69
1755016107,10,0.3,0.0,3527.201401064425,,,0.8,0.8
1755016108,10,0.3,0.0,4785.937716125602,,,0.8,0.8
1755016109,10,0.3,876.4999999999999,821.1178015875007,0.9368143771677134,safe,0.8,0.8
1755016110,10,0.3,0.0,838.2480101305978,,,0.8,0.8
1755016111,10,0.3,0.0,1170.4774481471477,,,0.8,0.8
1755016112,10,0.3,0.0,6171.956546611743,,,0.8,0.8
1755016113,10,0.3,0.0,4635.770353109378,,,0.8,0.8
1755016114,10,0.3,0.0,3202.780470281876,,,0.8,0.8
1755016115,10,0.3,2921.0000000000005,2655.75206038649,0.9091927628847962,safe,0.8,0.8
1755016116,10,0.3,0.0,857.400114117677,,,0.8,0.8
1755016107,10,0.4,0.0,3527.3122277625057,,,0.9,0.88
1755016108,10,0.4,0.0,4730.729465653215,,,0.9,0.88
1755016109,10,0.4,0.0,972.355852659879,,,0.9,0.88
1755016110,10,0.4,0.0,838.2816489300876,,,0.9,0.88
1755016111,10,0.4,0.0,1280.863845047081,,,0.9,0.88
1755016112,10,0.4,0.0,6329.224019752207,,,0.9,0.88
1755016113,10,0.4,0.0,4712.627987055546,,,0.9,0.88
1755016114,10,0.4,0.0,3344.4373854904843,,,0.9,0.88
1755016115,10,0.4,3047.9999999999995,2816.5687481616724,0.9240711116015988,safe,0.9,0.88
1755016116,10,0.4,0.0,858.0397704830666,,,0.9,0.88
1755016107,10,0.5,0.0,3623.5199803070936,,,0.9,0.95
1755016108,10,0.5,0.0,4877.760384211631,,,0.9,0.95
1755016109,10,0.5,0.0,1021.7177545762952,,,0.9,0.95
1755016110,10,0.5,0.0,851.7943233641163,,,0.9,0.95
1755016111,10,0.5,0.0,1308.8977192572945,,,0.9,0.95
1755016112,10,0.5,0.0,6515.890030488868,,,0.9,0.95
1755016113,10,0.5,0.0,4909.211065957252,,,0.9,0.95
1755016114,10,0.5,0.0,3365.265435844205,,,0.9,0.95
1755016115,10,0.5,3175.0,2876.9292833038776,0.906119459308308,safe,0.9,0.95
1755016116,10,0.5,0.0,893.7873858572577,,,0.9,0.95
1755016117,10,0.0,0.0,406.0,,,0.4,0.23
1755016118,10,0.0,3552.0,3203.0,0.9017454954954957,safe,0.4,0.23
1755016119,10,0.0,0.0,871.0,,,0.4,0.23
1755016120,10,0.0,0.0,743.0,,,0.4,0.23
1755016121,10,0.0,0.0,2103.0,,,0.4,0.23
1755016122,10,0.0,3976.0,3584.0,0.9014084507042254,safe,0.4,0.23
1755016123,10,0.0,2754.0,2405.0,0.8732752360203341,safe,0.4,0.23
1755016124,10,0.0,3637.0,3480.0,0.956832554302997,safe,0.4,0.23
1755016125,10,0.0,3288.0,2712.0,0.8248175182481752,safe,0.4,0.23
1755016126,10,0.0,4595.0,4451.0,0.9686615886833516,safe,0.4,0.23
1755016117,10,0.02,0.0,486.0582646808597,,,0.4,0.28
1755016118,10,0.02,3587.5200000000004,3206.465600821597,0.893783338022254,safe,0.4,0.28
1755016119,10,0.02,0.0,1034.9447622596963,,,0.4,0.28
1755016120,10,0.02,0.0,844.0103955974882,,,0.4,0.28
1755016121,10,0.02,0.0,2429.673442528481,,,0.4,0.28
1755016122,10,0.02,4000.1,3978.974573431632,0.9947187753885232,safe,0.4,0.28
1755016123,10,0.02,2781.54,2606.7515018790145,0.9371612494801492,safe,0.4,0.28
1755016124,10,0.02,3657.2,3636.319388317992,0.9942905469534048,safe,0.4,0.28
1755016125,10,0.02,3320.88,2892.514091051521,0.8710083143779724,safe,0.4,0.28
1755016126,10,0.02,4623.6,4454.86358960747,0.9635054047944176,safe,0.4,0.28
1755016117,10,0.05,0.0,486.0493045542771,,,0.4,0.38
1755016118,10,0.05,3640.8,3212.140400367629,0.8822622501559076,safe,0.4,0.38
1755016119,10,0.05,0.0,1040.0432091494858,,,0.4,0.38
1755016120,10,0.05,0.0,854.0473944553232,,,0.4,0.38
1755016121,10,0.05,0.0,2425.939975041333,,,0.4,0.38
1755016122,10,0.05,4036.250000000001,3984.959219579272,0.9872924669134148,safe,0.4,0.38
1755016123,10,0.05,2822.8499999999995,2706.226231064684,0.9586858072744512,safe,0.4,0.38
1755016124,10,0.05,3687.500000000001,3658.694605258712,0.9921883675277862,safe,0.4,0.38
1755016125,10,0.05,3370.2000000000003,2912.8139059979712,0.8642851777336571,safe,0.4,0.38
1755016126,10,0.05,4666.5,4460.093518727692,0.9557684600295064,safe,0.4,0.38
1755016117,10,0.1,0.0,486.06345924784273,,,0.4,0.49
1755016118,10,0.1,3729.6,3222.3499437096616,0.8639934426505956,safe,0.4,0.49
1755016119,10,0.1,0.0,1049.346782293589,,,0.4,0.49
1755016120,10,0.1,0.0,1000.8523304203844,,,0.4,0.49
1755016121,10,0.1,0.0,2561.1264032851373,,,0.4,0.49
1755016122,10,0.1,4096.5,3987.988143419343,0.973511081025105,safe,0.4,0.49
1755016123,10,0.1,2891.7000000000003,2710.0421693241515,0.9371795723360484,safe,0.4,0.49
1755016124,10,0.1,3738.0,3703.305547022039,0.9907184448962116,safe,0.4,0.49
1755016125,10,0.1,3452.4,3133.141730252768,0.9075257010348652,safe,0.4,0.49
1755016126,10,0.1,4738.0,4470.288719305536,0.9434969859234984,safe,0.4,0.49
1755016117,10,0.2,0.0,496.80297624778177,,,0.6,0.69
1755016118,10,0.2,0.0,3425.862492947308,,,0.6,0.69
1755016119,10,0.2,0.0,1069.1922041000398,,,0.6,0.69
1755016120,10,0.2,0.0,1083.1736548555564,,,0.6,0.69
1755016121,10,0.2,0.0,2726.6115559325285,,,0.6,0.69
1755016122,10,0.2,4216.999999999999,3989.9774895306327,0.9461649251910442,safe,0.6,0.69
1755016123,10,0.2,3029.4000000000005,2815.4718268685974,0.9293826588989887,safe,0.6,0.69
1755016124,10,0.2,3839.0,3790.6603612442486,0.9874082733118648,safe,0.6,0.69
1755016125,10,0.2,0.0,3211.4891680005458,,,0.6,0.69
1755016126,10,0.2,4881.0,4678.594862955972,0.9585320350247842,safe,0.6,0.69
1755016117,10,0.3,0.0,591.8853581323347,,,0.8,0.8
1755016118,10,0.3,0.0,3436.682854562416,,,0.8,0.8
1755016119,10,0.3,0.0,1088.842486964968,,,0.8,0.8
1755016120,10,0.3,0.0,1095.2586372469027,,,0.8,0.8
1755016121,10,0.3,0.0,2745.207892924177,,,0.8,0.8
1755016122,10,0.3,4337.5,4118.550647499744,0.9495217631123328,safe,0.8,0.8
1755016123,10,0.3,3167.1000000000004,2818.701000766197,0.8899943168091304,safe,0.8,0.8
1755016124,10,0.3,0.0,3858.84572772765,,,0.8,0.8
1755016125,10,0.3,0.0,3376.6024423334934,,,0.8,0.8
1755016126,10,0.3,0.0,4702.901835503639,,,0.8,0.8
1755016117,10,0.4,0.0,606.8582194869196,,,0.8,0.88
1755016118,10,0.4,0.0,3546.397367531128,,,0.8,0.88
1755016119,10,0.4,0.0,1096.7400570982618,,,0.8,0.88
1755016120,10,0.4,0.0,1102.3980355943054,,,0.8,0.88
1755016121,10,0.4,0.0,2915.140498162937,,,0.8,0.88
1755016122,10,0.4,4458.0,4190.638636620274,0.94002661207274,safe,0.8,0.88
1755016123,10,0.4,3304.8,2994.3205999935053,0.9060519849895624,safe,0.8,0.88
1755016124,10,0.4,0.0,3985.4680841791937,,,0.8,0.88
1755016125,10,0.4,0.0,3460.755546150111,,,0.8,0.88
1755016126,10,0.4,0.0,4894.399817384547,,,0.8,0.88
1755016117,10,0.5,0.0,626.769339906502,,,1.0,0.95
1755016118,10,0.5,0.0,3859.007348357453,,,1.0,0.95
1755016119,10,0.5,0.0,1133.695460613908,,,1.0,0.95
1755016120,10,0.5,0.0,1144.1475920120863,,,1.0,0.95
1755016121,10,0.5,0.0,2914.357522193681,,,1.0,0.95
1755016122,10,0.5,0.0,4256.730214818457,,,1.0,0.95
1755016123,10,0.5,0.0,3027.2094783587163,,,1.0,0.95
1755016124,10,0.5,0.0,4100.566429380546,,,1.0,0.95
1755016125,10,0.5,0.0,3594.057864764881,,,1.0,0.95
1755016126,10,0.5,0.0,4931.420614804258,,,1.0,0.95
1755016127,10,0.0,0.0,1004.0,,,0.2,0.23
1755016128,10,0.0,2417.0,1642.0,0.6793545717832024,safe,0.2,0.23
1755016129,10,0.0,0.0,860.0,,,0.2,0.23
1755016130,10,0.0,4528.0,3762.0,0.8308303886925795,safe,0.2,0.23
1755016131,10,0.0,3715.0,3177.0,0.8551816958277254,safe,0.2,0.23
1755016132,10,0.0,3842.0,3131.0,0.8149401353461738,safe,0.2,0.23
1755016133,10,0.0,7848.0,6825.0,0.8696483180428135,safe,0.2,0.23
1755016134,10,0.0,7231.0,6972.0,0.9641819941916748,safe,0.2,0.23
1755016135,10,0.0,338.0,290.0,0.8579881656804734,safe,0.2,0.23
1755016136,10,0.0,258.0,214.0,0.8294573643410853,safe,0.2,0.23
1755016127,10,0.02,0.0,1049.3715095944808,,,0.3,0.28
1755016128,10,0.02,2440.56,2340.9938372899705,0.9592035587283126,safe,0.3,0.28
1755016129,10,0.02,0.0,860.880777215847,,,0.3,0.28
1755016130,10,0.02,4548.58,4537.670381185275,0.9976015330466376,safe,0.3,0.28
1755016131,10,0.02,3737.54,3647.858048855664,0.9760050859270172,safe,0.3,0.28
1755016132,10,0.02,3865.02,3847.910293225228,0.9955731906239108,safe,0.3,0.28
1755016133,10,0.02,0.0,7843.914100103924,,,0.3,0.28
1755016134,10,0.02,7255.139999999999,7170.446966483078,0.9883264783978088,safe,0.3,0.28
1755016135,10,0.02,341.38,320.14545858929523,0.9377979336495847,safe,0.3,0.28
1755016136,10,0.02,260.20000000000005,236.0311572740211,0.9071143630823254,safe,0.3,0.28
1755016127,10,0.05,0.0,1049.936302530372,,,0.5,0.38
1755016128,10,0.05,2475.9,2369.302196606634,0.9569458365065772,safe,0.5,0.38
1755016129,10,0.05,0.0,862.2089216605818,,,0.5,0.38
1755016130,10,0.05,4579.45,4555.70564579338,0.9948150205359552,safe,0.5,0.38
1755016131,10,0.05,3771.35,3670.018641638567,0.9731312770330433,safe,0.5,0.38
1755016132,10,0.05,0.0,3872.64742920798,,,0.5,0.38
1755016133,10,0.05,0.0,7854.456405312136,,,0.5,0.38
1755016134,10,0.05,0.0,7209.384366803375,,,0.5,0.38
1755016135,10,0.05,346.44999999999993,320.39097059332744,0.9247827120604056,safe,0.5,0.38
1755016136,10,0.05,263.5,236.06836354218285,0.8958951178071456,safe,0.5,0.38
1755016127,10,0.1,0.0,1050.289797300913,,,0.6,0.49
1755016128,10,0.1,2534.8,2420.7510508895048,0.9550067267198614,safe,0.6,0.49
1755016129,10,0.1,0.0,964.5772794153308,,,0.6,0.49
1755016130,10,0.1,4630.9,4589.733733424644,0.9911105256914734,safe,0.6,0.49
1755016131,10,0.1,3827.7,3706.472639710597,0.9683289285238122,safe,0.6,0.49
1755016132,10,0.1,0.0,3920.031856554488,,,0.6,0.49
1755016133,10,0.1,0.0,7912.587119963911,,,0.6,0.49
1755016134,10,0.1,0.0,7236.470000222323,,,0.6,0.49
1755016135,10,0.1,354.9,320.23825049754123,0.9023337573895216,safe,0.6,0.49
1755016136,10,0.1,0.0,236.117033695562,,,0.6,0.49
1755016127,10,0.2,0.0,1179.410578607683,,,0.9,0.69
1755016128,10,0.2,0.0,2489.571720872697,,,0.9,0.69
1755016129,10,0.2,0.0,968.784183921176,,,0.9,0.69
1755016130,10,0.2,0.0,5625.897515146073,,,0.9,0.69
1755016131,10,0.2,3940.400000000001,3804.8269556110863,0.9655940908565338,safe,0.9,0.69
1755016132,10,0.2,0.0,3917.981177151458,,,0.9,0.69
1755016133,10,0.2,0.0,7966.184499445142,,,0.9,0.69
1755016134,10,0.2,0.0,7278.459341885356,,,0.9,0.69
1755016135,10,0.2,0.0,330.5400834672546,,,0.9,0.69
1755016136,10,0.2,0.0,258.1262702387321,,,0.9,0.69
1755016127,10,0.3,0.0,1192.789742100807,,,0.9,0.8
1755016128,10,0.3,0.0,2599.2816449084185,,,0.9,0.8
1755016129,10,0.3,0.0,1021.5388494211948,,,0.9,0.8
1755016130,10,0.3,0.0,5655.029965423482,,,0.9,0.8
1755016131,10,0.3,4053.1,3910.935790181904,0.9649245738279106,safe,0.9,0.8
1755016132,10,0.3,0.0,4991.131401383616,,,0.9,0.8
1755016133,10,0.3,0.0,7984.980842044193,,,0.9,0.8
1755016134,10,0.3,0.0,7904.053567796935,,,0.9,0.8
1755016135,10,0.3,0.0,341.190659554557,,,0.9,0.8
1755016136,10,0.3,0.0,259.65723282399995,,,0.9,0.8
1755016127,10,0.4,0.0,1207.1179909699574,,,0.9,0.88
1755016128,10,0.4,0.0,2709.622067512973,,,0.9,0.88
1755016129,10,0.4,0.0,1097.23396788862,,,0.9,0.88
1755016130,10,0.4,0.0,6016.0962949318255,,,0.9,0.88
1755016131,10,0.4,4165.799999999999,3930.479220863464,0.9435112633500083,safe,0.9,0.88
1755016132,10,0.4,0.0,5068.046598491994,,,0.9,0.88
1755016133,10,0.4,0.0,8093.04210625116,,,0.9,0.88
1755016134,10,0.4,0.0,8336.563297588567,,,0.9,0.88
1755016135,10,0.4,0.0,350.90222991358604,,,0.9,0.88
1755016136,10,0.4,0.0,262.0652601401521,,,0.9,0.88
1755016127,10,0.5,0.0,1235.889791360789,,,1.0,0.95
1755016128,10,0.5,0.0,2765.499939504503,,,1.0,0.95
1755016129,10,0.5,0.0,1126.8880064125406,,,1.0,0.95
1755016130,10,0.5,0.0,6778.158052770899,,,1.0,0.95
1755016131,10,0.5,0.0,4730.113981482764,,,1.0,0.95
1755016132,10,0.5,0.0,5156.867416898785,,,1.0,0.95
1755016133,10,0.5,0.0,8103.692496195799,,,1.0,0.95
1755016134,10,0.5,0.0,8510.230675644296,,,1.0,0.95
1755016135,10,0.5,0.0,359.22393628098143,,,1.0,0.95
1755016136,10,0.5,0.0,262.1165765429396,,,1.0,0.95
