seeds,num_tasks,per_jitter,chain_type,final_e2e_max,max_reaction_time,R,exceed,false_percentage_global,false_percentage_by_chain_type,false_percentage_by_num_tasks
1755016037,3,0,asc,302,265.0,0.8774834437086093,safe,0.0,0.0,0.0
1755016037,3,0,desc,302,265.0,0.8774834437086093,safe,0.0,0.0,0.0
1755016037,3,0,max_period,302,265.0,0.8774834437086093,safe,0.0,0.0,0.0
1755016037,3,0,min_period,302,265.0,0.8774834437086093,safe,0.0,0.0,0.0
1755016037,3,0.02,asc,305.02,267.0022206825415,0.8753597163548015,safe,0.0,0.0,0.0
1755016037,3,0.02,desc,305.02,267.0022206825415,0.8753597163548015,safe,0.0,0.0,0.0
1755016037,3,0.02,max_period,305.02,267.0022206825415,0.8753597163548015,safe,0.0,0.0,0.0
1755016037,3,0.02,min_period,305.02,267.0022206825415,0.8753597163548015,safe,0.0,0.0,0.0
1755016037,3,0.05,asc,309.54999999999995,270.0041264307815,0.8722472183194365,safe,0.1,0.1,0.1
1755016037,3,0.05,desc,309.54999999999995,270.0041264307815,0.8722472183194365,safe,0.1,0.1,0.1
1755016037,3,0.05,max_period,309.54999999999995,270.0041264307815,0.8722472183194365,safe,0.1,0.1,0.1
1755016037,3,0.05,min_period,309.54999999999995,270.0041264307815,0.8722472183194365,safe,0.1,0.1,0.1
1755016037,3,0.1,asc,317.1,274.7743352789439,0.8665226593470321,safe,0.2,0.2,0.2
1755016037,3,0.1,desc,317.1,274.7743352789439,0.8665226593470321,safe,0.2,0.2,0.2
1755016037,3,0.1,max_period,317.1,274.7743352789439,0.8665226593470321,safe,0.2,0.2,0.2
1755016037,3,0.1,min_period,317.1,274.7743352789439,0.8665226593470321,safe,0.2,0.2,0.2
1755016037,3,0.2,asc,332.20000000000005,283.97009334209724,0.854816656658932,safe,0.2,0.2,0.2
1755016037,3,0.2,desc,332.20000000000005,283.97009334209724,0.854816656658932,safe,0.2,0.2,0.2
1755016037,3,0.2,max_period,332.20000000000005,283.97009334209724,0.854816656658932,safe,0.2,0.2,0.2
1755016037,3,0.2,min_period,332.20000000000005,283.97009334209724,0.854816656658932,safe,0.2,0.2,0.2
1755016037,3,0.3,asc,347.3,317.0443554965718,0.9128832579803392,safe,0.3,0.3,0.3
1755016037,3,0.3,desc,347.3,317.0443554965718,0.9128832579803392,safe,0.3,0.3,0.3
1755016037,3,0.3,max_period,347.3,317.0443554965718,0.9128832579803392,safe,0.3,0.3,0.3
1755016037,3,0.3,min_period,347.3,317.0443554965718,0.9128832579803392,safe,0.3,0.3,0.3
1755016037,3,0.4,asc,0,329.37510874394866,,,0.4,0.4,0.4
1755016037,3,0.4,desc,0,329.37510874394866,,,0.6,0.6,0.6
1755016037,3,0.4,max_period,0,329.37510874394866,,,0.4,0.4,0.4
1755016037,3,0.4,min_period,0,329.37510874394866,,,0.5,0.5,0.5
1755016037,3,0.5,asc,0,343.0401134479216,,,0.4,0.4,0.4
1755016037,3,0.5,desc,0,343.0401134479216,,,0.6,0.6,0.6
1755016037,3,0.5,max_period,0,343.0401134479216,,,0.4,0.4,0.4
1755016037,3,0.5,min_period,0,343.0401134479216,,,0.5,0.5,0.5
1755016037,5,0,asc,2615,2419.0,0.9250478011472275,safe,0.1,0.1,0.1
1755016037,5,0,desc,2700,2419.0,0.8959259259259259,safe,0.2,0.2,0.2
1755016037,5,0,max_period,2700,2419.0,0.8959259259259259,safe,0.2,0.2,0.2
1755016037,5,0,min_period,2615,2419.0,0.9250478011472275,safe,0.1,0.1,0.1
1755016037,5,0.02,asc,2640.0,2520.5101038580324,0.9547386757038001,safe,0.2,0.2,0.2
1755016037,5,0.02,desc,2727.0,2520.5101038580324,0.9242794660278814,safe,0.2,0.2,0.2
1755016037,5,0.02,max_period,2727.0,2520.5101038580324,0.9242794660278814,safe,0.2,0.2,0.2
1755016037,5,0.02,min_period,2640.0,2520.5101038580324,0.9547386757038001,safe,0.2,0.2,0.2
1755016037,5,0.05,asc,2677.5,2622.363345780741,0.9794074120562991,safe,0.2,0.2,0.2
1755016037,5,0.05,desc,2767.5,2622.363345780741,0.9475567645097528,safe,0.2,0.2,0.2
1755016037,5,0.05,max_period,2767.5,2622.363345780741,0.9475567645097528,safe,0.2,0.2,0.2
1755016037,5,0.05,min_period,2677.5,2622.363345780741,0.9794074120562991,safe,0.2,0.2,0.2
1755016037,5,0.1,asc,2740.0,2623.130705912001,0.9573469729605842,safe,0.2,0.2,0.2
1755016037,5,0.1,desc,2835.0,2623.130705912001,0.9252665629319227,safe,0.2,0.2,0.2
1755016037,5,0.1,max_period,2835.0,2623.130705912001,0.9252665629319227,safe,0.2,0.2,0.2
1755016037,5,0.1,min_period,2740.0,2623.130705912001,0.9573469729605842,safe,0.2,0.2,0.2
1755016037,5,0.2,asc,0,2724.0571365003416,,,0.6,0.6,0.6
1755016037,5,0.2,desc,2970.0,2724.0571365003416,0.9171909550506201,safe,0.2,0.2,0.2
1755016037,5,0.2,max_period,2970.0,2724.0571365003416,0.9171909550506201,safe,0.4,0.4,0.4
1755016037,5,0.2,min_period,0,2724.0571365003416,,,0.6,0.6,0.6
1755016037,5,0.3,asc,0,2847.4047112385524,,,0.7,0.7,0.7
1755016037,5,0.3,desc,3105.0,2847.4047112385524,0.9170385543441393,safe,0.3,0.3,0.3
1755016037,5,0.3,max_period,3105.0,2847.4047112385524,0.9170385543441393,safe,0.5,0.5,0.5
1755016037,5,0.3,min_period,0,2847.4047112385524,,,0.7,0.7,0.7
1755016037,5,0.4,asc,0,2912.844916389906,,,0.7,0.7,0.7
1755016037,5,0.4,desc,3240.0,2912.844916389906,0.8990262087623166,safe,0.6,0.6,0.6
1755016037,5,0.4,max_period,3240.0,2912.844916389906,0.8990262087623166,safe,0.5,0.5,0.5
1755016037,5,0.4,min_period,0,2912.844916389906,,,0.8,0.8,0.8
1755016037,5,0.5,asc,0,3014.201152162743,,,0.7,0.7,0.7
1755016037,5,0.5,desc,3375.0,3014.201152162743,0.8930966376778497,safe,0.6,0.6,0.6
1755016037,5,0.5,max_period,3375.0,3014.201152162743,0.8930966376778497,safe,0.5,0.5,0.5
1755016037,5,0.5,min_period,0,3014.201152162743,,,0.8,0.8,0.8
1755016037,8,0,asc,2384,1887.0,0.7915268456375839,safe,0.1,0.1,0.1
1755016037,8,0,desc,2384,1887.0,0.7915268456375839,safe,0.0,0.0,0.0
1755016037,8,0,max_period,2384,1887.0,0.7915268456375839,safe,0.1,0.1,0.1
1755016037,8,0,min_period,2384,1887.0,0.7915268456375839,safe,0.1,0.1,0.1
1755016037,8,0.02,asc,2407.84,2338.8136585844622,0.9713326710181998,safe,0.2,0.2,0.2
1755016037,8,0.02,desc,2407.84,2338.8136585844622,0.9713326710181998,safe,0.0,0.0,0.0
1755016037,8,0.02,max_period,2407.84,2338.8136585844622,0.9713326710181998,safe,0.1,0.1,0.1
1755016037,8,0.02,min_period,2407.84,2338.8136585844622,0.9713326710181998,safe,0.1,0.1,0.1
1755016037,8,0.05,asc,2443.6,2340.9480468507572,0.9579915071414132,safe,0.2,0.2,0.2
1755016037,8,0.05,desc,2443.5999999999995,2340.9480468507572,0.9579915071414133,safe,0.0,0.0,0.0
1755016037,8,0.05,max_period,2443.5999999999995,2340.9480468507572,0.9579915071414133,safe,0.1,0.1,0.1
1755016037,8,0.05,min_period,2443.6,2340.9480468507572,0.9579915071414132,safe,0.1,0.1,0.1
1755016037,8,0.1,asc,2503.2,2345.788279078304,0.937115803402966,safe,0.3,0.3,0.3
1755016037,8,0.1,desc,2503.2,2345.788279078304,0.937115803402966,safe,0.1,0.1,0.1
1755016037,8,0.1,max_period,2503.2,2345.788279078304,0.937115803402966,safe,0.2,0.2,0.2
1755016037,8,0.1,min_period,2503.2,2345.788279078304,0.937115803402966,safe,0.2,0.2,0.2
1755016037,8,0.2,asc,2622.4,2439.2118579692215,0.9301448512695323,safe,0.3,0.3,0.3
1755016037,8,0.2,desc,2622.4000000000005,2439.2118579692215,0.9301448512695321,safe,0.3,0.3,0.3
1755016037,8,0.2,max_period,2622.4000000000005,2439.2118579692215,0.9301448512695321,safe,0.2,0.2,0.2
1755016037,8,0.2,min_period,2622.4,2439.2118579692215,0.9301448512695323,safe,0.3,0.3,0.3
1755016037,8,0.3,asc,2741.6,2552.064270182701,0.9308667457625843,safe,0.4,0.4,0.4
1755016037,8,0.3,desc,2741.5999999999995,2552.064270182701,0.9308667457625844,safe,0.4,0.4,0.4
1755016037,8,0.3,max_period,2741.5999999999995,2552.064270182701,0.9308667457625844,safe,0.2,0.2,0.2
1755016037,8,0.3,min_period,2741.6,2552.064270182701,0.9308667457625843,safe,0.4,0.4,0.4
1755016037,8,0.4,asc,2860.8,2607.337760980474,0.9114016222666644,safe,0.6,0.6,0.6
1755016037,8,0.4,desc,2860.8,2607.337760980474,0.9114016222666644,safe,0.7,0.7,0.7
1755016037,8,0.4,max_period,2860.8,2607.337760980474,0.9114016222666644,safe,0.4,0.4,0.4
1755016037,8,0.4,min_period,2860.8,2607.337760980474,0.9114016222666644,safe,0.7,0.7,0.7
1755016037,8,0.5,asc,2980.0,2768.1892110387635,0.9289225540398535,safe,0.7,0.7,0.7
1755016037,8,0.5,desc,2980.0,2768.1892110387635,0.9289225540398535,safe,0.8,0.8,0.8
1755016037,8,0.5,max_period,2980.0,2768.1892110387635,0.9289225540398535,safe,0.5,0.5,0.5
1755016037,8,0.5,min_period,2980.0,2768.1892110387635,0.9289225540398535,safe,0.7,0.7,0.7
1755016037,10,0,asc,4438,3919.0,0.8830554303740423,safe,0.2,0.2,0.2
1755016037,10,0,desc,0,3919.0,,,0.2,0.2,0.2
1755016037,10,0,max_period,4438,3919.0,0.8830554303740423,safe,0.1,0.1,0.1
1755016037,10,0,min_period,4438,3919.0,0.8830554303740423,safe,0.1,0.1,0.1
1755016037,10,0.02,asc,4467.22,4220.761224715039,0.944829496804509,safe,0.2,0.2,0.2
1755016037,10,0.02,desc,0,4220.761224715039,,,0.3,0.3,0.3
1755016037,10,0.02,max_period,4467.22,4220.761224715039,0.944829496804509,safe,0.1,0.1,0.1
1755016037,10,0.02,min_period,4467.22,4220.761224715039,0.944829496804509,safe,0.1,0.1,0.1
1755016037,10,0.05,asc,4511.05,4222.580830411289,0.9360527660769197,safe,0.5,0.5,0.5
1755016037,10,0.05,desc,0,4222.580830411289,,,0.4,0.4,0.4
1755016037,10,0.05,max_period,4511.05,4222.580830411289,0.9360527660769197,safe,0.2,0.2,0.2
1755016037,10,0.05,min_period,4511.05,4222.580830411289,0.9360527660769197,safe,0.4,0.4,0.4
1755016037,10,0.1,asc,4584.1,4322.795707517296,0.9429976892993818,safe,0.5,0.5,0.5
1755016037,10,0.1,desc,0,4322.795707517296,,,0.4,0.4,0.4
1755016037,10,0.1,max_period,4584.1,4322.795707517296,0.9429976892993818,safe,0.3,0.3,0.3
1755016037,10,0.1,min_period,4584.1,4322.795707517296,0.9429976892993818,safe,0.4,0.4,0.4
1755016037,10,0.2,asc,4730.2,4330.619206906922,0.9155256029146595,safe,0.6,0.6,0.6
1755016037,10,0.2,desc,0,4330.619206906922,,,0.5,0.5,0.5
1755016037,10,0.2,max_period,4730.2,4330.619206906922,0.9155256029146595,safe,0.4,0.4,0.4
1755016037,10,0.2,min_period,4730.2,4330.619206906922,0.9155256029146595,safe,0.5,0.5,0.5
1755016037,10,0.3,asc,4876.3,4525.353379206448,0.9280301415430651,safe,0.7,0.7,0.7
1755016037,10,0.3,desc,0,4525.353379206448,,,0.7,0.7,0.7
1755016037,10,0.3,max_period,4876.3,4525.353379206448,0.9280301415430651,safe,0.6,0.6,0.6
1755016037,10,0.3,min_period,4876.3,4525.353379206448,0.9280301415430651,safe,0.7,0.7,0.7
1755016037,10,0.4,asc,0,4588.559307446209,,,1.0,1.0,1.0
1755016037,10,0.4,desc,0,4588.559307446209,,,0.9,0.9,0.9
1755016037,10,0.4,max_period,0,4588.559307446209,,,0.9,0.9,0.9
1755016037,10,0.4,min_period,0,4588.559307446209,,,1.0,1.0,1.0
1755016037,10,0.5,asc,0,4748.639664829196,,,1.0,1.0,1.0
1755016037,10,0.5,desc,0,4748.639664829196,,,1.0,1.0,1.0
1755016037,10,0.5,max_period,0,4748.639664829196,,,1.0,1.0,1.0
1755016037,10,0.5,min_period,0,4748.639664829196,,,1.0,1.0,1.0
1755016038,3,0,asc,444,409.0,0.9211711711711712,safe,0.0,0.0,0.0
1755016038,3,0,desc,444,409.0,0.9211711711711712,safe,0.0,0.0,0.0
1755016038,3,0,max_period,444,409.0,0.9211711711711712,safe,0.0,0.0,0.0
1755016038,3,0,min_period,444,409.0,0.9211711711711712,safe,0.0,0.0,0.0
1755016038,3,0.02,asc,448.44,432.8855639946087,0.9653143430439048,safe,0.0,0.0,0.0
1755016038,3,0.02,desc,448.44,432.8855639946087,0.9653143430439048,safe,0.0,0.0,0.0
1755016038,3,0.02,max_period,448.44,432.8855639946087,0.9653143430439048,safe,0.0,0.0,0.0
1755016038,3,0.02,min_period,448.44,432.8855639946087,0.9653143430439048,safe,0.0,0.0,0.0
1755016038,3,0.05,asc,455.1,438.521121400051,0.9635709105692177,safe,0.1,0.1,0.1
1755016038,3,0.05,desc,455.1,438.521121400051,0.9635709105692177,safe,0.1,0.1,0.1
1755016038,3,0.05,max_period,455.1,438.521121400051,0.9635709105692177,safe,0.1,0.1,0.1
1755016038,3,0.05,min_period,455.1,438.521121400051,0.9635709105692177,safe,0.1,0.1,0.1
1755016038,3,0.1,asc,466.2,446.96622264787356,0.9587435063231952,safe,0.2,0.2,0.2
1755016038,3,0.1,desc,466.19999999999993,446.96622264787356,0.9587435063231953,safe,0.2,0.2,0.2
1755016038,3,0.1,max_period,466.19999999999993,446.96622264787356,0.9587435063231953,safe,0.2,0.2,0.2
1755016038,3,0.1,min_period,466.2,446.96622264787356,0.9587435063231952,safe,0.2,0.2,0.2
1755016038,3,0.2,asc,488.4,462.4770825405767,0.9469227734246043,safe,0.2,0.2,0.2
1755016038,3,0.2,desc,488.4,462.4770825405767,0.9469227734246043,safe,0.2,0.2,0.2
1755016038,3,0.2,max_period,488.4,462.4770825405767,0.9469227734246043,safe,0.2,0.2,0.2
1755016038,3,0.2,min_period,488.4,462.4770825405767,0.9469227734246043,safe,0.2,0.2,0.2
1755016038,3,0.3,asc,510.6,479.989807608355,0.940050543690472,safe,0.3,0.3,0.3
1755016038,3,0.3,desc,510.6,479.989807608355,0.940050543690472,safe,0.3,0.3,0.3
1755016038,3,0.3,max_period,510.6,479.989807608355,0.940050543690472,safe,0.3,0.3,0.3
1755016038,3,0.3,min_period,510.6,479.989807608355,0.940050543690472,safe,0.3,0.3,0.3
1755016038,3,0.4,asc,532.8,494.1875452397653,0.9275291765010611,safe,0.4,0.4,0.4
1755016038,3,0.4,desc,532.8000000000001,494.1875452397653,0.9275291765010609,safe,0.6,0.6,0.6
1755016038,3,0.4,max_period,532.8000000000001,494.1875452397653,0.9275291765010609,safe,0.4,0.4,0.4
1755016038,3,0.4,min_period,532.8,494.1875452397653,0.9275291765010611,safe,0.5,0.5,0.5
1755016038,3,0.5,asc,555.0,507.4080334607843,0.9142487089383501,safe,0.4,0.4,0.4
1755016038,3,0.5,desc,555.0,507.4080334607843,0.9142487089383501,safe,0.6,0.6,0.6
1755016038,3,0.5,max_period,555.0,507.4080334607843,0.9142487089383501,safe,0.4,0.4,0.4
1755016038,3,0.5,min_period,555.0,507.4080334607843,0.9142487089383501,safe,0.5,0.5,0.5
1755016038,5,0,asc,357,269.0,0.7535014005602241,safe,0.1,0.1,0.1
1755016038,5,0,desc,360,269.0,0.7472222222222222,safe,0.2,0.2,0.2
1755016038,5,0,max_period,360,269.0,0.7472222222222222,safe,0.2,0.2,0.2
1755016038,5,0,min_period,357,269.0,0.7535014005602241,safe,0.1,0.1,0.1
1755016038,5,0.02,asc,360.5,329.3869007497457,0.9136945929257855,safe,0.2,0.2,0.2
1755016038,5,0.02,desc,363.59999999999997,329.3869007497457,0.9059045675185525,safe,0.2,0.2,0.2
1755016038,5,0.02,max_period,363.59999999999997,329.3869007497457,0.9059045675185525,safe,0.2,0.2,0.2
1755016038,5,0.02,min_period,360.5,329.3869007497457,0.9136945929257855,safe,0.2,0.2,0.2
1755016038,5,0.05,asc,365.75,329.8869495921663,0.901946547073592,safe,0.2,0.2,0.2
1755016038,5,0.05,desc,369.0,329.8869495921663,0.8940025734205048,safe,0.2,0.2,0.2
1755016038,5,0.05,max_period,369.0,329.8869495921663,0.8940025734205048,safe,0.2,0.2,0.2
1755016038,5,0.05,min_period,365.75,329.8869495921663,0.901946547073592,safe,0.2,0.2,0.2
1755016038,5,0.1,asc,374.5,330.29101509718384,0.8819519762274602,safe,0.2,0.2,0.2
1755016038,5,0.1,desc,378.0,330.29101509718384,0.8737857542253541,safe,0.2,0.2,0.2
1755016038,5,0.1,max_period,378.0,330.29101509718384,0.8737857542253541,safe,0.2,0.2,0.2
1755016038,5,0.1,min_period,374.5,330.29101509718384,0.8819519762274602,safe,0.2,0.2,0.2
1755016038,5,0.2,asc,0,349.2873050128941,,,0.6,0.6,0.6
1755016038,5,0.2,desc,396.0,349.2873050128941,0.8820386490224598,safe,0.2,0.2,0.2
1755016038,5,0.2,max_period,0,349.2873050128941,,,0.4,0.4,0.4
1755016038,5,0.2,min_period,0,349.2873050128941,,,0.6,0.6,0.6
1755016038,5,0.3,asc,0,354.2209322538497,,,0.7,0.7,0.7
1755016038,5,0.3,desc,414.0,354.2209322538497,0.8556061165551925,safe,0.3,0.3,0.3
1755016038,5,0.3,max_period,0,354.2209322538497,,,0.5,0.5,0.5
1755016038,5,0.3,min_period,0,354.2209322538497,,,0.7,0.7,0.7
1755016038,5,0.4,asc,0,353.9268274807282,,,0.7,0.7,0.7
1755016038,5,0.4,desc,0,353.9268274807282,,,0.6,0.6,0.6
1755016038,5,0.4,max_period,0,353.9268274807282,,,0.5,0.5,0.5
1755016038,5,0.4,min_period,0,353.9268274807282,,,0.8,0.8,0.8
1755016038,5,0.5,asc,0,384.62267400482597,,,0.7,0.7,0.7
1755016038,5,0.5,desc,0,384.62267400482597,,,0.6,0.6,0.6
1755016038,5,0.5,max_period,0,384.62267400482597,,,0.5,0.5,0.5
1755016038,5,0.5,min_period,0,384.62267400482597,,,0.8,0.8,0.8
1755016038,8,0,asc,0,698.0,,,0.1,0.1,0.1
1755016038,8,0,desc,816,698.0,0.8553921568627451,safe,0.0,0.0,0.0
1755016038,8,0,max_period,0,698.0,,,0.1,0.1,0.1
1755016038,8,0,min_period,0,698.0,,,0.1,0.1,0.1
1755016038,8,0.02,asc,0,738.038273500762,,,0.2,0.2,0.2
1755016038,8,0.02,desc,823.4399999999999,738.038273500762,0.896286643229333,safe,0.0,0.0,0.0
1755016038,8,0.02,max_period,0,738.038273500762,,,0.1,0.1,0.1
1755016038,8,0.02,min_period,0,738.038273500762,,,0.1,0.1,0.1
1755016038,8,0.05,asc,0,743.0656961421969,,,0.2,0.2,0.2
1755016038,8,0.05,desc,834.6,743.0656961421969,0.8903255405490017,safe,0.0,0.0,0.0
1755016038,8,0.05,max_period,0,743.0656961421969,,,0.1,0.1,0.1
1755016038,8,0.05,min_period,0,743.0656961421969,,,0.1,0.1,0.1
1755016038,8,0.1,asc,0,742.7609401444079,,,0.3,0.3,0.3
1755016038,8,0.1,desc,853.2,742.7609401444079,0.8705590015757241,safe,0.1,0.1,0.1
1755016038,8,0.1,max_period,0,742.7609401444079,,,0.2,0.2,0.2
1755016038,8,0.1,min_period,0,742.7609401444079,,,0.2,0.2,0.2
1755016038,8,0.2,asc,0,771.5646143923217,,,0.3,0.3,0.3
1755016038,8,0.2,desc,890.4,771.5646143923217,0.8665370781584925,safe,0.3,0.3,0.3
1755016038,8,0.2,max_period,0,771.5646143923217,,,0.2,0.2,0.2
1755016038,8,0.2,min_period,0,771.5646143923217,,,0.3,0.3,0.3
1755016038,8,0.3,asc,0,788.4265017377729,,,0.4,0.4,0.4
1755016038,8,0.3,desc,0,788.4265017377729,,,0.4,0.4,0.4
1755016038,8,0.3,max_period,0,788.4265017377729,,,0.2,0.2,0.2
1755016038,8,0.3,min_period,0,788.4265017377729,,,0.4,0.4,0.4
1755016038,8,0.4,asc,0,859.2478087717071,,,0.6,0.6,0.6
1755016038,8,0.4,desc,0,859.2478087717071,,,0.7,0.7,0.7
1755016038,8,0.4,max_period,0,859.2478087717071,,,0.4,0.4,0.4
1755016038,8,0.4,min_period,0,859.2478087717071,,,0.7,0.7,0.7
1755016038,8,0.5,asc,0,888.6648736807447,,,0.7,0.7,0.7
1755016038,8,0.5,desc,0,888.6648736807447,,,0.8,0.8,0.8
1755016038,8,0.5,max_period,0,888.6648736807447,,,0.5,0.5,0.5
1755016038,8,0.5,min_period,0,888.6648736807447,,,0.7,0.7,0.7
1755016038,10,0,asc,780,610.0,0.782051282051282,safe,0.2,0.2,0.2
1755016038,10,0,desc,780,610.0,0.782051282051282,safe,0.2,0.2,0.2
1755016038,10,0,max_period,780,610.0,0.782051282051282,safe,0.1,0.1,0.1
1755016038,10,0,min_period,780,610.0,0.782051282051282,safe,0.1,0.1,0.1
1755016038,10,0.02,asc,787.8000000000001,701.018974547389,0.8898438366938168,safe,0.2,0.2,0.2
1755016038,10,0.02,desc,787.8,701.018974547389,0.8898438366938171,safe,0.3,0.3,0.3
1755016038,10,0.02,max_period,787.8000000000001,701.018974547389,0.8898438366938168,safe,0.1,0.1,0.1
1755016038,10,0.02,min_period,787.8000000000001,701.018974547389,0.8898438366938168,safe,0.1,0.1,0.1
1755016038,10,0.05,asc,0,751.9448165808919,,,0.5,0.5,0.5
1755016038,10,0.05,desc,799.5,751.9448165808919,0.9405188450042425,safe,0.4,0.4,0.4
1755016038,10,0.05,max_period,799.5,751.9448165808919,0.9405188450042425,safe,0.2,0.2,0.2
1755016038,10,0.05,min_period,0,751.9448165808919,,,0.4,0.4,0.4
1755016038,10,0.1,asc,0,754.903872392124,,,0.5,0.5,0.5
1755016038,10,0.1,desc,818.9999999999998,754.903872392124,0.9217385499293336,safe,0.4,0.4,0.4
1755016038,10,0.1,max_period,0,754.903872392124,,,0.3,0.3,0.3
1755016038,10,0.1,min_period,0,754.903872392124,,,0.4,0.4,0.4
1755016038,10,0.2,asc,0,755.6774267738101,,,0.6,0.6,0.6
1755016038,10,0.2,desc,858.0,755.6774267738101,0.8807429216477973,safe,0.5,0.5,0.5
1755016038,10,0.2,max_period,0,755.6774267738101,,,0.4,0.4,0.4
1755016038,10,0.2,min_period,0,755.6774267738101,,,0.5,0.5,0.5
1755016038,10,0.3,asc,0,763.9320634054602,,,0.7,0.7,0.7
1755016038,10,0.3,desc,897.0,763.9320634054602,0.8516522445991752,safe,0.7,0.7,0.7
1755016038,10,0.3,max_period,0,763.9320634054602,,,0.6,0.6,0.6
1755016038,10,0.3,min_period,0,763.9320634054602,,,0.7,0.7,0.7
1755016038,10,0.4,asc,0,766.1085327112614,,,1.0,1.0,1.0
1755016038,10,0.4,desc,0,766.1085327112614,,,0.9,0.9,0.9
1755016038,10,0.4,max_period,0,766.1085327112614,,,0.9,0.9,0.9
1755016038,10,0.4,min_period,0,766.1085327112614,,,1.0,1.0,1.0
1755016038,10,0.5,asc,0,855.5938575235305,,,1.0,1.0,1.0
1755016038,10,0.5,desc,0,855.5938575235305,,,1.0,1.0,1.0
1755016038,10,0.5,max_period,0,855.5938575235305,,,1.0,1.0,1.0
1755016038,10,0.5,min_period,0,855.5938575235305,,,1.0,1.0,1.0
1755016039,3,0,asc,430,418.0,0.9720930232558139,safe,0.0,0.0,0.0
1755016039,3,0,desc,430,418.0,0.9720930232558139,safe,0.0,0.0,0.0
1755016039,3,0,max_period,430,418.0,0.9720930232558139,safe,0.0,0.0,0.0
1755016039,3,0,min_period,430,418.0,0.9720930232558139,safe,0.0,0.0,0.0
1755016039,3,0.02,asc,434.30000000000007,428.0806475397949,0.9856795936905246,safe,0.0,0.0,0.0
1755016039,3,0.02,desc,434.29999999999995,428.0806475397949,0.9856795936905248,safe,0.0,0.0,0.0
1755016039,3,0.02,max_period,434.30000000000007,428.0806475397949,0.9856795936905246,safe,0.0,0.0,0.0
1755016039,3,0.02,min_period,434.30000000000007,428.0806475397949,0.9856795936905246,safe,0.0,0.0,0.0
1755016039,3,0.05,asc,440.75,428.2691845271256,0.9716827782804892,safe,0.1,0.1,0.1
1755016039,3,0.05,desc,440.75,428.2691845271256,0.9716827782804892,safe,0.1,0.1,0.1
1755016039,3,0.05,max_period,440.75,428.2691845271256,0.9716827782804892,safe,0.1,0.1,0.1
1755016039,3,0.05,min_period,440.75,428.2691845271256,0.9716827782804892,safe,0.1,0.1,0.1
1755016039,3,0.1,asc,451.5,438.5305125527666,0.971274667890956,safe,0.2,0.2,0.2
1755016039,3,0.1,desc,451.5,438.5305125527666,0.971274667890956,safe,0.2,0.2,0.2
1755016039,3,0.1,max_period,451.5,438.5305125527666,0.971274667890956,safe,0.2,0.2,0.2
1755016039,3,0.1,min_period,451.5,438.5305125527666,0.971274667890956,safe,0.2,0.2,0.2
1755016039,3,0.2,asc,473.0,459.8352210265184,0.9721674863139924,safe,0.2,0.2,0.2
1755016039,3,0.2,desc,473.0,459.8352210265184,0.9721674863139924,safe,0.2,0.2,0.2
1755016039,3,0.2,max_period,473.0,459.8352210265184,0.9721674863139924,safe,0.2,0.2,0.2
1755016039,3,0.2,min_period,473.0,459.8352210265184,0.9721674863139924,safe,0.2,0.2,0.2
1755016039,3,0.3,asc,494.5,476.5781674153477,0.9637576691918053,safe,0.3,0.3,0.3
1755016039,3,0.3,desc,494.5,476.5781674153477,0.9637576691918053,safe,0.3,0.3,0.3
1755016039,3,0.3,max_period,494.5,476.5781674153477,0.9637576691918053,safe,0.3,0.3,0.3
1755016039,3,0.3,min_period,494.5,476.5781674153477,0.9637576691918053,safe,0.3,0.3,0.3
1755016039,3,0.4,asc,516.0,500.1874861878496,0.9693555933873054,safe,0.4,0.4,0.4
1755016039,3,0.4,desc,0,500.1874861878496,,,0.6,0.6,0.6
1755016039,3,0.4,max_period,516.0,500.1874861878496,0.9693555933873054,safe,0.4,0.4,0.4
1755016039,3,0.4,min_period,516.0,500.1874861878496,0.9693555933873054,safe,0.5,0.5,0.5
1755016039,3,0.5,asc,537.5,516.6168470872217,0.9611476224878543,safe,0.4,0.4,0.4
1755016039,3,0.5,desc,0,516.6168470872217,,,0.6,0.6,0.6
1755016039,3,0.5,max_period,537.5,516.6168470872217,0.9611476224878543,safe,0.4,0.4,0.4
1755016039,3,0.5,min_period,537.5,516.6168470872217,0.9611476224878543,safe,0.5,0.5,0.5
1755016039,5,0,asc,0,538.0,,,0.1,0.1,0.1
1755016039,5,0,desc,0,538.0,,,0.2,0.2,0.2
1755016039,5,0,max_period,0,538.0,,,0.2,0.2,0.2
1755016039,5,0,min_period,0,538.0,,,0.1,0.1,0.1
1755016039,5,0.02,asc,0,539.9188108864982,,,0.2,0.2,0.2
1755016039,5,0.02,desc,0,539.9188108864982,,,0.2,0.2,0.2
1755016039,5,0.02,max_period,0,539.9188108864982,,,0.2,0.2,0.2
1755016039,5,0.02,min_period,0,539.9188108864982,,,0.2,0.2,0.2
1755016039,5,0.05,asc,0,542.9591478906441,,,0.2,0.2,0.2
1755016039,5,0.05,desc,0,542.9591478906441,,,0.2,0.2,0.2
1755016039,5,0.05,max_period,0,542.9591478906441,,,0.2,0.2,0.2
1755016039,5,0.05,min_period,0,542.9591478906441,,,0.2,0.2,0.2
1755016039,5,0.1,asc,0,547.7788019602958,,,0.2,0.2,0.2
1755016039,5,0.1,desc,0,547.7788019602958,,,0.2,0.2,0.2
1755016039,5,0.1,max_period,0,547.7788019602958,,,0.2,0.2,0.2
1755016039,5,0.1,min_period,0,547.7788019602958,,,0.2,0.2,0.2
1755016039,5,0.2,asc,0,630.6414087315206,,,0.6,0.6,0.6
1755016039,5,0.2,desc,0,630.6414087315206,,,0.2,0.2,0.2
1755016039,5,0.2,max_period,0,630.6414087315206,,,0.4,0.4,0.4
1755016039,5,0.2,min_period,0,630.6414087315206,,,0.6,0.6,0.6
1755016039,5,0.3,asc,0,661.1040550261932,,,0.7,0.7,0.7
1755016039,5,0.3,desc,0,661.1040550261932,,,0.3,0.3,0.3
1755016039,5,0.3,max_period,0,661.1040550261932,,,0.5,0.5,0.5
1755016039,5,0.3,min_period,0,661.1040550261932,,,0.7,0.7,0.7
1755016039,5,0.4,asc,0,743.9050832019275,,,0.7,0.7,0.7
1755016039,5,0.4,desc,0,743.9050832019275,,,0.6,0.6,0.6
1755016039,5,0.4,max_period,0,743.9050832019275,,,0.5,0.5,0.5
1755016039,5,0.4,min_period,0,743.9050832019275,,,0.8,0.8,0.8
1755016039,5,0.5,asc,0,735.0400986681452,,,0.7,0.7,0.7
1755016039,5,0.5,desc,0,735.0400986681452,,,0.6,0.6,0.6
1755016039,5,0.5,max_period,0,735.0400986681452,,,0.5,0.5,0.5
1755016039,5,0.5,min_period,0,735.0400986681452,,,0.8,0.8,0.8
1755016039,8,0,asc,529,441.0,0.833648393194707,safe,0.1,0.1,0.1
1755016039,8,0,desc,539,441.0,0.8181818181818182,safe,0.0,0.0,0.0
1755016039,8,0,max_period,539,441.0,0.8181818181818182,safe,0.1,0.1,0.1
1755016039,8,0,min_period,539,441.0,0.8181818181818182,safe,0.1,0.1,0.1
1755016039,8,0.02,asc,532.42,481.9761092874269,0.9052554548804082,safe,0.2,0.2,0.2
1755016039,8,0.02,desc,542.82,481.9761092874269,0.8879114794728028,safe,0.0,0.0,0.0
1755016039,8,0.02,max_period,542.8199999999999,481.9761092874269,0.887911479472803,safe,0.1,0.1,0.1
1755016039,8,0.02,min_period,542.8199999999999,481.9761092874269,0.887911479472803,safe,0.1,0.1,0.1
1755016039,8,0.05,asc,537.55,483.31812700551563,0.8991128769519406,safe,0.2,0.2,0.2
1755016039,8,0.05,desc,548.55,483.31812700551563,0.8810830863285309,safe,0.0,0.0,0.0
1755016039,8,0.05,max_period,548.55,483.31812700551563,0.8810830863285309,safe,0.1,0.1,0.1
1755016039,8,0.05,min_period,548.55,483.31812700551563,0.8810830863285309,safe,0.1,0.1,0.1
1755016039,8,0.1,asc,546.0999999999999,485.5241378604769,0.8890755133867002,safe,0.3,0.3,0.3
1755016039,8,0.1,desc,558.0999999999999,485.5241378604769,0.8699590357650546,safe,0.1,0.1,0.1
1755016039,8,0.1,max_period,558.0999999999999,485.5241378604769,0.8699590357650546,safe,0.2,0.2,0.2
1755016039,8,0.1,min_period,558.0999999999999,485.5241378604769,0.8699590357650546,safe,0.2,0.2,0.2
1755016039,8,0.2,asc,563.2,540.1826259418303,0.9591310829933066,safe,0.3,0.3,0.3
1755016039,8,0.2,desc,577.2,540.1826259418303,0.9358673353115563,safe,0.3,0.3,0.3
1755016039,8,0.2,max_period,577.2,540.1826259418303,0.9358673353115563,safe,0.2,0.2,0.2
1755016039,8,0.2,min_period,577.2,540.1826259418303,0.9358673353115563,safe,0.3,0.3,0.3
1755016039,8,0.3,asc,580.3,541.4916324543174,0.9331236127077673,safe,0.4,0.4,0.4
1755016039,8,0.3,desc,596.3,541.4916324543174,0.9080859172468848,safe,0.4,0.4,0.4
1755016039,8,0.3,max_period,596.3,541.4916324543174,0.9080859172468848,safe,0.2,0.2,0.2
1755016039,8,0.3,min_period,596.3,541.4916324543174,0.9080859172468848,safe,0.4,0.4,0.4
1755016039,8,0.4,asc,0,547.3441380642143,,,0.6,0.6,0.6
1755016039,8,0.4,desc,0,547.3441380642143,,,0.7,0.7,0.7
1755016039,8,0.4,max_period,0,547.3441380642143,,,0.4,0.4,0.4
1755016039,8,0.4,min_period,0,547.3441380642143,,,0.7,0.7,0.7
1755016039,8,0.5,asc,0,643.1147606188861,,,0.7,0.7,0.7
1755016039,8,0.5,desc,0,643.1147606188861,,,0.8,0.8,0.8
1755016039,8,0.5,max_period,0,643.1147606188861,,,0.5,0.5,0.5
1755016039,8,0.5,min_period,0,643.1147606188861,,,0.7,0.7,0.7
1755016039,10,0,asc,170,139.0,0.8176470588235294,safe,0.2,0.2,0.2
1755016039,10,0,desc,170,139.0,0.8176470588235294,safe,0.2,0.2,0.2
1755016039,10,0,max_period,170,139.0,0.8176470588235294,safe,0.1,0.1,0.1
1755016039,10,0,min_period,170,139.0,0.8176470588235294,safe,0.1,0.1,0.1
1755016039,10,0.02,asc,171.7,160.03720335546473,0.9320745681739355,safe,0.2,0.2,0.2
1755016039,10,0.02,desc,0,160.03720335546473,,,0.3,0.3,0.3
1755016039,10,0.02,max_period,171.69999999999996,160.03720335546473,0.9320745681739357,safe,0.1,0.1,0.1
1755016039,10,0.02,min_period,171.70000000000002,160.03720335546473,0.9320745681739354,safe,0.1,0.1,0.1
1755016039,10,0.05,asc,174.25000000000003,158.17669581513573,0.9077572213207215,safe,0.5,0.5,0.5
1755016039,10,0.05,desc,0,158.17669581513573,,,0.4,0.4,0.4
1755016039,10,0.05,max_period,174.25000000000003,158.17669581513573,0.9077572213207215,safe,0.2,0.2,0.2
1755016039,10,0.05,min_period,174.25,158.17669581513573,0.9077572213207216,safe,0.4,0.4,0.4
1755016039,10,0.1,asc,178.5,160.2318008244124,0.8976571474756997,safe,0.5,0.5,0.5
1755016039,10,0.1,desc,0,160.2318008244124,,,0.4,0.4,0.4
1755016039,10,0.1,max_period,178.5,160.2318008244124,0.8976571474756997,safe,0.3,0.3,0.3
1755016039,10,0.1,min_period,178.49999999999997,160.2318008244124,0.8976571474756999,safe,0.4,0.4,0.4
1755016039,10,0.2,asc,186.99999999999997,160.6297878295511,0.8589828226179205,safe,0.6,0.6,0.6
1755016039,10,0.2,desc,0,160.6297878295511,,,0.5,0.5,0.5
1755016039,10,0.2,max_period,186.99999999999997,160.6297878295511,0.8589828226179205,safe,0.4,0.4,0.4
1755016039,10,0.2,min_period,187.0,160.6297878295511,0.8589828226179204,safe,0.5,0.5,0.5
1755016039,10,0.3,asc,0,166.11692393539465,,,0.7,0.7,0.7
1755016039,10,0.3,desc,0,166.11692393539465,,,0.7,0.7,0.7
1755016039,10,0.3,max_period,0,166.11692393539465,,,0.6,0.6,0.6
1755016039,10,0.3,min_period,0,166.11692393539465,,,0.7,0.7,0.7
1755016039,10,0.4,asc,0,169.7340354771461,,,1.0,1.0,1.0
1755016039,10,0.4,desc,0,169.7340354771461,,,0.9,0.9,0.9
1755016039,10,0.4,max_period,0,169.7340354771461,,,0.9,0.9,0.9
1755016039,10,0.4,min_period,0,169.7340354771461,,,1.0,1.0,1.0
1755016039,10,0.5,asc,0,181.56955369924322,,,1.0,1.0,1.0
1755016039,10,0.5,desc,0,181.56955369924322,,,1.0,1.0,1.0
1755016039,10,0.5,max_period,0,181.56955369924322,,,1.0,1.0,1.0
1755016039,10,0.5,min_period,0,181.56955369924322,,,1.0,1.0,1.0
1755016040,3,0,asc,2060,2039.0,0.9898058252427184,safe,0.0,0.0,0.0
1755016040,3,0,desc,2060,2039.0,0.9898058252427184,safe,0.0,0.0,0.0
1755016040,3,0,max_period,2060,2039.0,0.9898058252427184,safe,0.0,0.0,0.0
1755016040,3,0,min_period,2060,2039.0,0.9898058252427184,safe,0.0,0.0,0.0
1755016040,3,0.02,asc,2080.6,2059.02110908553,0.9896285249858359,safe,0.0,0.0,0.0
1755016040,3,0.02,desc,2080.6000000000004,2059.02110908553,0.9896285249858356,safe,0.0,0.0,0.0
1755016040,3,0.02,max_period,2080.6,2059.02110908553,0.9896285249858359,safe,0.0,0.0,0.0
1755016040,3,0.02,min_period,2080.6000000000004,2059.02110908553,0.9896285249858356,safe,0.0,0.0,0.0
1755016040,3,0.05,asc,2111.5,2099.038752023771,0.9940983907287573,safe,0.1,0.1,0.1
1755016040,3,0.05,desc,2111.5,2099.038752023771,0.9940983907287573,safe,0.1,0.1,0.1
1755016040,3,0.05,max_period,2111.5,2099.038752023771,0.9940983907287573,safe,0.1,0.1,0.1
1755016040,3,0.05,min_period,2111.5,2099.038752023771,0.9940983907287573,safe,0.1,0.1,0.1
1755016040,3,0.1,asc,2163.0,2138.245164153137,0.988555323233073,safe,0.2,0.2,0.2
1755016040,3,0.1,desc,2163.0,2138.245164153137,0.988555323233073,safe,0.2,0.2,0.2
1755016040,3,0.1,max_period,2163.0,2138.245164153137,0.988555323233073,safe,0.2,0.2,0.2
1755016040,3,0.1,min_period,2163.0,2138.245164153137,0.988555323233073,safe,0.2,0.2,0.2
1755016040,3,0.2,asc,2266.0,2230.180145767168,0.9841924738601802,safe,0.2,0.2,0.2
1755016040,3,0.2,desc,2266.0,2230.180145767168,0.9841924738601802,safe,0.2,0.2,0.2
1755016040,3,0.2,max_period,2266.0,2230.180145767168,0.9841924738601802,safe,0.2,0.2,0.2
1755016040,3,0.2,min_period,2266.0,2230.180145767168,0.9841924738601802,safe,0.2,0.2,0.2
1755016040,3,0.3,asc,2369.0,2338.5793338184594,0.9871588576692526,safe,0.3,0.3,0.3
1755016040,3,0.3,desc,2369.0,2338.5793338184594,0.9871588576692526,safe,0.3,0.3,0.3
1755016040,3,0.3,max_period,2369.0,2338.5793338184594,0.9871588576692526,safe,0.3,0.3,0.3
1755016040,3,0.3,min_period,2369.0,2338.5793338184594,0.9871588576692526,safe,0.3,0.3,0.3
1755016040,3,0.4,asc,2472.0,2432.463665267256,0.9840063370822234,safe,0.4,0.4,0.4
1755016040,3,0.4,desc,0,2432.463665267256,,,0.6,0.6,0.6
1755016040,3,0.4,max_period,2472.0,2432.463665267256,0.9840063370822234,safe,0.4,0.4,0.4
1755016040,3,0.4,min_period,0,2432.463665267256,,,0.5,0.5,0.5
1755016040,3,0.5,asc,2575.0,2516.8459825380123,0.9774159155487426,safe,0.4,0.4,0.4
1755016040,3,0.5,desc,0,2516.8459825380123,,,0.6,0.6,0.6
1755016040,3,0.5,max_period,2575.0,2516.8459825380123,0.9774159155487426,safe,0.4,0.4,0.4
1755016040,3,0.5,min_period,0,2516.8459825380123,,,0.5,0.5,0.5
1755016040,5,0,asc,2280,2240.0,0.9824561403508771,safe,0.1,0.1,0.1
1755016040,5,0,desc,2280,2240.0,0.9824561403508771,safe,0.2,0.2,0.2
1755016040,5,0,max_period,2280,2240.0,0.9824561403508771,safe,0.2,0.2,0.2
1755016040,5,0,min_period,2280,2240.0,0.9824561403508771,safe,0.1,0.1,0.1
1755016040,5,0.02,asc,2302.7999999999997,2241.8136483153794,0.9735164357805193,safe,0.2,0.2,0.2
1755016040,5,0.02,desc,2302.8,2241.8136483153794,0.973516435780519,safe,0.2,0.2,0.2
1755016040,5,0.02,max_period,2302.7999999999997,2241.8136483153794,0.9735164357805193,safe,0.2,0.2,0.2
1755016040,5,0.02,min_period,2302.8,2241.8136483153794,0.973516435780519,safe,0.2,0.2,0.2
1755016040,5,0.05,asc,2337.0,2244.3340995573963,0.9603483523993993,safe,0.2,0.2,0.2
1755016040,5,0.05,desc,2337.0,2244.3340995573963,0.9603483523993993,safe,0.2,0.2,0.2
1755016040,5,0.05,max_period,2337.0,2244.3340995573963,0.9603483523993993,safe,0.2,0.2,0.2
1755016040,5,0.05,min_period,2337.0,2244.3340995573963,0.9603483523993993,safe,0.2,0.2,0.2
1755016040,5,0.1,asc,2394.0,2345.395479001774,0.9796973596498639,safe,0.2,0.2,0.2
1755016040,5,0.1,desc,2394.0,2345.395479001774,0.9796973596498639,safe,0.2,0.2,0.2
1755016040,5,0.1,max_period,2394.0,2345.395479001774,0.9796973596498639,safe,0.2,0.2,0.2
1755016040,5,0.1,min_period,2394.0,2345.395479001774,0.9796973596498639,safe,0.2,0.2,0.2
1755016040,5,0.2,asc,2508.0,2445.976265904086,0.9752696435024267,safe,0.6,0.6,0.6
1755016040,5,0.2,desc,2508.0,2445.976265904086,0.9752696435024267,safe,0.2,0.2,0.2
1755016040,5,0.2,max_period,2508.0,2445.976265904086,0.9752696435024267,safe,0.4,0.4,0.4
1755016040,5,0.2,min_period,2508.0,2445.976265904086,0.9752696435024267,safe,0.6,0.6,0.6
1755016040,5,0.3,asc,2622.0,2551.492583379848,0.9731092995346483,safe,0.7,0.7,0.7
1755016040,5,0.3,desc,2622.0,2551.492583379848,0.9731092995346483,safe,0.3,0.3,0.3
1755016040,5,0.3,max_period,2622.0,2551.492583379848,0.9731092995346483,safe,0.5,0.5,0.5
1755016040,5,0.3,min_period,2622.0,2551.492583379848,0.9731092995346483,safe,0.7,0.7,0.7
1755016040,5,0.4,asc,2736.0,2561.7924535949132,0.9363276511677314,safe,0.7,0.7,0.7
1755016040,5,0.4,desc,0,2561.7924535949132,,,0.6,0.6,0.6
1755016040,5,0.4,max_period,2736.0,2561.7924535949132,0.9363276511677314,safe,0.5,0.5,0.5
1755016040,5,0.4,min_period,0,2561.7924535949132,,,0.8,0.8,0.8
1755016040,5,0.5,asc,2850.0,2705.793099142873,0.9494010874185519,safe,0.7,0.7,0.7
1755016040,5,0.5,desc,0,2705.793099142873,,,0.6,0.6,0.6
1755016040,5,0.5,max_period,2850.0,2705.793099142873,0.9494010874185519,safe,0.5,0.5,0.5
1755016040,5,0.5,min_period,0,2705.793099142873,,,0.8,0.8,0.8
1755016040,8,0,asc,3956,3204.0,0.8099089989888777,safe,0.1,0.1,0.1
1755016040,8,0,desc,3956,3204.0,0.8099089989888777,safe,0.0,0.0,0.0
1755016040,8,0,max_period,3956,3204.0,0.8099089989888777,safe,0.1,0.1,0.1
1755016040,8,0,min_period,3956,3204.0,0.8099089989888777,safe,0.1,0.1,0.1
1755016040,8,0.02,asc,3980.52,3902.176722920078,0.9803183310019993,safe,0.2,0.2,0.2
1755016040,8,0.02,desc,3980.52,3902.176722920078,0.9803183310019993,safe,0.0,0.0,0.0
1755016040,8,0.02,max_period,3980.52,3902.176722920078,0.9803183310019993,safe,0.1,0.1,0.1
1755016040,8,0.02,min_period,3980.52,3902.176722920078,0.9803183310019993,safe,0.1,0.1,0.1
1755016040,8,0.05,asc,4017.3,3932.853557580368,0.9789793039056998,safe,0.2,0.2,0.2
1755016040,8,0.05,desc,4017.3,3932.853557580368,0.9789793039056998,safe,0.0,0.0,0.0
1755016040,8,0.05,max_period,4017.3,3932.853557580368,0.9789793039056998,safe,0.1,0.1,0.1
1755016040,8,0.05,min_period,4017.3,3932.853557580368,0.9789793039056998,safe,0.1,0.1,0.1
1755016040,8,0.1,asc,0,4912.9576161438235,,,0.3,0.3,0.3
1755016040,8,0.1,desc,0,4912.9576161438235,,,0.1,0.1,0.1
1755016040,8,0.1,max_period,0,4912.9576161438235,,,0.2,0.2,0.2
1755016040,8,0.1,min_period,0,4912.9576161438235,,,0.2,0.2,0.2
1755016040,8,0.2,asc,0,4983.463932818806,,,0.3,0.3,0.3
1755016040,8,0.2,desc,0,4983.463932818806,,,0.3,0.3,0.3
1755016040,8,0.2,max_period,0,4983.463932818806,,,0.2,0.2,0.2
1755016040,8,0.2,min_period,0,4983.463932818806,,,0.3,0.3,0.3
1755016040,8,0.3,asc,0,5055.707333102,,,0.4,0.4,0.4
1755016040,8,0.3,desc,0,5055.707333102,,,0.4,0.4,0.4
1755016040,8,0.3,max_period,0,5055.707333102,,,0.2,0.2,0.2
1755016040,8,0.3,min_period,0,5055.707333102,,,0.4,0.4,0.4
1755016040,8,0.4,asc,0,5124.689049341531,,,0.6,0.6,0.6
1755016040,8,0.4,desc,0,5124.689049341531,,,0.7,0.7,0.7
1755016040,8,0.4,max_period,0,5124.689049341531,,,0.4,0.4,0.4
1755016040,8,0.4,min_period,0,5124.689049341531,,,0.7,0.7,0.7
1755016040,8,0.5,asc,0,5272.268048229622,,,0.7,0.7,0.7
1755016040,8,0.5,desc,0,5272.268048229622,,,0.8,0.8,0.8
1755016040,8,0.5,max_period,0,5272.268048229622,,,0.5,0.5,0.5
1755016040,8,0.5,min_period,0,5272.268048229622,,,0.7,0.7,0.7
1755016040,10,0,asc,666,414.0,0.6216216216216216,safe,0.2,0.2,0.2
1755016040,10,0,desc,666,414.0,0.6216216216216216,safe,0.2,0.2,0.2
1755016040,10,0,max_period,666,414.0,0.6216216216216216,safe,0.1,0.1,0.1
1755016040,10,0,min_period,666,414.0,0.6216216216216216,safe,0.1,0.1,0.1
1755016040,10,0.02,asc,672.6600000000001,615.0088351109416,0.9142937518373941,safe,0.2,0.2,0.2
1755016040,10,0.02,desc,672.6599999999999,615.0088351109416,0.9142937518373945,safe,0.3,0.3,0.3
1755016040,10,0.02,max_period,672.6599999999999,615.0088351109416,0.9142937518373945,safe,0.1,0.1,0.1
1755016040,10,0.02,min_period,672.6600000000001,615.0088351109416,0.9142937518373941,safe,0.1,0.1,0.1
1755016040,10,0.05,asc,682.65,617.0309415671891,0.9038759855961167,safe,0.5,0.5,0.5
1755016040,10,0.05,desc,682.6500000000002,617.0309415671891,0.9038759855961165,safe,0.4,0.4,0.4
1755016040,10,0.05,max_period,682.6500000000001,617.0309415671891,0.9038759855961166,safe,0.2,0.2,0.2
1755016040,10,0.05,min_period,682.65,617.0309415671891,0.9038759855961167,safe,0.4,0.4,0.4
1755016040,10,0.1,asc,699.3,618.8969526945693,0.8850235273767616,safe,0.5,0.5,0.5
1755016040,10,0.1,desc,699.3000000000002,618.8969526945693,0.8850235273767613,safe,0.4,0.4,0.4
1755016040,10,0.1,max_period,699.3,618.8969526945693,0.8850235273767616,safe,0.3,0.3,0.3
1755016040,10,0.1,min_period,699.3,618.8969526945693,0.8850235273767616,safe,0.4,0.4,0.4
1755016040,10,0.2,asc,732.5999999999999,623.8296255346386,0.8515282903830722,safe,0.6,0.6,0.6
1755016040,10,0.2,desc,732.5999999999999,623.8296255346386,0.8515282903830722,safe,0.5,0.5,0.5
1755016040,10,0.2,max_period,732.5999999999999,623.8296255346386,0.8515282903830722,safe,0.4,0.4,0.4
1755016040,10,0.2,min_period,732.5999999999999,623.8296255346386,0.8515282903830722,safe,0.5,0.5,0.5
1755016040,10,0.3,asc,765.9000000000001,664.5473426184117,0.8676685502264154,safe,0.7,0.7,0.7
1755016040,10,0.3,desc,765.9000000000001,664.5473426184117,0.8676685502264154,safe,0.7,0.7,0.7
1755016040,10,0.3,max_period,765.9000000000001,664.5473426184117,0.8676685502264154,safe,0.6,0.6,0.6
1755016040,10,0.3,min_period,765.9000000000001,664.5473426184117,0.8676685502264154,safe,0.7,0.7,0.7
1755016040,10,0.4,asc,0,682.481780981594,,,1.0,1.0,1.0
1755016040,10,0.4,desc,0,682.481780981594,,,0.9,0.9,0.9
1755016040,10,0.4,max_period,0,682.481780981594,,,0.9,0.9,0.9
1755016040,10,0.4,min_period,0,682.481780981594,,,1.0,1.0,1.0
1755016040,10,0.5,asc,0,713.598919019576,,,1.0,1.0,1.0
1755016040,10,0.5,desc,0,713.598919019576,,,1.0,1.0,1.0
1755016040,10,0.5,max_period,0,713.598919019576,,,1.0,1.0,1.0
1755016040,10,0.5,min_period,0,713.598919019576,,,1.0,1.0,1.0
1755016041,3,0,asc,2044,1956.0,0.9569471624266145,safe,0.0,0.0,0.0
1755016041,3,0,desc,2044,1956.0,0.9569471624266145,safe,0.0,0.0,0.0
1755016041,3,0,max_period,2044,1956.0,0.9569471624266145,safe,0.0,0.0,0.0
1755016041,3,0,min_period,2044,1956.0,0.9569471624266145,safe,0.0,0.0,0.0
1755016041,3,0.02,asc,2064.44,2046.5216001917524,0.9913204550346595,safe,0.0,0.0,0.0
1755016041,3,0.02,desc,2064.44,2046.5216001917524,0.9913204550346595,safe,0.0,0.0,0.0
1755016041,3,0.02,max_period,2064.44,2046.5216001917524,0.9913204550346595,safe,0.0,0.0,0.0
1755016041,3,0.02,min_period,2064.44,2046.5216001917524,0.9913204550346595,safe,0.0,0.0,0.0
1755016041,3,0.05,asc,2095.1,2063.5449182485067,0.9849386273917745,safe,0.1,0.1,0.1
1755016041,3,0.05,desc,2095.1,2063.5449182485067,0.9849386273917745,safe,0.1,0.1,0.1
1755016041,3,0.05,max_period,2095.1,2063.5449182485067,0.9849386273917745,safe,0.1,0.1,0.1
1755016041,3,0.05,min_period,2095.1,2063.5449182485067,0.9849386273917745,safe,0.1,0.1,0.1
1755016041,3,0.1,asc,2146.2,2111.3234712149547,0.9837496371330514,safe,0.2,0.2,0.2
1755016041,3,0.1,desc,2146.2000000000003,2111.3234712149547,0.9837496371330512,safe,0.2,0.2,0.2
1755016041,3,0.1,max_period,2146.2000000000003,2111.3234712149547,0.9837496371330512,safe,0.2,0.2,0.2
1755016041,3,0.1,min_period,2146.2,2111.3234712149547,0.9837496371330514,safe,0.2,0.2,0.2
1755016041,3,0.2,asc,2248.4,2185.0639127759705,0.9718305963244842,safe,0.2,0.2,0.2
1755016041,3,0.2,desc,2248.4,2185.0639127759705,0.9718305963244842,safe,0.2,0.2,0.2
1755016041,3,0.2,max_period,2248.4,2185.0639127759705,0.9718305963244842,safe,0.2,0.2,0.2
1755016041,3,0.2,min_period,2248.4,2185.0639127759705,0.9718305963244842,safe,0.2,0.2,0.2
1755016041,3,0.3,asc,2350.6,2230.072393909662,0.9487247485364001,safe,0.3,0.3,0.3
1755016041,3,0.3,desc,2350.6,2230.072393909662,0.9487247485364001,safe,0.3,0.3,0.3
1755016041,3,0.3,max_period,2350.6,2230.072393909662,0.9487247485364001,safe,0.3,0.3,0.3
1755016041,3,0.3,min_period,2350.6,2230.072393909662,0.9487247485364001,safe,0.3,0.3,0.3
1755016041,3,0.4,asc,2452.8,2318.1966301571024,0.9451225661110169,safe,0.4,0.4,0.4
1755016041,3,0.4,desc,2452.8,2318.1966301571024,0.9451225661110169,safe,0.6,0.6,0.6
1755016041,3,0.4,max_period,2452.8,2318.1966301571024,0.9451225661110169,safe,0.4,0.4,0.4
1755016041,3,0.4,min_period,2452.8,2318.1966301571024,0.9451225661110169,safe,0.5,0.5,0.5
1755016041,3,0.5,asc,2555.0,2307.6815047747377,0.9032021545106605,safe,0.4,0.4,0.4
1755016041,3,0.5,desc,2555.0,2307.6815047747377,0.9032021545106605,safe,0.6,0.6,0.6
1755016041,3,0.5,max_period,2555.0,2307.6815047747377,0.9032021545106605,safe,0.4,0.4,0.4
1755016041,3,0.5,min_period,2555.0,2307.6815047747377,0.9032021545106605,safe,0.5,0.5,0.5
1755016041,5,0,asc,354,246.0,0.6949152542372882,safe,0.1,0.1,0.1
1755016041,5,0,desc,354,246.0,0.6949152542372882,safe,0.2,0.2,0.2
1755016041,5,0,max_period,354,246.0,0.6949152542372882,safe,0.2,0.2,0.2
1755016041,5,0,min_period,354,246.0,0.6949152542372882,safe,0.1,0.1,0.1
1755016041,5,0.02,asc,357.53999999999996,316.37597615577806,0.884868759175975,safe,0.2,0.2,0.2
1755016041,5,0.02,desc,357.54,316.37597615577806,0.8848687591759749,safe,0.2,0.2,0.2
1755016041,5,0.02,max_period,357.53999999999996,316.37597615577806,0.884868759175975,safe,0.2,0.2,0.2
1755016041,5,0.02,min_period,357.53999999999996,316.37597615577806,0.884868759175975,safe,0.2,0.2,0.2
1755016041,5,0.05,asc,362.85,316.9133027699952,0.8734003107895691,safe,0.2,0.2,0.2
1755016041,5,0.05,desc,362.84999999999997,316.9133027699952,0.8734003107895694,safe,0.2,0.2,0.2
1755016041,5,0.05,max_period,362.85,316.9133027699952,0.8734003107895691,safe,0.2,0.2,0.2
1755016041,5,0.05,min_period,362.85,316.9133027699952,0.8734003107895691,safe,0.2,0.2,0.2
1755016041,5,0.1,asc,371.70000000000005,326.8898065588188,0.87944526919241,safe,0.2,0.2,0.2
1755016041,5,0.1,desc,371.7,326.8898065588188,0.8794452691924101,safe,0.2,0.2,0.2
1755016041,5,0.1,max_period,371.70000000000005,326.8898065588188,0.87944526919241,safe,0.2,0.2,0.2
1755016041,5,0.1,min_period,371.70000000000005,326.8898065588188,0.87944526919241,safe,0.2,0.2,0.2
1755016041,5,0.2,asc,0,338.1126220496353,,,0.6,0.6,0.6
1755016041,5,0.2,desc,389.40000000000003,338.1126220496353,0.8682912738819601,safe,0.2,0.2,0.2
1755016041,5,0.2,max_period,0,338.1126220496353,,,0.4,0.4,0.4
1755016041,5,0.2,min_period,0,338.1126220496353,,,0.6,0.6,0.6
1755016041,5,0.3,asc,0,336.21308801223734,,,0.7,0.7,0.7
1755016041,5,0.3,desc,407.09999999999997,336.21308801223734,0.8258734660089349,safe,0.3,0.3,0.3
1755016041,5,0.3,max_period,0,336.21308801223734,,,0.5,0.5,0.5
1755016041,5,0.3,min_period,0,336.21308801223734,,,0.7,0.7,0.7
1755016041,5,0.4,asc,0,380.03600166680644,,,0.7,0.7,0.7
1755016041,5,0.4,desc,0,380.03600166680644,,,0.6,0.6,0.6
1755016041,5,0.4,max_period,0,380.03600166680644,,,0.5,0.5,0.5
1755016041,5,0.4,min_period,0,380.03600166680644,,,0.8,0.8,0.8
1755016041,5,0.5,asc,0,375.322027644724,,,0.7,0.7,0.7
1755016041,5,0.5,desc,0,375.322027644724,,,0.6,0.6,0.6
1755016041,5,0.5,max_period,0,375.322027644724,,,0.5,0.5,0.5
1755016041,5,0.5,min_period,0,375.322027644724,,,0.8,0.8,0.8
1755016041,8,0,asc,2506,1999.0,0.7976855546687949,safe,0.1,0.1,0.1
1755016041,8,0,desc,2506,1999.0,0.7976855546687949,safe,0.0,0.0,0.0
1755016041,8,0,max_period,2506,1999.0,0.7976855546687949,safe,0.1,0.1,0.1
1755016041,8,0,min_period,2506,1999.0,0.7976855546687949,safe,0.1,0.1,0.1
1755016041,8,0.02,asc,2531.0600000000004,2418.016019918585,0.955337297384726,safe,0.2,0.2,0.2
1755016041,8,0.02,desc,2531.06,2418.016019918585,0.9553372973847261,safe,0.0,0.0,0.0
1755016041,8,0.02,max_period,2531.0600000000004,2418.016019918585,0.955337297384726,safe,0.1,0.1,0.1
1755016041,8,0.02,min_period,2531.06,2418.016019918585,0.9553372973847261,safe,0.1,0.1,0.1
1755016041,8,0.05,asc,2568.65,2415.958299787346,0.9405556614514806,safe,0.2,0.2,0.2
1755016041,8,0.05,desc,2568.6499999999996,2415.958299787346,0.9405556614514808,safe,0.0,0.0,0.0
1755016041,8,0.05,max_period,2568.65,2415.958299787346,0.9405556614514806,safe,0.1,0.1,0.1
1755016041,8,0.05,min_period,2568.6499999999996,2415.958299787346,0.9405556614514808,safe,0.1,0.1,0.1
1755016041,8,0.1,asc,2631.3,2499.989620815485,0.9500967661670979,safe,0.3,0.3,0.3
1755016041,8,0.1,desc,2631.3,2499.989620815485,0.9500967661670979,safe,0.1,0.1,0.1
1755016041,8,0.1,max_period,2631.3,2499.989620815485,0.9500967661670979,safe,0.2,0.2,0.2
1755016041,8,0.1,min_period,2631.3,2499.989620815485,0.9500967661670979,safe,0.2,0.2,0.2
1755016041,8,0.2,asc,2756.6,2524.7992856113738,0.9159106455820119,safe,0.3,0.3,0.3
1755016041,8,0.2,desc,2756.6000000000004,2524.7992856113738,0.9159106455820117,safe,0.3,0.3,0.3
1755016041,8,0.2,max_period,2756.6,2524.7992856113738,0.9159106455820119,safe,0.2,0.2,0.2
1755016041,8,0.2,min_period,2756.6000000000004,2524.7992856113738,0.9159106455820117,safe,0.3,0.3,0.3
1755016041,8,0.3,asc,2881.9,2662.5994414566953,0.923904174834899,safe,0.4,0.4,0.4
1755016041,8,0.3,desc,2881.8999999999996,2662.5994414566953,0.9239041748348991,safe,0.4,0.4,0.4
1755016041,8,0.3,max_period,2881.9,2662.5994414566953,0.923904174834899,safe,0.2,0.2,0.2
1755016041,8,0.3,min_period,2881.8999999999996,2662.5994414566953,0.9239041748348991,safe,0.4,0.4,0.4
1755016041,8,0.4,asc,3007.2,2792.6345943806136,0.9286494394721382,safe,0.6,0.6,0.6
1755016041,8,0.4,desc,0,2792.6345943806136,,,0.7,0.7,0.7
1755016041,8,0.4,max_period,3007.2,2792.6345943806136,0.9286494394721382,safe,0.4,0.4,0.4
1755016041,8,0.4,min_period,0,2792.6345943806136,,,0.7,0.7,0.7
1755016041,8,0.5,asc,3132.5,2757.6692904325078,0.8803413536895476,safe,0.7,0.7,0.7
1755016041,8,0.5,desc,0,2757.6692904325078,,,0.8,0.8,0.8
1755016041,8,0.5,max_period,3132.5,2757.6692904325078,0.8803413536895476,safe,0.5,0.5,0.5
1755016041,8,0.5,min_period,0,2757.6692904325078,,,0.7,0.7,0.7
1755016041,10,0,asc,0,1189.0,,,0.2,0.2,0.2
1755016041,10,0,desc,0,1189.0,,,0.2,0.2,0.2
1755016041,10,0,max_period,0,1189.0,,,0.1,0.1,0.1
1755016041,10,0,min_period,0,1189.0,,,0.1,0.1,0.1
1755016041,10,0.02,asc,0,1189.9557271016965,,,0.2,0.2,0.2
1755016041,10,0.02,desc,0,1189.9557271016965,,,0.3,0.3,0.3
1755016041,10,0.02,max_period,0,1189.9557271016965,,,0.1,0.1,0.1
1755016041,10,0.02,min_period,0,1189.9557271016965,,,0.1,0.1,0.1
1755016041,10,0.05,asc,0,1191.2686445032014,,,0.5,0.5,0.5
1755016041,10,0.05,desc,0,1191.2686445032014,,,0.4,0.4,0.4
1755016041,10,0.05,max_period,0,1191.2686445032014,,,0.2,0.2,0.2
1755016041,10,0.05,min_period,0,1191.2686445032014,,,0.4,0.4,0.4
1755016041,10,0.1,asc,0,1392.7115966819256,,,0.5,0.5,0.5
1755016041,10,0.1,desc,0,1392.7115966819256,,,0.4,0.4,0.4
1755016041,10,0.1,max_period,0,1392.7115966819256,,,0.3,0.3,0.3
1755016041,10,0.1,min_period,0,1392.7115966819256,,,0.4,0.4,0.4
1755016041,10,0.2,asc,0,1445.863092502419,,,0.6,0.6,0.6
1755016041,10,0.2,desc,0,1445.863092502419,,,0.5,0.5,0.5
1755016041,10,0.2,max_period,0,1445.863092502419,,,0.4,0.4,0.4
1755016041,10,0.2,min_period,0,1445.863092502419,,,0.5,0.5,0.5
1755016041,10,0.3,asc,0,1450.420446608492,,,0.7,0.7,0.7
1755016041,10,0.3,desc,0,1450.420446608492,,,0.7,0.7,0.7
1755016041,10,0.3,max_period,0,1450.420446608492,,,0.6,0.6,0.6
1755016041,10,0.3,min_period,0,1450.420446608492,,,0.7,0.7,0.7
1755016041,10,0.4,asc,0,1488.7170752993552,,,1.0,1.0,1.0
1755016041,10,0.4,desc,0,1488.7170752993552,,,0.9,0.9,0.9
1755016041,10,0.4,max_period,0,1488.7170752993552,,,0.9,0.9,0.9
1755016041,10,0.4,min_period,0,1488.7170752993552,,,1.0,1.0,1.0
1755016041,10,0.5,asc,0,1498.6298076858075,,,1.0,1.0,1.0
1755016041,10,0.5,desc,0,1498.6298076858075,,,1.0,1.0,1.0
1755016041,10,0.5,max_period,0,1498.6298076858075,,,1.0,1.0,1.0
1755016041,10,0.5,min_period,0,1498.6298076858075,,,1.0,1.0,1.0
1755016042,3,0,asc,316,311.0,0.9841772151898734,safe,0.0,0.0,0.0
1755016042,3,0,desc,316,311.0,0.9841772151898734,safe,0.0,0.0,0.0
1755016042,3,0,max_period,316,311.0,0.9841772151898734,safe,0.0,0.0,0.0
1755016042,3,0,min_period,316,311.0,0.9841772151898734,safe,0.0,0.0,0.0
1755016042,3,0.02,asc,318.1,316.7555249199477,0.9957734200564214,safe,0.0,0.0,0.0
1755016042,3,0.02,desc,318.1,316.7555249199477,0.9957734200564214,safe,0.0,0.0,0.0
1755016042,3,0.02,max_period,318.1,316.7555249199477,0.9957734200564214,safe,0.0,0.0,0.0
1755016042,3,0.02,min_period,318.1,316.7555249199477,0.9957734200564214,safe,0.0,0.0,0.0
1755016042,3,0.05,asc,321.25,320.30505563481324,0.9970585389410529,safe,0.1,0.1,0.1
1755016042,3,0.05,desc,321.25,320.30505563481324,0.9970585389410529,safe,0.1,0.1,0.1
1755016042,3,0.05,max_period,321.25,320.30505563481324,0.9970585389410529,safe,0.1,0.1,0.1
1755016042,3,0.05,min_period,321.25,320.30505563481324,0.9970585389410529,safe,0.1,0.1,0.1
1755016042,3,0.1,asc,0,419.1257591684532,,,0.2,0.2,0.2
1755016042,3,0.1,desc,0,419.1257591684532,,,0.2,0.2,0.2
1755016042,3,0.1,max_period,0,419.1257591684532,,,0.2,0.2,0.2
1755016042,3,0.1,min_period,0,419.1257591684532,,,0.2,0.2,0.2
1755016042,3,0.2,asc,0,430.41975029084733,,,0.2,0.2,0.2
1755016042,3,0.2,desc,0,430.41975029084733,,,0.2,0.2,0.2
1755016042,3,0.2,max_period,0,430.41975029084733,,,0.2,0.2,0.2
1755016042,3,0.2,min_period,0,430.41975029084733,,,0.2,0.2,0.2
1755016042,3,0.3,asc,0,429.68259776243804,,,0.3,0.3,0.3
1755016042,3,0.3,desc,0,429.68259776243804,,,0.3,0.3,0.3
1755016042,3,0.3,max_period,0,429.68259776243804,,,0.3,0.3,0.3
1755016042,3,0.3,min_period,0,429.68259776243804,,,0.3,0.3,0.3
1755016042,3,0.4,asc,0,430.3106084971229,,,0.4,0.4,0.4
1755016042,3,0.4,desc,0,430.3106084971229,,,0.6,0.6,0.6
1755016042,3,0.4,max_period,0,430.3106084971229,,,0.4,0.4,0.4
1755016042,3,0.4,min_period,0,430.3106084971229,,,0.5,0.5,0.5
1755016042,3,0.5,asc,0,437.1401512878242,,,0.4,0.4,0.4
1755016042,3,0.5,desc,0,437.1401512878242,,,0.6,0.6,0.6
1755016042,3,0.5,max_period,0,437.1401512878242,,,0.4,0.4,0.4
1755016042,3,0.5,min_period,0,437.1401512878242,,,0.5,0.5,0.5
1755016042,5,0,asc,2414,2008.0,0.831814415907208,safe,0.1,0.1,0.1
1755016042,5,0,desc,2414,2008.0,0.831814415907208,safe,0.2,0.2,0.2
1755016042,5,0,max_period,2414,2008.0,0.831814415907208,safe,0.2,0.2,0.2
1755016042,5,0,min_period,2414,2008.0,0.831814415907208,safe,0.1,0.1,0.1
1755016042,5,0.02,asc,2438.14,2008.005831515886,0.8235810213998729,safe,0.2,0.2,0.2
1755016042,5,0.02,desc,2438.14,2008.005831515886,0.8235810213998729,safe,0.2,0.2,0.2
1755016042,5,0.02,max_period,2438.14,2008.005831515886,0.8235810213998729,safe,0.2,0.2,0.2
1755016042,5,0.02,min_period,2438.14,2008.005831515886,0.8235810213998729,safe,0.2,0.2,0.2
1755016042,5,0.05,asc,2474.3500000000004,2018.0330658401676,0.8155810883020459,safe,0.2,0.2,0.2
1755016042,5,0.05,desc,2474.3499999999995,2018.0330658401676,0.8155810883020462,safe,0.2,0.2,0.2
1755016042,5,0.05,max_period,2474.3500000000004,2018.0330658401676,0.8155810883020459,safe,0.2,0.2,0.2
1755016042,5,0.05,min_period,2474.3500000000004,2018.0330658401676,0.8155810883020459,safe,0.2,0.2,0.2
1755016042,5,0.1,asc,2534.7000000000003,2208.4174387177673,0.8712736965785959,safe,0.2,0.2,0.2
1755016042,5,0.1,desc,2534.7,2208.4174387177673,0.8712736965785961,safe,0.2,0.2,0.2
1755016042,5,0.1,max_period,2534.7000000000003,2208.4174387177673,0.8712736965785959,safe,0.2,0.2,0.2
1755016042,5,0.1,min_period,2534.7000000000003,2208.4174387177673,0.8712736965785959,safe,0.2,0.2,0.2
1755016042,5,0.2,asc,2655.3999999999996,2238.164158205953,0.8428726964698174,safe,0.6,0.6,0.6
1755016042,5,0.2,desc,2655.4000000000005,2238.164158205953,0.8428726964698171,safe,0.2,0.2,0.2
1755016042,5,0.2,max_period,2655.3999999999996,2238.164158205953,0.8428726964698174,safe,0.4,0.4,0.4
1755016042,5,0.2,min_period,2655.3999999999996,2238.164158205953,0.8428726964698174,safe,0.6,0.6,0.6
1755016042,5,0.3,asc,2776.1000000000004,2343.8217481749984,0.8442857779528828,safe,0.7,0.7,0.7
1755016042,5,0.3,desc,2776.0999999999995,2343.8217481749984,0.8442857779528832,safe,0.3,0.3,0.3
1755016042,5,0.3,max_period,2776.1000000000004,2343.8217481749984,0.8442857779528828,safe,0.5,0.5,0.5
1755016042,5,0.3,min_period,2776.1000000000004,2343.8217481749984,0.8442857779528828,safe,0.7,0.7,0.7
1755016042,5,0.4,asc,2896.7999999999997,2461.511156778371,0.8497345887801613,safe,0.7,0.7,0.7
1755016042,5,0.4,desc,2896.8,2461.511156778371,0.8497345887801612,safe,0.6,0.6,0.6
1755016042,5,0.4,max_period,2896.7999999999997,2461.511156778371,0.8497345887801613,safe,0.5,0.5,0.5
1755016042,5,0.4,min_period,2896.7999999999997,2461.511156778371,0.8497345887801613,safe,0.8,0.8,0.8
1755016042,5,0.5,asc,3017.5,2592.2444673810623,0.8590702460252071,safe,0.7,0.7,0.7
1755016042,5,0.5,desc,3017.5,2592.2444673810623,0.8590702460252071,safe,0.6,0.6,0.6
1755016042,5,0.5,max_period,3017.5,2592.2444673810623,0.8590702460252071,safe,0.5,0.5,0.5
1755016042,5,0.5,min_period,3017.5,2592.2444673810623,0.8590702460252071,safe,0.8,0.8,0.8
1755016042,8,0,asc,2518,1956.0,0.7768069896743447,safe,0.1,0.1,0.1
1755016042,8,0,desc,2524,1956.0,0.7749603803486529,safe,0.0,0.0,0.0
1755016042,8,0,max_period,2524,1956.0,0.7749603803486529,safe,0.1,0.1,0.1
1755016042,8,0,min_period,2524,1956.0,0.7749603803486529,safe,0.1,0.1,0.1
1755016042,8,0.02,asc,2543.04,2362.0953365486603,0.9288471028960065,safe,0.2,0.2,0.2
1755016042,8,0.02,desc,2549.24,2362.0953365486603,0.9265880562633022,safe,0.0,0.0,0.0
1755016042,8,0.02,max_period,2549.24,2362.0953365486603,0.9265880562633022,safe,0.1,0.1,0.1
1755016042,8,0.02,min_period,2549.24,2362.0953365486603,0.9265880562633022,safe,0.1,0.1,0.1
1755016042,8,0.05,asc,2580.6,2392.4677063341296,0.9270974604100324,safe,0.2,0.2,0.2
1755016042,8,0.05,desc,2587.1,2392.4677063341296,0.9247681598446638,safe,0.0,0.0,0.0
1755016042,8,0.05,max_period,2587.1,2392.4677063341296,0.9247681598446638,safe,0.1,0.1,0.1
1755016042,8,0.05,min_period,2587.1,2392.4677063341296,0.9247681598446638,safe,0.1,0.1,0.1
1755016042,8,0.1,asc,2643.2,2435.0877292911237,0.9212650307548138,safe,0.3,0.3,0.3
1755016042,8,0.1,desc,2650.2,2435.0877292911237,0.918831684133697,safe,0.1,0.1,0.1
1755016042,8,0.1,max_period,2650.2,2435.0877292911237,0.918831684133697,safe,0.2,0.2,0.2
1755016042,8,0.1,min_period,2650.2,2435.0877292911237,0.918831684133697,safe,0.2,0.2,0.2
1755016042,8,0.2,asc,2768.4,2502.5397930208237,0.9039661150920473,safe,0.3,0.3,0.3
1755016042,8,0.2,desc,2776.4,2502.5397930208237,0.9013614007422647,safe,0.3,0.3,0.3
1755016042,8,0.2,max_period,2776.4,2502.5397930208237,0.9013614007422647,safe,0.2,0.2,0.2
1755016042,8,0.2,min_period,2776.4,2502.5397930208237,0.9013614007422647,safe,0.3,0.3,0.3
1755016042,8,0.3,asc,2893.6,2610.562397674668,0.9021849591079167,safe,0.4,0.4,0.4
1755016042,8,0.3,desc,2902.6,2610.562397674668,0.8993875827446661,safe,0.4,0.4,0.4
1755016042,8,0.3,max_period,2902.6,2610.562397674668,0.8993875827446661,safe,0.2,0.2,0.2
1755016042,8,0.3,min_period,2902.6,2610.562397674668,0.8993875827446661,safe,0.4,0.4,0.4
1755016042,8,0.4,asc,3018.8,2840.1843667805697,0.9408322402214686,safe,0.6,0.6,0.6
1755016042,8,0.4,desc,3028.8,2840.1843667805697,0.9377259531103307,safe,0.7,0.7,0.7
1755016042,8,0.4,max_period,3028.8,2840.1843667805697,0.9377259531103307,safe,0.4,0.4,0.4
1755016042,8,0.4,min_period,3028.8,2840.1843667805697,0.9377259531103307,safe,0.7,0.7,0.7
1755016042,8,0.5,asc,0,2863.1423800590637,,,0.7,0.7,0.7
1755016042,8,0.5,desc,0,2863.1423800590637,,,0.8,0.8,0.8
1755016042,8,0.5,max_period,0,2863.1423800590637,,,0.5,0.5,0.5
1755016042,8,0.5,min_period,3155.0,2863.1423800590637,0.9074936228396399,safe,0.7,0.7,0.7
1755016042,10,0,asc,2946,2801.0,0.9507807196198235,safe,0.2,0.2,0.2
1755016042,10,0,desc,3042,2801.0,0.92077580539119,safe,0.2,0.2,0.2
1755016042,10,0,max_period,3042,2801.0,0.92077580539119,safe,0.1,0.1,0.1
1755016042,10,0,min_period,2946,2801.0,0.9507807196198235,safe,0.1,0.1,0.1
1755016042,10,0.02,asc,2974.4,2813.512625464569,0.945909301191692,safe,0.2,0.2,0.2
1755016042,10,0.02,desc,3072.4200000000005,2813.512625464569,0.9157317767312309,safe,0.3,0.3,0.3
1755016042,10,0.02,max_period,3072.42,2813.512625464569,0.915731776731231,safe,0.1,0.1,0.1
1755016042,10,0.02,min_period,2974.4,2813.512625464569,0.945909301191692,safe,0.1,0.1,0.1
1755016042,10,0.05,asc,0,2819.0869517744186,,,0.5,0.5,0.5
1755016042,10,0.05,desc,3118.05,2819.0869517744186,0.9041185842992955,safe,0.4,0.4,0.4
1755016042,10,0.05,max_period,3118.05,2819.0869517744186,0.9041185842992955,safe,0.2,0.2,0.2
1755016042,10,0.05,min_period,0,2819.0869517744186,,,0.4,0.4,0.4
1755016042,10,0.1,asc,0,2921.816079658407,,,0.5,0.5,0.5
1755016042,10,0.1,desc,3194.1,2921.816079658407,0.9147541027702348,safe,0.4,0.4,0.4
1755016042,10,0.1,max_period,3194.1,2921.816079658407,0.9147541027702348,safe,0.3,0.3,0.3
1755016042,10,0.1,min_period,0,2921.816079658407,,,0.4,0.4,0.4
1755016042,10,0.2,asc,0,3036.0701453882475,,,0.6,0.6,0.6
1755016042,10,0.2,desc,3346.2,3036.0701453882475,0.907318793075204,safe,0.5,0.5,0.5
1755016042,10,0.2,max_period,3346.2,3036.0701453882475,0.907318793075204,safe,0.4,0.4,0.4
1755016042,10,0.2,min_period,0,3036.0701453882475,,,0.5,0.5,0.5
1755016042,10,0.3,asc,0,3071.673948815386,,,0.7,0.7,0.7
1755016042,10,0.3,desc,3498.3,3071.673948815386,0.8780476084999531,safe,0.7,0.7,0.7
1755016042,10,0.3,max_period,3498.3,3071.673948815386,0.8780476084999531,safe,0.6,0.6,0.6
1755016042,10,0.3,min_period,0,3071.673948815386,,,0.7,0.7,0.7
1755016042,10,0.4,asc,0,3251.9880557958345,,,1.0,1.0,1.0
1755016042,10,0.4,desc,3650.4,3251.9880557958345,0.8908580034505355,safe,0.9,0.9,0.9
1755016042,10,0.4,max_period,3650.4,3251.9880557958345,0.8908580034505355,safe,0.9,0.9,0.9
1755016042,10,0.4,min_period,0,3251.9880557958345,,,1.0,1.0,1.0
1755016042,10,0.5,asc,0,3265.505308037591,,,1.0,1.0,1.0
1755016042,10,0.5,desc,0,3265.505308037591,,,1.0,1.0,1.0
1755016042,10,0.5,max_period,0,3265.505308037591,,,1.0,1.0,1.0
1755016042,10,0.5,min_period,0,3265.505308037591,,,1.0,1.0,1.0
1755016043,3,0,asc,510,360.0,0.7058823529411765,safe,0.0,0.0,0.0
1755016043,3,0,desc,510,360.0,0.7058823529411765,safe,0.0,0.0,0.0
1755016043,3,0,max_period,510,360.0,0.7058823529411765,safe,0.0,0.0,0.0
1755016043,3,0,min_period,510,360.0,0.7058823529411765,safe,0.0,0.0,0.0
1755016043,3,0.02,asc,515.0999999999999,460.03834435162935,0.8931049201157628,safe,0.0,0.0,0.0
1755016043,3,0.02,desc,515.0999999999999,460.03834435162935,0.8931049201157628,safe,0.0,0.0,0.0
1755016043,3,0.02,max_period,515.0999999999999,460.03834435162935,0.8931049201157628,safe,0.0,0.0,0.0
1755016043,3,0.02,min_period,515.0999999999999,460.03834435162935,0.8931049201157628,safe,0.0,0.0,0.0
1755016043,3,0.05,asc,522.75,520.0201960195482,0.9947779933420338,safe,0.1,0.1,0.1
1755016043,3,0.05,desc,522.75,520.0201960195482,0.9947779933420338,safe,0.1,0.1,0.1
1755016043,3,0.05,max_period,522.75,520.0201960195482,0.9947779933420338,safe,0.1,0.1,0.1
1755016043,3,0.05,min_period,522.75,520.0201960195482,0.9947779933420338,safe,0.1,0.1,0.1
1755016043,3,0.1,asc,535.5,529.6072439684194,0.988995787055872,safe,0.2,0.2,0.2
1755016043,3,0.1,desc,535.5,529.6072439684194,0.988995787055872,safe,0.2,0.2,0.2
1755016043,3,0.1,max_period,535.5,529.6072439684194,0.988995787055872,safe,0.2,0.2,0.2
1755016043,3,0.1,min_period,535.5,529.6072439684194,0.988995787055872,safe,0.2,0.2,0.2
1755016043,3,0.2,asc,561.0,531.3993971213404,0.9472360019988242,safe,0.2,0.2,0.2
1755016043,3,0.2,desc,561.0,531.3993971213404,0.9472360019988242,safe,0.2,0.2,0.2
1755016043,3,0.2,max_period,561.0,531.3993971213404,0.9472360019988242,safe,0.2,0.2,0.2
1755016043,3,0.2,min_period,561.0,531.3993971213404,0.9472360019988242,safe,0.2,0.2,0.2
1755016043,3,0.3,asc,586.5,553.6311682138178,0.9439576610636279,safe,0.3,0.3,0.3
1755016043,3,0.3,desc,586.5,553.6311682138178,0.9439576610636279,safe,0.3,0.3,0.3
1755016043,3,0.3,max_period,586.5,553.6311682138178,0.9439576610636279,safe,0.3,0.3,0.3
1755016043,3,0.3,min_period,586.5,553.6311682138178,0.9439576610636279,safe,0.3,0.3,0.3
1755016043,3,0.4,asc,612.0,568.0465724562591,0.9281806739481359,safe,0.4,0.4,0.4
1755016043,3,0.4,desc,612.0,568.0465724562591,0.9281806739481359,safe,0.6,0.6,0.6
1755016043,3,0.4,max_period,612.0,568.0465724562591,0.9281806739481359,safe,0.4,0.4,0.4
1755016043,3,0.4,min_period,612.0,568.0465724562591,0.9281806739481359,safe,0.5,0.5,0.5
1755016043,3,0.5,asc,637.5,561.3131683404335,0.880491244455582,safe,0.4,0.4,0.4
1755016043,3,0.5,desc,637.5,561.3131683404335,0.880491244455582,safe,0.6,0.6,0.6
1755016043,3,0.5,max_period,637.5,561.3131683404335,0.880491244455582,safe,0.4,0.4,0.4
1755016043,3,0.5,min_period,637.5,561.3131683404335,0.880491244455582,safe,0.5,0.5,0.5
1755016043,5,0,asc,2154,1732.0,0.8040854224698236,safe,0.1,0.1,0.1
1755016043,5,0,desc,2154,1732.0,0.8040854224698236,safe,0.2,0.2,0.2
1755016043,5,0,max_period,2154,1732.0,0.8040854224698236,safe,0.2,0.2,0.2
1755016043,5,0,min_period,2154,1732.0,0.8040854224698236,safe,0.1,0.1,0.1
1755016043,5,0.02,asc,2175.54,2148.0079035594244,0.9873447068587222,safe,0.2,0.2,0.2
1755016043,5,0.02,desc,2175.54,2148.0079035594244,0.9873447068587222,safe,0.2,0.2,0.2
1755016043,5,0.02,max_period,2175.54,2148.0079035594244,0.9873447068587222,safe,0.2,0.2,0.2
1755016043,5,0.02,min_period,2175.54,2148.0079035594244,0.9873447068587222,safe,0.2,0.2,0.2
1755016043,5,0.05,asc,2207.85,2167.8894837312255,0.9819007105243679,safe,0.2,0.2,0.2
1755016043,5,0.05,desc,2207.85,2167.8894837312255,0.9819007105243679,safe,0.2,0.2,0.2
1755016043,5,0.05,max_period,2207.85,2167.8894837312255,0.9819007105243679,safe,0.2,0.2,0.2
1755016043,5,0.05,min_period,2207.85,2167.8894837312255,0.9819007105243679,safe,0.2,0.2,0.2
1755016043,5,0.1,asc,2261.7,2212.6244074822134,0.9783014579662261,safe,0.2,0.2,0.2
1755016043,5,0.1,desc,2261.7000000000003,2212.6244074822134,0.9783014579662259,safe,0.2,0.2,0.2
1755016043,5,0.1,max_period,2261.7000000000003,2212.6244074822134,0.9783014579662259,safe,0.2,0.2,0.2
1755016043,5,0.1,min_period,2261.7,2212.6244074822134,0.9783014579662261,safe,0.2,0.2,0.2
1755016043,5,0.2,asc,2369.4,2270.034866285994,0.9580631663231173,safe,0.6,0.6,0.6
1755016043,5,0.2,desc,2369.4,2270.034866285994,0.9580631663231173,safe,0.2,0.2,0.2
1755016043,5,0.2,max_period,2369.4,2270.034866285994,0.9580631663231173,safe,0.4,0.4,0.4
1755016043,5,0.2,min_period,2369.4,2270.034866285994,0.9580631663231173,safe,0.6,0.6,0.6
1755016043,5,0.3,asc,0,2347.909966856805,,,0.7,0.7,0.7
1755016043,5,0.3,desc,2477.1,2347.909966856805,0.9478462584703101,safe,0.3,0.3,0.3
1755016043,5,0.3,max_period,2477.1,2347.909966856805,0.9478462584703101,safe,0.5,0.5,0.5
1755016043,5,0.3,min_period,0,2347.909966856805,,,0.7,0.7,0.7
1755016043,5,0.4,asc,0,2469.8732748118055,,,0.7,0.7,0.7
1755016043,5,0.4,desc,2584.8,2469.8732748118055,0.9555374786489498,safe,0.6,0.6,0.6
1755016043,5,0.4,max_period,2584.8,2469.8732748118055,0.9555374786489498,safe,0.5,0.5,0.5
1755016043,5,0.4,min_period,0,2469.8732748118055,,,0.8,0.8,0.8
1755016043,5,0.5,asc,0,2532.5635592920225,,,0.7,0.7,0.7
1755016043,5,0.5,desc,2692.5,2532.5635592920225,0.9405992792170929,safe,0.6,0.6,0.6
1755016043,5,0.5,max_period,2692.5,2532.5635592920225,0.9405992792170929,safe,0.5,0.5,0.5
1755016043,5,0.5,min_period,0,2532.5635592920225,,,0.8,0.8,0.8
1755016043,8,0,asc,2854,1685.0,0.5903994393833216,safe,0.1,0.1,0.1
1755016043,8,0,desc,2854,1685.0,0.5903994393833216,safe,0.0,0.0,0.0
1755016043,8,0,max_period,2854,1685.0,0.5903994393833216,safe,0.1,0.1,0.1
1755016043,8,0,min_period,2854,1685.0,0.5903994393833216,safe,0.1,0.1,0.1
1755016043,8,0.02,asc,2882.54,2568.0887420790323,0.890911745224362,safe,0.2,0.2,0.2
1755016043,8,0.02,desc,2882.54,2568.0887420790323,0.890911745224362,safe,0.0,0.0,0.0
1755016043,8,0.02,max_period,2882.54,2568.0887420790323,0.890911745224362,safe,0.1,0.1,0.1
1755016043,8,0.02,min_period,2882.54,2568.0887420790323,0.890911745224362,safe,0.1,0.1,0.1
1755016043,8,0.05,asc,2925.3500000000004,2574.0892310978215,0.8799252161614238,safe,0.2,0.2,0.2
1755016043,8,0.05,desc,2925.35,2574.0892310978215,0.8799252161614239,safe,0.0,0.0,0.0
1755016043,8,0.05,max_period,2925.35,2574.0892310978215,0.8799252161614239,safe,0.1,0.1,0.1
1755016043,8,0.05,min_period,2925.35,2574.0892310978215,0.8799252161614239,safe,0.1,0.1,0.1
1755016043,8,0.1,asc,2996.7,2778.207361652001,0.927088918360864,safe,0.3,0.3,0.3
1755016043,8,0.1,desc,2996.7,2778.207361652001,0.927088918360864,safe,0.1,0.1,0.1
1755016043,8,0.1,max_period,2996.7000000000003,2778.207361652001,0.9270889183608639,safe,0.2,0.2,0.2
1755016043,8,0.1,min_period,2996.7,2778.207361652001,0.927088918360864,safe,0.2,0.2,0.2
1755016043,8,0.2,asc,3139.4,2792.2044921028046,0.8894070497874768,safe,0.3,0.3,0.3
1755016043,8,0.2,desc,3139.4,2792.2044921028046,0.8894070497874768,safe,0.3,0.3,0.3
1755016043,8,0.2,max_period,3139.4,2792.2044921028046,0.8894070497874768,safe,0.2,0.2,0.2
1755016043,8,0.2,min_period,3139.4,2792.2044921028046,0.8894070497874768,safe,0.3,0.3,0.3
1755016043,8,0.3,asc,3282.1000000000004,2972.9270807050416,0.9058002744294937,safe,0.4,0.4,0.4
1755016043,8,0.3,desc,3282.1,2972.9270807050416,0.9058002744294938,safe,0.4,0.4,0.4
1755016043,8,0.3,max_period,3282.1,2972.9270807050416,0.9058002744294938,safe,0.2,0.2,0.2
1755016043,8,0.3,min_period,3282.1,2972.9270807050416,0.9058002744294938,safe,0.4,0.4,0.4
1755016043,8,0.4,asc,3424.8,2958.8130026097897,0.8639374569638488,safe,0.6,0.6,0.6
1755016043,8,0.4,desc,3424.8,2958.8130026097897,0.8639374569638488,safe,0.7,0.7,0.7
1755016043,8,0.4,max_period,3424.7999999999997,2958.8130026097897,0.8639374569638489,safe,0.4,0.4,0.4
1755016043,8,0.4,min_period,3424.8,2958.8130026097897,0.8639374569638488,safe,0.7,0.7,0.7
1755016043,8,0.5,asc,3567.5,3140.520927655166,0.8803142053693528,safe,0.7,0.7,0.7
1755016043,8,0.5,desc,3567.5,3140.520927655166,0.8803142053693528,safe,0.8,0.8,0.8
1755016043,8,0.5,max_period,3567.5,3140.520927655166,0.8803142053693528,safe,0.5,0.5,0.5
1755016043,8,0.5,min_period,3567.5,3140.520927655166,0.8803142053693528,safe,0.7,0.7,0.7
1755016043,10,0,asc,5944,5249.0,0.8830753701211306,safe,0.2,0.2,0.2
1755016043,10,0,desc,5899,5249.0,0.8898118325139854,safe,0.2,0.2,0.2
1755016043,10,0,max_period,5944,5249.0,0.8830753701211306,safe,0.1,0.1,0.1
1755016043,10,0,min_period,5944,5249.0,0.8830753701211306,safe,0.1,0.1,0.1
1755016043,10,0.02,asc,5970.460000000001,5849.16224466926,0.9796836834463775,safe,0.2,0.2,0.2
1755016043,10,0.02,desc,5924.459999999999,5849.16224466926,0.9872903597406786,safe,0.3,0.3,0.3
1755016043,10,0.02,max_period,5970.460000000001,5849.16224466926,0.9796836834463775,safe,0.1,0.1,0.1
1755016043,10,0.02,min_period,5970.460000000001,5849.16224466926,0.9796836834463775,safe,0.1,0.1,0.1
1755016043,10,0.05,asc,6010.15,5909.505470616476,0.98325424001339,safe,0.5,0.5,0.5
1755016043,10,0.05,desc,5962.65,5909.505470616476,0.9910870956062281,safe,0.4,0.4,0.4
1755016043,10,0.05,max_period,6010.15,5909.505470616476,0.98325424001339,safe,0.2,0.2,0.2
1755016043,10,0.05,min_period,6010.15,5909.505470616476,0.98325424001339,safe,0.4,0.4,0.4
1755016043,10,0.1,asc,6076.3,5946.111633007182,0.9785744010347056,safe,0.5,0.5,0.5
1755016043,10,0.1,desc,6026.3,5946.111633007182,0.9866935985608386,safe,0.4,0.4,0.4
1755016043,10,0.1,max_period,6076.3,5946.111633007182,0.9785744010347056,safe,0.3,0.3,0.3
1755016043,10,0.1,min_period,6076.3,5946.111633007182,0.9785744010347056,safe,0.4,0.4,0.4
1755016043,10,0.2,asc,0,6045.5490453513485,,,0.6,0.6,0.6
1755016043,10,0.2,desc,0,6045.5490453513485,,,0.5,0.5,0.5
1755016043,10,0.2,max_period,0,6045.5490453513485,,,0.4,0.4,0.4
1755016043,10,0.2,min_period,0,6045.5490453513485,,,0.5,0.5,0.5
1755016043,10,0.3,asc,0,6131.444635641659,,,0.7,0.7,0.7
1755016043,10,0.3,desc,0,6131.444635641659,,,0.7,0.7,0.7
1755016043,10,0.3,max_period,0,6131.444635641659,,,0.6,0.6,0.6
1755016043,10,0.3,min_period,0,6131.444635641659,,,0.7,0.7,0.7
1755016043,10,0.4,asc,0,7116.763482654511,,,1.0,1.0,1.0
1755016043,10,0.4,desc,0,7116.763482654511,,,0.9,0.9,0.9
1755016043,10,0.4,max_period,0,7116.763482654511,,,0.9,0.9,0.9
1755016043,10,0.4,min_period,0,7116.763482654511,,,1.0,1.0,1.0
1755016043,10,0.5,asc,0,7277.928134864314,,,1.0,1.0,1.0
1755016043,10,0.5,desc,0,7277.928134864314,,,1.0,1.0,1.0
1755016043,10,0.5,max_period,0,7277.928134864314,,,1.0,1.0,1.0
1755016043,10,0.5,min_period,0,7277.928134864314,,,1.0,1.0,1.0
1755016044,3,0,asc,3774,3774.0,1.0,safe,0.0,0.0,0.0
1755016044,3,0,desc,3774,3774.0,1.0,safe,0.0,0.0,0.0
1755016044,3,0,max_period,3774,3774.0,1.0,safe,0.0,0.0,0.0
1755016044,3,0,min_period,3774,3774.0,1.0,safe,0.0,0.0,0.0
1755016044,3,0.02,asc,3794.0,3791.3569193789976,0.999303352498418,safe,0.0,0.0,0.0
1755016044,3,0.02,desc,3794.0,3791.3569193789976,0.999303352498418,safe,0.0,0.0,0.0
1755016044,3,0.02,max_period,3794.0,3791.3569193789976,0.999303352498418,safe,0.0,0.0,0.0
1755016044,3,0.02,min_period,3794.0,3791.3569193789976,0.999303352498418,safe,0.0,0.0,0.0
1755016044,3,0.05,asc,3824.0,3819.0947511356208,0.9987172466358841,safe,0.1,0.1,0.1
1755016044,3,0.05,desc,3824.0,3819.0947511356208,0.9987172466358841,safe,0.1,0.1,0.1
1755016044,3,0.05,max_period,3824.0,3819.0947511356208,0.9987172466358841,safe,0.1,0.1,0.1
1755016044,3,0.05,min_period,3824.0,3819.0947511356208,0.9987172466358841,safe,0.1,0.1,0.1
1755016044,3,0.1,asc,3874.0,3857.9190788443084,0.9958490136407611,safe,0.2,0.2,0.2
1755016044,3,0.1,desc,3874.0,3857.9190788443084,0.9958490136407611,safe,0.2,0.2,0.2
1755016044,3,0.1,max_period,3874.0,3857.9190788443084,0.9958490136407611,safe,0.2,0.2,0.2
1755016044,3,0.1,min_period,3874.0,3857.9190788443084,0.9958490136407611,safe,0.2,0.2,0.2
1755016044,3,0.2,asc,3974.0,3968.184947435686,0.99853672557516,safe,0.2,0.2,0.2
1755016044,3,0.2,desc,3974.0,3968.184947435686,0.99853672557516,safe,0.2,0.2,0.2
1755016044,3,0.2,max_period,3974.0,3968.184947435686,0.99853672557516,safe,0.2,0.2,0.2
1755016044,3,0.2,min_period,3974.0,3968.184947435686,0.99853672557516,safe,0.2,0.2,0.2
1755016044,3,0.3,asc,0,4067.5400746433297,,,0.3,0.3,0.3
1755016044,3,0.3,desc,0,4067.5400746433297,,,0.3,0.3,0.3
1755016044,3,0.3,max_period,0,4067.5400746433297,,,0.3,0.3,0.3
1755016044,3,0.3,min_period,0,4067.5400746433297,,,0.3,0.3,0.3
1755016044,3,0.4,asc,0,4159.407312471121,,,0.4,0.4,0.4
1755016044,3,0.4,desc,0,4159.407312471121,,,0.6,0.6,0.6
1755016044,3,0.4,max_period,0,4159.407312471121,,,0.4,0.4,0.4
1755016044,3,0.4,min_period,0,4159.407312471121,,,0.5,0.5,0.5
1755016044,3,0.5,asc,0,4241.433415102772,,,0.4,0.4,0.4
1755016044,3,0.5,desc,0,4241.433415102772,,,0.6,0.6,0.6
1755016044,3,0.5,max_period,0,4241.433415102772,,,0.4,0.4,0.4
1755016044,3,0.5,min_period,0,4241.433415102772,,,0.5,0.5,0.5
1755016044,5,0,asc,2244,2033.0,0.9059714795008913,safe,0.1,0.1,0.1
1755016044,5,0,desc,2244,2033.0,0.9059714795008913,safe,0.2,0.2,0.2
1755016044,5,0,max_period,2244,2033.0,0.9059714795008913,safe,0.2,0.2,0.2
1755016044,5,0,min_period,2244,2033.0,0.9059714795008913,safe,0.1,0.1,0.1
1755016044,5,0.02,asc,2266.44,2153.1238176413754,0.9500025668631754,safe,0.2,0.2,0.2
1755016044,5,0.02,desc,2266.44,2153.1238176413754,0.9500025668631754,safe,0.2,0.2,0.2
1755016044,5,0.02,max_period,2266.44,2153.1238176413754,0.9500025668631754,safe,0.2,0.2,0.2
1755016044,5,0.02,min_period,2266.44,2153.1238176413754,0.9500025668631754,safe,0.2,0.2,0.2
1755016044,5,0.05,asc,2300.1,2193.5356955758507,0.9536697080891486,safe,0.2,0.2,0.2
1755016044,5,0.05,desc,2300.0999999999995,2193.5356955758507,0.9536697080891489,safe,0.2,0.2,0.2
1755016044,5,0.05,max_period,2300.0999999999995,2193.5356955758507,0.9536697080891489,safe,0.2,0.2,0.2
1755016044,5,0.05,min_period,2300.1,2193.5356955758507,0.9536697080891486,safe,0.2,0.2,0.2
1755016044,5,0.1,asc,2356.2,2246.906560022486,0.9536145318828987,safe,0.2,0.2,0.2
1755016044,5,0.1,desc,2356.2,2246.906560022486,0.9536145318828987,safe,0.2,0.2,0.2
1755016044,5,0.1,max_period,2356.2,2246.906560022486,0.9536145318828987,safe,0.2,0.2,0.2
1755016044,5,0.1,min_period,2356.2,2246.906560022486,0.9536145318828987,safe,0.2,0.2,0.2
1755016044,5,0.2,asc,2468.4,2394.275277989852,0.9699705388064543,safe,0.6,0.6,0.6
1755016044,5,0.2,desc,2468.4000000000005,2394.275277989852,0.9699705388064541,safe,0.2,0.2,0.2
1755016044,5,0.2,max_period,2468.4000000000005,2394.275277989852,0.9699705388064541,safe,0.4,0.4,0.4
1755016044,5,0.2,min_period,2468.4,2394.275277989852,0.9699705388064543,safe,0.6,0.6,0.6
1755016044,5,0.3,asc,2580.6,2398.897970698934,0.9295892314573875,safe,0.7,0.7,0.7
1755016044,5,0.3,desc,2580.5999999999995,2398.897970698934,0.9295892314573876,safe,0.3,0.3,0.3
1755016044,5,0.3,max_period,2580.5999999999995,2398.897970698934,0.9295892314573876,safe,0.5,0.5,0.5
1755016044,5,0.3,min_period,2580.6,2398.897970698934,0.9295892314573875,safe,0.7,0.7,0.7
1755016044,5,0.4,asc,2692.8,2529.4087444676115,0.9393229146121551,safe,0.7,0.7,0.7
1755016044,5,0.4,desc,2692.8,2529.4087444676115,0.9393229146121551,safe,0.6,0.6,0.6
1755016044,5,0.4,max_period,2692.8,2529.4087444676115,0.9393229146121551,safe,0.5,0.5,0.5
1755016044,5,0.4,min_period,2692.8,2529.4087444676115,0.9393229146121551,safe,0.8,0.8,0.8
1755016044,5,0.5,asc,2805.0,2604.608950125672,0.9285593405082609,safe,0.7,0.7,0.7
1755016044,5,0.5,desc,2805.0,2604.608950125672,0.9285593405082609,safe,0.6,0.6,0.6
1755016044,5,0.5,max_period,2805.0,2604.608950125672,0.9285593405082609,safe,0.5,0.5,0.5
1755016044,5,0.5,min_period,2805.0,2604.608950125672,0.9285593405082609,safe,0.8,0.8,0.8
1755016044,8,0,asc,2486,2153.0,0.8660498793242156,safe,0.1,0.1,0.1
1755016044,8,0,desc,2486,2153.0,0.8660498793242156,safe,0.0,0.0,0.0
1755016044,8,0,max_period,2486,2153.0,0.8660498793242156,safe,0.1,0.1,0.1
1755016044,8,0,min_period,2486,2153.0,0.8660498793242156,safe,0.1,0.1,0.1
1755016044,8,0.02,asc,2510.86,2413.344149657873,0.961162370525586,safe,0.2,0.2,0.2
1755016044,8,0.02,desc,2510.86,2413.344149657873,0.961162370525586,safe,0.0,0.0,0.0
1755016044,8,0.02,max_period,2510.86,2413.344149657873,0.961162370525586,safe,0.1,0.1,0.1
1755016044,8,0.02,min_period,2510.86,2413.344149657873,0.961162370525586,safe,0.1,0.1,0.1
1755016044,8,0.05,asc,2548.15,2413.612451901474,0.9472018726925313,safe,0.2,0.2,0.2
1755016044,8,0.05,desc,2548.15,2413.612451901474,0.9472018726925313,safe,0.0,0.0,0.0
1755016044,8,0.05,max_period,2548.15,2413.612451901474,0.9472018726925313,safe,0.1,0.1,0.1
1755016044,8,0.05,min_period,2548.15,2413.612451901474,0.9472018726925313,safe,0.1,0.1,0.1
1755016044,8,0.1,asc,2610.3,2453.3794998477188,0.9398841128788716,safe,0.3,0.3,0.3
1755016044,8,0.1,desc,2610.2999999999997,2453.3794998477188,0.9398841128788717,safe,0.1,0.1,0.1
1755016044,8,0.1,max_period,2610.3,2453.3794998477188,0.9398841128788716,safe,0.2,0.2,0.2
1755016044,8,0.1,min_period,2610.2999999999997,2453.3794998477188,0.9398841128788717,safe,0.2,0.2,0.2
1755016044,8,0.2,asc,2734.6,2571.188107187342,0.9402428535022828,safe,0.3,0.3,0.3
1755016044,8,0.2,desc,2734.6000000000004,2571.188107187342,0.9402428535022825,safe,0.3,0.3,0.3
1755016044,8,0.2,max_period,2734.6,2571.188107187342,0.9402428535022828,safe,0.2,0.2,0.2
1755016044,8,0.2,min_period,2734.6000000000004,2571.188107187342,0.9402428535022825,safe,0.3,0.3,0.3
1755016044,8,0.3,asc,2858.9,2615.575878448446,0.9148889007829746,safe,0.4,0.4,0.4
1755016044,8,0.3,desc,2858.8999999999996,2615.575878448446,0.9148889007829747,safe,0.4,0.4,0.4
1755016044,8,0.3,max_period,2858.9,2615.575878448446,0.9148889007829746,safe,0.2,0.2,0.2
1755016044,8,0.3,min_period,2858.8999999999996,2615.575878448446,0.9148889007829747,safe,0.4,0.4,0.4
1755016044,8,0.4,asc,0,2733.152458143494,,,0.6,0.6,0.6
1755016044,8,0.4,desc,0,2733.152458143494,,,0.7,0.7,0.7
1755016044,8,0.4,max_period,2983.2,2733.152458143494,0.916181435419514,safe,0.4,0.4,0.4
1755016044,8,0.4,min_period,0,2733.152458143494,,,0.7,0.7,0.7
1755016044,8,0.5,asc,0,2797.208971054537,,,0.7,0.7,0.7
1755016044,8,0.5,desc,0,2797.208971054537,,,0.8,0.8,0.8
1755016044,8,0.5,max_period,3107.5,2797.208971054537,0.900147697845386,safe,0.5,0.5,0.5
1755016044,8,0.5,min_period,0,2797.208971054537,,,0.7,0.7,0.7
1755016044,10,0,asc,5098,4602.0,0.9027069438995684,safe,0.2,0.2,0.2
1755016044,10,0,desc,5098,4602.0,0.9027069438995684,safe,0.2,0.2,0.2
1755016044,10,0,max_period,5098,4602.0,0.9027069438995684,safe,0.1,0.1,0.1
1755016044,10,0,min_period,5098,4602.0,0.9027069438995684,safe,0.1,0.1,0.1
1755016044,10,0.02,asc,5120.400000000001,5041.452825423159,0.9845818345096395,safe,0.2,0.2,0.2
1755016044,10,0.02,desc,5120.4,5041.452825423159,0.9845818345096398,safe,0.3,0.3,0.3
1755016044,10,0.02,max_period,5120.400000000001,5041.452825423159,0.9845818345096395,safe,0.1,0.1,0.1
1755016044,10,0.02,min_period,5120.4,5041.452825423159,0.9845818345096398,safe,0.1,0.1,0.1
1755016044,10,0.05,asc,0,5071.346219973682,,,0.5,0.5,0.5
1755016044,10,0.05,desc,0,5071.346219973682,,,0.4,0.4,0.4
1755016044,10,0.05,max_period,0,5071.346219973682,,,0.2,0.2,0.2
1755016044,10,0.05,min_period,0,5071.346219973682,,,0.4,0.4,0.4
1755016044,10,0.1,asc,0,5112.881285226475,,,0.5,0.5,0.5
1755016044,10,0.1,desc,0,5112.881285226475,,,0.4,0.4,0.4
1755016044,10,0.1,max_period,0,5112.881285226475,,,0.3,0.3,0.3
1755016044,10,0.1,min_period,0,5112.881285226475,,,0.4,0.4,0.4
1755016044,10,0.2,asc,0,6182.565812092682,,,0.6,0.6,0.6
1755016044,10,0.2,desc,0,6182.565812092682,,,0.5,0.5,0.5
1755016044,10,0.2,max_period,0,6182.565812092682,,,0.4,0.4,0.4
1755016044,10,0.2,min_period,0,6182.565812092682,,,0.5,0.5,0.5
1755016044,10,0.3,asc,0,6162.3012416531565,,,0.7,0.7,0.7
1755016044,10,0.3,desc,0,6162.3012416531565,,,0.7,0.7,0.7
1755016044,10,0.3,max_period,0,6162.3012416531565,,,0.6,0.6,0.6
1755016044,10,0.3,min_period,0,6162.3012416531565,,,0.7,0.7,0.7
1755016044,10,0.4,asc,0,6326.704802235599,,,1.0,1.0,1.0
1755016044,10,0.4,desc,0,6326.704802235599,,,0.9,0.9,0.9
1755016044,10,0.4,max_period,0,6326.704802235599,,,0.9,0.9,0.9
1755016044,10,0.4,min_period,0,6326.704802235599,,,1.0,1.0,1.0
1755016044,10,0.5,asc,0,6496.832265655892,,,1.0,1.0,1.0
1755016044,10,0.5,desc,0,6496.832265655892,,,1.0,1.0,1.0
1755016044,10,0.5,max_period,0,6496.832265655892,,,1.0,1.0,1.0
1755016044,10,0.5,min_period,0,6496.832265655892,,,1.0,1.0,1.0
1755016045,3,0,asc,398,353.0,0.8869346733668342,safe,0.0,0.0,0.0
1755016045,3,0,desc,398,353.0,0.8869346733668342,safe,0.0,0.0,0.0
1755016045,3,0,max_period,398,353.0,0.8869346733668342,safe,0.0,0.0,0.0
1755016045,3,0,min_period,398,353.0,0.8869346733668342,safe,0.0,0.0,0.0
1755016045,3,0.02,asc,400.02,398.5768106793822,0.9963922070881012,safe,0.0,0.0,0.0
1755016045,3,0.02,desc,400.02,398.5768106793822,0.9963922070881012,safe,0.0,0.0,0.0
1755016045,3,0.02,max_period,400.02,398.5768106793822,0.9963922070881012,safe,0.0,0.0,0.0
1755016045,3,0.02,min_period,400.02,398.5768106793822,0.9963922070881012,safe,0.0,0.0,0.0
1755016045,3,0.05,asc,0,399.89355908709484,,,0.1,0.1,0.1
1755016045,3,0.05,desc,0,399.89355908709484,,,0.1,0.1,0.1
1755016045,3,0.05,max_period,0,399.89355908709484,,,0.1,0.1,0.1
1755016045,3,0.05,min_period,0,399.89355908709484,,,0.1,0.1,0.1
1755016045,3,0.1,asc,0,401.3153116499285,,,0.2,0.2,0.2
1755016045,3,0.1,desc,0,401.3153116499285,,,0.2,0.2,0.2
1755016045,3,0.1,max_period,0,401.3153116499285,,,0.2,0.2,0.2
1755016045,3,0.1,min_period,0,401.3153116499285,,,0.2,0.2,0.2
1755016045,3,0.2,asc,0,402.0871691926076,,,0.2,0.2,0.2
1755016045,3,0.2,desc,0,402.0871691926076,,,0.2,0.2,0.2
1755016045,3,0.2,max_period,0,402.0871691926076,,,0.2,0.2,0.2
1755016045,3,0.2,min_period,0,402.0871691926076,,,0.2,0.2,0.2
1755016045,3,0.3,asc,0,416.4527275939181,,,0.3,0.3,0.3
1755016045,3,0.3,desc,0,416.4527275939181,,,0.3,0.3,0.3
1755016045,3,0.3,max_period,0,416.4527275939181,,,0.3,0.3,0.3
1755016045,3,0.3,min_period,0,416.4527275939181,,,0.3,0.3,0.3
1755016045,3,0.4,asc,0,419.8536594723536,,,0.4,0.4,0.4
1755016045,3,0.4,desc,0,419.8536594723536,,,0.6,0.6,0.6
1755016045,3,0.4,max_period,0,419.8536594723536,,,0.4,0.4,0.4
1755016045,3,0.4,min_period,0,419.8536594723536,,,0.5,0.5,0.5
1755016045,3,0.5,asc,0,426.7445701824122,,,0.4,0.4,0.4
1755016045,3,0.5,desc,0,426.7445701824122,,,0.6,0.6,0.6
1755016045,3,0.5,max_period,0,426.7445701824122,,,0.4,0.4,0.4
1755016045,3,0.5,min_period,0,426.7445701824122,,,0.5,0.5,0.5
1755016045,5,0,asc,638,417.0,0.6536050156739812,safe,0.1,0.1,0.1
1755016045,5,0,desc,644,417.0,0.6475155279503105,safe,0.2,0.2,0.2
1755016045,5,0,max_period,644,417.0,0.6475155279503105,safe,0.2,0.2,0.2
1755016045,5,0,min_period,638,417.0,0.6536050156739812,safe,0.1,0.1,0.1
1755016045,5,0.02,asc,643.44,599.3137130760385,0.9314212872622754,safe,0.2,0.2,0.2
1755016045,5,0.02,desc,650.4399999999999,599.3137130760385,0.921397381889242,safe,0.2,0.2,0.2
1755016045,5,0.02,max_period,650.4399999999999,599.3137130760385,0.921397381889242,safe,0.2,0.2,0.2
1755016045,5,0.02,min_period,643.44,599.3137130760385,0.9314212872622754,safe,0.2,0.2,0.2
1755016045,5,0.05,asc,651.6,599.918162722591,0.9206847187271193,safe,0.2,0.2,0.2
1755016045,5,0.05,desc,660.1,599.918162722591,0.9088292118203165,safe,0.2,0.2,0.2
1755016045,5,0.05,max_period,660.1,599.918162722591,0.9088292118203165,safe,0.2,0.2,0.2
1755016045,5,0.05,min_period,651.6,599.918162722591,0.9206847187271193,safe,0.2,0.2,0.2
1755016045,5,0.1,asc,665.2,600.2127086192354,0.9023041320192955,safe,0.2,0.2,0.2
1755016045,5,0.1,desc,676.2,600.2127086192354,0.8876260109719541,safe,0.2,0.2,0.2
1755016045,5,0.1,max_period,676.2,600.2127086192354,0.8876260109719541,safe,0.2,0.2,0.2
1755016045,5,0.1,min_period,665.2,600.2127086192354,0.9023041320192955,safe,0.2,0.2,0.2
1755016045,5,0.2,asc,0,619.5316899232995,,,0.6,0.6,0.6
1755016045,5,0.2,desc,708.4,619.5316899232995,0.8745506633586949,safe,0.2,0.2,0.2
1755016045,5,0.2,max_period,708.4,619.5316899232995,0.8745506633586949,safe,0.4,0.4,0.4
1755016045,5,0.2,min_period,0,619.5316899232995,,,0.6,0.6,0.6
1755016045,5,0.3,asc,0,640.6045074029207,,,0.7,0.7,0.7
1755016045,5,0.3,desc,0,640.6045074029207,,,0.3,0.3,0.3
1755016045,5,0.3,max_period,0,640.6045074029207,,,0.5,0.5,0.5
1755016045,5,0.3,min_period,0,640.6045074029207,,,0.7,0.7,0.7
1755016045,5,0.4,asc,0,683.6989164953716,,,0.7,0.7,0.7
1755016045,5,0.4,desc,0,683.6989164953716,,,0.6,0.6,0.6
1755016045,5,0.4,max_period,0,683.6989164953716,,,0.5,0.5,0.5
1755016045,5,0.4,min_period,0,683.6989164953716,,,0.8,0.8,0.8
1755016045,5,0.5,asc,0,690.8599091596118,,,0.7,0.7,0.7
1755016045,5,0.5,desc,0,690.8599091596118,,,0.6,0.6,0.6
1755016045,5,0.5,max_period,0,690.8599091596118,,,0.5,0.5,0.5
1755016045,5,0.5,min_period,0,690.8599091596118,,,0.8,0.8,0.8
1755016045,8,0,asc,2828,2691.0,0.9515558698727016,safe,0.1,0.1,0.1
1755016045,8,0,desc,2815,2691.0,0.9559502664298402,safe,0.0,0.0,0.0
1755016045,8,0,max_period,2832,2691.0,0.9502118644067796,safe,0.1,0.1,0.1
1755016045,8,0,min_period,2828,2691.0,0.9515558698727016,safe,0.1,0.1,0.1
1755016045,8,0.02,asc,2856.2200000000003,2712.7416024487648,0.9497663353833964,safe,0.2,0.2,0.2
1755016045,8,0.02,desc,2841.3199999999997,2712.7416024487648,0.9547469494631949,safe,0.0,0.0,0.0
1755016045,8,0.02,max_period,2860.3199999999997,2712.7416024487648,0.9484049345698261,safe,0.1,0.1,0.1
1755016045,8,0.02,min_period,2856.2200000000003,2712.7416024487648,0.9497663353833964,safe,0.1,0.1,0.1
1755016045,8,0.05,asc,2898.55,2717.732139983332,0.9376178226987052,safe,0.2,0.2,0.2
1755016045,8,0.05,desc,2880.8,2717.732139983332,0.9433949389000736,safe,0.0,0.0,0.0
1755016045,8,0.05,max_period,2902.8,2717.732139983332,0.9362450530464834,safe,0.1,0.1,0.1
1755016045,8,0.05,min_period,2898.55,2717.732139983332,0.9376178226987052,safe,0.1,0.1,0.1
1755016045,8,0.1,asc,2969.1,2815.195935137469,0.9481647418872619,safe,0.3,0.3,0.3
1755016045,8,0.1,desc,2946.6,2815.195935137469,0.9554048514007565,safe,0.1,0.1,0.1
1755016045,8,0.1,max_period,2973.6,2815.195935137469,0.9467298678831951,safe,0.2,0.2,0.2
1755016045,8,0.1,min_period,2969.1,2815.195935137469,0.9481647418872619,safe,0.2,0.2,0.2
1755016045,8,0.2,asc,3110.2,2813.8629931512596,0.904720916066896,safe,0.3,0.3,0.3
1755016045,8,0.2,desc,0,2813.8629931512596,,,0.3,0.3,0.3
1755016045,8,0.2,max_period,3115.2,2813.8629931512596,0.9032688087927773,safe,0.2,0.2,0.2
1755016045,8,0.2,min_period,3110.2,2813.8629931512596,0.904720916066896,safe,0.3,0.3,0.3
1755016045,8,0.3,asc,0,2912.5533486770464,,,0.4,0.4,0.4
1755016045,8,0.3,desc,0,2912.5533486770464,,,0.4,0.4,0.4
1755016045,8,0.3,max_period,3256.8,2912.5533486770464,0.8942991122196777,safe,0.2,0.2,0.2
1755016045,8,0.3,min_period,0,2912.5533486770464,,,0.4,0.4,0.4
1755016045,8,0.4,asc,0,3041.029902359689,,,0.6,0.6,0.6
1755016045,8,0.4,desc,0,3041.029902359689,,,0.7,0.7,0.7
1755016045,8,0.4,max_period,3398.4,3041.029902359689,0.8948416614758972,safe,0.4,0.4,0.4
1755016045,8,0.4,min_period,0,3041.029902359689,,,0.7,0.7,0.7
1755016045,8,0.5,asc,0,3113.751554697128,,,0.7,0.7,0.7
1755016045,8,0.5,desc,0,3113.751554697128,,,0.8,0.8,0.8
1755016045,8,0.5,max_period,3540.0,3113.751554697128,0.8795908346602057,safe,0.5,0.5,0.5
1755016045,8,0.5,min_period,0,3113.751554697128,,,0.7,0.7,0.7
1755016045,10,0,asc,0,2866.0,,,0.2,0.2,0.2
1755016045,10,0,desc,3426,2866.0,0.8365440747227088,safe,0.2,0.2,0.2
1755016045,10,0,max_period,3494,2866.0,0.8202633085289067,safe,0.1,0.1,0.1
1755016045,10,0,min_period,3426,2866.0,0.8365440747227088,safe,0.1,0.1,0.1
1755016045,10,0.02,asc,0,3068.015446067642,,,0.2,0.2,0.2
1755016045,10,0.02,desc,3458.54,3068.015446067642,0.8870839851693612,safe,0.3,0.3,0.3
1755016045,10,0.02,max_period,3528.94,3068.015446067642,0.8693872511484021,safe,0.1,0.1,0.1
1755016045,10,0.02,min_period,3458.54,3068.015446067642,0.8870839851693612,safe,0.1,0.1,0.1
1755016045,10,0.05,asc,0,3169.821862613404,,,0.5,0.5,0.5
1755016045,10,0.05,desc,3507.35,3169.821862613404,0.9037654818063222,safe,0.4,0.4,0.4
1755016045,10,0.05,max_period,3581.3500000000004,3169.821862613404,0.8850913377953575,safe,0.2,0.2,0.2
1755016045,10,0.05,min_period,3507.35,3169.821862613404,0.9037654818063222,safe,0.4,0.4,0.4
1755016045,10,0.1,asc,0,3173.925576082089,,,0.5,0.5,0.5
1755016045,10,0.1,desc,3588.7000000000003,3173.925576082089,0.8844220960465039,safe,0.4,0.4,0.4
1755016045,10,0.1,max_period,3668.7000000000003,3173.925576082089,0.8651363087966006,safe,0.3,0.3,0.3
1755016045,10,0.1,min_period,3588.7000000000003,3173.925576082089,0.8844220960465039,safe,0.4,0.4,0.4
1755016045,10,0.2,asc,0,3276.5273088842223,,,0.6,0.6,0.6
1755016045,10,0.2,desc,3751.4,3276.5273088842223,0.8734145409405082,safe,0.5,0.5,0.5
1755016045,10,0.2,max_period,3843.3999999999996,3276.5273088842223,0.8525074956768025,safe,0.4,0.4,0.4
1755016045,10,0.2,min_period,3751.4,3276.5273088842223,0.8734145409405082,safe,0.5,0.5,0.5
1755016045,10,0.3,asc,0,3419.791554907366,,,0.7,0.7,0.7
1755016045,10,0.3,desc,0,3419.791554907366,,,0.7,0.7,0.7
1755016045,10,0.3,max_period,0,3419.791554907366,,,0.6,0.6,0.6
1755016045,10,0.3,min_period,0,3419.791554907366,,,0.7,0.7,0.7
1755016045,10,0.4,asc,0,3650.562395371635,,,1.0,1.0,1.0
1755016045,10,0.4,desc,0,3650.562395371635,,,0.9,0.9,0.9
1755016045,10,0.4,max_period,0,3650.562395371635,,,0.9,0.9,0.9
1755016045,10,0.4,min_period,0,3650.562395371635,,,1.0,1.0,1.0
1755016045,10,0.5,asc,0,3705.66111442649,,,1.0,1.0,1.0
1755016045,10,0.5,desc,0,3705.66111442649,,,1.0,1.0,1.0
1755016045,10,0.5,max_period,0,3705.66111442649,,,1.0,1.0,1.0
1755016045,10,0.5,min_period,0,3705.66111442649,,,1.0,1.0,1.0
1755016046,3,0,asc,2220,2137.0,0.9626126126126127,safe,0.0,0.0,0.0
1755016046,3,0,desc,2220,2137.0,0.9626126126126127,safe,0.0,0.0,0.0
1755016046,3,0,max_period,2220,2137.0,0.9626126126126127,safe,0.0,0.0,0.0
1755016046,3,0,min_period,2220,2137.0,0.9626126126126127,safe,0.0,0.0,0.0
1755016046,3,0.02,asc,2242.2,2137.182121681224,0.9531630192138187,safe,0.0,0.0,0.0
1755016046,3,0.02,desc,2242.2,2137.182121681224,0.9531630192138187,safe,0.0,0.0,0.0
1755016046,3,0.02,max_period,2242.2,2137.182121681224,0.9531630192138187,safe,0.0,0.0,0.0
1755016046,3,0.02,min_period,2242.2,2137.182121681224,0.9531630192138187,safe,0.0,0.0,0.0
1755016046,3,0.05,asc,2275.5,2245.6555044536362,0.9868844229635844,safe,0.1,0.1,0.1
1755016046,3,0.05,desc,2275.5,2245.6555044536362,0.9868844229635844,safe,0.1,0.1,0.1
1755016046,3,0.05,max_period,2275.5,2245.6555044536362,0.9868844229635844,safe,0.1,0.1,0.1
1755016046,3,0.05,min_period,2275.5,2245.6555044536362,0.9868844229635844,safe,0.1,0.1,0.1
1755016046,3,0.1,asc,2331.0,2246.994223416754,0.9639614858072731,safe,0.2,0.2,0.2
1755016046,3,0.1,desc,2331.0,2246.994223416754,0.9639614858072731,safe,0.2,0.2,0.2
1755016046,3,0.1,max_period,2331.0,2246.994223416754,0.9639614858072731,safe,0.2,0.2,0.2
1755016046,3,0.1,min_period,2331.0,2246.994223416754,0.9639614858072731,safe,0.2,0.2,0.2
1755016046,3,0.2,asc,2442.0,2351.2681508878595,0.9628452706338491,safe,0.2,0.2,0.2
1755016046,3,0.2,desc,2442.0,2351.2681508878595,0.9628452706338491,safe,0.2,0.2,0.2
1755016046,3,0.2,max_period,2442.0,2351.2681508878595,0.9628452706338491,safe,0.2,0.2,0.2
1755016046,3,0.2,min_period,2442.0,2351.2681508878595,0.9628452706338491,safe,0.2,0.2,0.2
1755016046,3,0.3,asc,2553.0,2453.358142980931,0.9609706788017748,safe,0.3,0.3,0.3
1755016046,3,0.3,desc,2553.0,2453.358142980931,0.9609706788017748,safe,0.3,0.3,0.3
1755016046,3,0.3,max_period,2553.0,2453.358142980931,0.9609706788017748,safe,0.3,0.3,0.3
1755016046,3,0.3,min_period,2553.0,2453.358142980931,0.9609706788017748,safe,0.3,0.3,0.3
1755016046,3,0.4,asc,2664.0,2546.3447366286127,0.9558351113470769,safe,0.4,0.4,0.4
1755016046,3,0.4,desc,2664.0,2546.3447366286127,0.9558351113470769,safe,0.6,0.6,0.6
1755016046,3,0.4,max_period,2664.0,2546.3447366286127,0.9558351113470769,safe,0.4,0.4,0.4
1755016046,3,0.4,min_period,2664.0,2546.3447366286127,0.9558351113470769,safe,0.5,0.5,0.5
1755016046,3,0.5,asc,2775.0,2642.79399847475,0.9523581976485586,safe,0.4,0.4,0.4
1755016046,3,0.5,desc,2775.0,2642.79399847475,0.9523581976485586,safe,0.6,0.6,0.6
1755016046,3,0.5,max_period,2775.0,2642.79399847475,0.9523581976485586,safe,0.4,0.4,0.4
1755016046,3,0.5,min_period,2775.0,2642.79399847475,0.9523581976485586,safe,0.5,0.5,0.5
1755016046,5,0,asc,840,625.0,0.7440476190476191,safe,0.1,0.1,0.1
1755016046,5,0,desc,0,625.0,,,0.2,0.2,0.2
1755016046,5,0,max_period,0,625.0,,,0.2,0.2,0.2
1755016046,5,0,min_period,840,625.0,0.7440476190476191,safe,0.1,0.1,0.1
1755016046,5,0.02,asc,0,768.7752746816832,,,0.2,0.2,0.2
1755016046,5,0.02,desc,0,768.7752746816832,,,0.2,0.2,0.2
1755016046,5,0.02,max_period,0,768.7752746816832,,,0.2,0.2,0.2
1755016046,5,0.02,min_period,0,768.7752746816832,,,0.2,0.2,0.2
1755016046,5,0.05,asc,0,774.8475482856954,,,0.2,0.2,0.2
1755016046,5,0.05,desc,0,774.8475482856954,,,0.2,0.2,0.2
1755016046,5,0.05,max_period,0,774.8475482856954,,,0.2,0.2,0.2
1755016046,5,0.05,min_period,0,774.8475482856954,,,0.2,0.2,0.2
1755016046,5,0.1,asc,0,783.3832835150151,,,0.2,0.2,0.2
1755016046,5,0.1,desc,0,783.3832835150151,,,0.2,0.2,0.2
1755016046,5,0.1,max_period,0,783.3832835150151,,,0.2,0.2,0.2
1755016046,5,0.1,min_period,0,783.3832835150151,,,0.2,0.2,0.2
1755016046,5,0.2,asc,0,803.6777471631003,,,0.6,0.6,0.6
1755016046,5,0.2,desc,0,803.6777471631003,,,0.2,0.2,0.2
1755016046,5,0.2,max_period,0,803.6777471631003,,,0.4,0.4,0.4
1755016046,5,0.2,min_period,0,803.6777471631003,,,0.6,0.6,0.6
1755016046,5,0.3,asc,0,820.7503605938218,,,0.7,0.7,0.7
1755016046,5,0.3,desc,0,820.7503605938218,,,0.3,0.3,0.3
1755016046,5,0.3,max_period,0,820.7503605938218,,,0.5,0.5,0.5
1755016046,5,0.3,min_period,0,820.7503605938218,,,0.7,0.7,0.7
1755016046,5,0.4,asc,0,824.8443146677118,,,0.7,0.7,0.7
1755016046,5,0.4,desc,0,824.8443146677118,,,0.6,0.6,0.6
1755016046,5,0.4,max_period,0,824.8443146677118,,,0.5,0.5,0.5
1755016046,5,0.4,min_period,0,824.8443146677118,,,0.8,0.8,0.8
1755016046,5,0.5,asc,0,853.5498455075997,,,0.7,0.7,0.7
1755016046,5,0.5,desc,0,853.5498455075997,,,0.6,0.6,0.6
1755016046,5,0.5,max_period,0,853.5498455075997,,,0.5,0.5,0.5
1755016046,5,0.5,min_period,0,853.5498455075997,,,0.8,0.8,0.8
1755016046,8,0,asc,4849,4082.0,0.8418230563002681,safe,0.1,0.1,0.1
1755016046,8,0,desc,4834,4082.0,0.844435250310302,safe,0.0,0.0,0.0
1755016046,8,0,max_period,4849,4082.0,0.8418230563002681,safe,0.1,0.1,0.1
1755016046,8,0,min_period,4834,4082.0,0.844435250310302,safe,0.1,0.1,0.1
1755016046,8,0.02,asc,0,4483.952194839723,,,0.2,0.2,0.2
1755016046,8,0.02,desc,4864.0199999999995,4483.952194839723,0.9218613810880144,safe,0.0,0.0,0.0
1755016046,8,0.02,max_period,4881.02,4483.952194839723,0.9186506498313309,safe,0.1,0.1,0.1
1755016046,8,0.02,min_period,4864.0199999999995,4483.952194839723,0.9218613810880144,safe,0.1,0.1,0.1
1755016046,8,0.05,asc,0,4585.482807431748,,,0.2,0.2,0.2
1755016046,8,0.05,desc,4909.05,4585.482807431748,0.9340876152069644,safe,0.0,0.0,0.0
1755016046,8,0.05,max_period,4929.05,4585.482807431748,0.9302974827668107,safe,0.1,0.1,0.1
1755016046,8,0.05,min_period,4909.05,4585.482807431748,0.9340876152069644,safe,0.1,0.1,0.1
1755016046,8,0.1,asc,0,4589.9641789507805,,,0.3,0.3,0.3
1755016046,8,0.1,desc,4984.099999999999,4589.9641789507805,0.9209213657331877,safe,0.1,0.1,0.1
1755016046,8,0.1,max_period,5009.1,4589.9641789507805,0.9163251240643588,safe,0.2,0.2,0.2
1755016046,8,0.1,min_period,4984.099999999999,4589.9641789507805,0.9209213657331877,safe,0.2,0.2,0.2
1755016046,8,0.2,asc,0,4893.895497751731,,,0.3,0.3,0.3
1755016046,8,0.2,desc,0,4893.895497751731,,,0.3,0.3,0.3
1755016046,8,0.2,max_period,5169.2,4893.895497751731,0.9467413715375168,safe,0.2,0.2,0.2
1755016046,8,0.2,min_period,0,4893.895497751731,,,0.3,0.3,0.3
1755016046,8,0.3,asc,0,4982.516175512879,,,0.4,0.4,0.4
1755016046,8,0.3,desc,0,4982.516175512879,,,0.4,0.4,0.4
1755016046,8,0.3,max_period,5329.299999999999,4982.516175512879,0.9349288228309309,safe,0.2,0.2,0.2
1755016046,8,0.3,min_period,0,4982.516175512879,,,0.4,0.4,0.4
1755016046,8,0.4,asc,0,5106.458147572441,,,0.6,0.6,0.6
1755016046,8,0.4,desc,0,5106.458147572441,,,0.7,0.7,0.7
1755016046,8,0.4,max_period,0,5106.458147572441,,,0.4,0.4,0.4
1755016046,8,0.4,min_period,0,5106.458147572441,,,0.7,0.7,0.7
1755016046,8,0.5,asc,0,5229.949939014012,,,0.7,0.7,0.7
1755016046,8,0.5,desc,0,5229.949939014012,,,0.8,0.8,0.8
1755016046,8,0.5,max_period,0,5229.949939014012,,,0.5,0.5,0.5
1755016046,8,0.5,min_period,0,5229.949939014012,,,0.7,0.7,0.7
1755016046,10,0,asc,3808,3778.0,0.9921218487394958,safe,0.2,0.2,0.2
1755016046,10,0,desc,3808,3778.0,0.9921218487394958,safe,0.2,0.2,0.2
1755016046,10,0,max_period,3808,3778.0,0.9921218487394958,safe,0.1,0.1,0.1
1755016046,10,0,min_period,3808,3778.0,0.9921218487394958,safe,0.1,0.1,0.1
1755016046,10,0.02,asc,3831.3,3778.1557599375956,0.9861289275017867,safe,0.2,0.2,0.2
1755016046,10,0.02,desc,3831.2999999999997,3778.1557599375956,0.9861289275017868,safe,0.3,0.3,0.3
1755016046,10,0.02,max_period,3831.3,3778.1557599375956,0.9861289275017867,safe,0.1,0.1,0.1
1755016046,10,0.02,min_period,3831.3,3778.1557599375956,0.9861289275017867,safe,0.1,0.1,0.1
1755016046,10,0.05,asc,3866.25,3778.4015141373966,0.9772781155221201,safe,0.5,0.5,0.5
1755016046,10,0.05,desc,3866.2499999999995,3778.4015141373966,0.9772781155221202,safe,0.4,0.4,0.4
1755016046,10,0.05,max_period,3866.25,3778.4015141373966,0.9772781155221201,safe,0.2,0.2,0.2
1755016046,10,0.05,min_period,3866.25,3778.4015141373966,0.9772781155221201,safe,0.4,0.4,0.4
1755016046,10,0.1,asc,3924.5,3876.611339136027,0.9877975128388398,safe,0.5,0.5,0.5
1755016046,10,0.1,desc,3924.5,3876.611339136027,0.9877975128388398,safe,0.4,0.4,0.4
1755016046,10,0.1,max_period,3924.5,3876.611339136027,0.9877975128388398,safe,0.3,0.3,0.3
1755016046,10,0.1,min_period,3924.5,3876.611339136027,0.9877975128388398,safe,0.4,0.4,0.4
1755016046,10,0.2,asc,4041.0,3959.1491012831975,0.9797448901962874,safe,0.6,0.6,0.6
1755016046,10,0.2,desc,4041.0000000000005,3959.1491012831975,0.9797448901962873,safe,0.5,0.5,0.5
1755016046,10,0.2,max_period,4041.0,3959.1491012831975,0.9797448901962874,safe,0.4,0.4,0.4
1755016046,10,0.2,min_period,4041.0,3959.1491012831975,0.9797448901962874,safe,0.5,0.5,0.5
1755016046,10,0.3,asc,4157.5,3989.0081297035795,0.9594727912696523,safe,0.7,0.7,0.7
1755016046,10,0.3,desc,0,3989.0081297035795,,,0.7,0.7,0.7
1755016046,10,0.3,max_period,4157.5,3989.0081297035795,0.9594727912696523,safe,0.6,0.6,0.6
1755016046,10,0.3,min_period,4157.5,3989.0081297035795,0.9594727912696523,safe,0.7,0.7,0.7
1755016046,10,0.4,asc,0,4880.221376900154,,,1.0,1.0,1.0
1755016046,10,0.4,desc,0,4880.221376900154,,,0.9,0.9,0.9
1755016046,10,0.4,max_period,0,4880.221376900154,,,0.9,0.9,0.9
1755016046,10,0.4,min_period,0,4880.221376900154,,,1.0,1.0,1.0
1755016046,10,0.5,asc,0,5144.248939603334,,,1.0,1.0,1.0
1755016046,10,0.5,desc,0,5144.248939603334,,,1.0,1.0,1.0
1755016046,10,0.5,max_period,0,5144.248939603334,,,1.0,1.0,1.0
1755016046,10,0.5,min_period,0,5144.248939603334,,,1.0,1.0,1.0
