seed,num_tasks,per_jitter,chain_type,final_e2e_max,max_reaction_time,R,exceed,false_percentage
1751634420,3,0,asc,32.0,29.58282959318565,0.9244634247870516,safe,0.0
1751634420,3,0,desc,32.0,29.58282959318565,0.9244634247870516,safe,0.0
1751634420,3,0,max_period,32.0,29.58282959318565,0.9244634247870516,safe,0.0
1751634420,3,0,min_period,32.0,29.58282959318565,0.9244634247870516,safe,0.0
1751634420,3,0.02,asc,32.32,29.778433210531603,0.9213624136921906,safe,0.0
1751634420,3,0.02,desc,32.32,29.778433210531603,0.9213624136921906,safe,0.0
1751634420,3,0.02,max_period,32.32,29.778433210531603,0.9213624136921906,safe,0.0
1751634420,3,0.02,min_period,32.32,29.778433210531603,0.9213624136921906,safe,0.0
1751634420,3,0.05,asc,32.8,30.04775854626061,0.9160901995811163,safe,0.0
1751634420,3,0.05,desc,32.800000000000004,30.04775854626061,0.916090199581116,safe,0.0
1751634420,3,0.05,max_period,32.800000000000004,30.04775854626061,0.916090199581116,safe,0.0
1751634420,3,0.05,min_period,32.8,30.04775854626061,0.9160901995811163,safe,0.0
1751634420,3,0.1,asc,33.6,30.550440794368797,0.9092393093562141,safe,0.1
1751634420,3,0.1,desc,33.599999999999994,30.550440794368797,0.9092393093562143,safe,0.2
1751634420,3,0.1,max_period,33.599999999999994,30.550440794368797,0.9092393093562143,safe,0.2
1751634420,3,0.1,min_period,33.6,30.550440794368797,0.9092393093562141,safe,0.1
1751634420,3,0.2,asc,35.2,31.37201385049252,0.8912503934799011,safe,0.2
1751634420,3,0.2,desc,35.2,31.37201385049252,0.8912503934799011,safe,0.4
1751634420,3,0.2,max_period,35.2,31.37201385049252,0.8912503934799011,safe,0.4
1751634420,3,0.2,min_period,35.2,31.37201385049252,0.8912503934799011,safe,0.2
1751634420,3,0.3,asc,0,32.43274262301679,,,0.3
1751634420,3,0.3,desc,0,32.43274262301679,,,0.5
1751634420,3,0.3,max_period,0,32.43274262301679,,,0.5
1751634420,3,0.3,min_period,0,32.43274262301679,,,0.3
1751634420,3,0.4,asc,0,32.97155420823742,,,0.5
1751634420,3,0.4,desc,0,32.97155420823742,,,0.6
1751634420,3,0.4,max_period,0,32.97155420823742,,,0.6
1751634420,3,0.4,min_period,0,32.97155420823742,,,0.5
1751634420,3,0.5,asc,0,33.96228152646631,,,0.6
1751634420,3,0.5,desc,0,33.96228152646631,,,0.6
1751634420,3,0.5,max_period,0,33.96228152646631,,,0.6
1751634420,3,0.5,min_period,0,33.96228152646631,,,0.6
1751634420,5,0,asc,2440.0,2111.891810847397,0.8655294306751627,safe,0.1
1751634420,5,0,desc,2440.0,2111.891810847397,0.8655294306751627,safe,0.1
1751634420,5,0,max_period,2440.0000000000005,2111.891810847397,0.8655294306751626,safe,0.1
1751634420,5,0,min_period,2440.0,2111.891810847397,0.8655294306751627,safe,0.1
1751634420,5,0.02,asc,2464.3999999999996,2383.7469057644194,0.9672727259229101,safe,0.1
1751634420,5,0.02,desc,2464.4,2383.7469057644194,0.9672727259229099,safe,0.1
1751634420,5,0.02,max_period,2464.4,2383.7469057644194,0.9672727259229099,safe,0.1
1751634420,5,0.02,min_period,2464.3999999999996,2383.7469057644194,0.9672727259229101,safe,0.1
1751634420,5,0.05,asc,2501.0,2386.22086977877,0.9541067052294162,safe,0.2
1751634420,5,0.05,desc,2501.0,2386.22086977877,0.9541067052294162,safe,0.2
1751634420,5,0.05,max_period,2501.0000000000005,2386.22086977877,0.9541067052294161,safe,0.2
1751634420,5,0.05,min_period,2501.0,2386.22086977877,0.9541067052294162,safe,0.2
1751634420,5,0.1,asc,2562.0,2389.363457716665,0.9326164940346077,safe,0.3
1751634420,5,0.1,desc,2562.0,2389.363457716665,0.9326164940346077,safe,0.3
1751634420,5,0.1,max_period,2562.0000000000005,2389.363457716665,0.9326164940346076,safe,0.3
1751634420,5,0.1,min_period,2562.0,2389.363457716665,0.9326164940346077,safe,0.3
1751634420,5,0.2,asc,2684.0,2485.283552558019,0.9259625754687105,safe,0.3
1751634420,5,0.2,desc,2684.0,2485.283552558019,0.9259625754687105,safe,0.3
1751634420,5,0.2,max_period,2684.0000000000005,2485.283552558019,0.9259625754687103,safe,0.3
1751634420,5,0.2,min_period,2684.0,2485.283552558019,0.9259625754687105,safe,0.3
1751634420,5,0.3,asc,2806.0,2544.869106099076,0.9069383842120726,safe,0.4
1751634420,5,0.3,desc,2806.0,2544.869106099076,0.9069383842120726,safe,0.5
1751634420,5,0.3,max_period,2806.0000000000005,2544.869106099076,0.9069383842120725,safe,0.4
1751634420,5,0.3,min_period,2806.0,2544.869106099076,0.9069383842120726,safe,0.4
1751634420,5,0.4,asc,2928.0,2697.0010599627985,0.9211069193862017,safe,0.5
1751634420,5,0.4,desc,2928.0,2697.0010599627985,0.9211069193862017,safe,0.6
1751634420,5,0.4,max_period,2928.0000000000005,2697.0010599627985,0.9211069193862016,safe,0.5
1751634420,5,0.4,min_period,2928.0,2697.0010599627985,0.9211069193862017,safe,0.6
1751634420,5,0.5,asc,3050.0,2627.7127446344684,0.8615451621752356,safe,0.6
1751634420,5,0.5,desc,3050.0,2627.7127446344684,0.8615451621752356,safe,0.6
1751634420,5,0.5,max_period,3050.0000000000005,2627.7127446344684,0.8615451621752355,safe,0.6
1751634420,5,0.5,min_period,3050.0,2627.7127446344684,0.8615451621752356,safe,0.7
1751634420,8,0,asc,2628.2707774242776,1506.0181047620863,0.5730072097966991,safe,0.2
1751634420,8,0,desc,2632.834579905153,1506.0181047620863,0.5720139488658418,safe,0.1
1751634420,8,0,max_period,2645.999999999999,1506.0181047620863,0.5691678400461402,safe,0.2
1751634420,8,0,min_period,2646.0,1506.0181047620863,0.56916784004614,safe,0.2
1751634420,8,0.02,asc,2653.7307774242777,2484.779615457985,0.9363344754473257,safe,0.3
1751634420,8,0.02,desc,2657.2945799051527,2484.779615457985,0.935078720382847,safe,0.2
1751634420,8,0.02,max_period,2672.4599999999996,2484.779615457985,0.9297724252029911,safe,0.3
1751634420,8,0.02,min_period,2672.4599999999996,2484.779615457985,0.9297724252029911,safe,0.3
1751634420,8,0.05,asc,2691.9207774242777,2584.824810874705,0.9602157806991459,safe,0.3
1751634420,8,0.05,desc,2693.984579905153,2584.824810874705,0.959480180456604,safe,0.2
1751634420,8,0.05,max_period,2712.149999999999,2584.824810874705,0.9530537805337852,safe,0.3
1751634420,8,0.05,min_period,2712.15,2584.824810874705,0.9530537805337849,safe,0.3
1751634420,8,0.1,asc,2755.5707774242774,2585.9024005877154,0.9384271388611704,safe,0.3
1751634420,8,0.1,desc,2755.134579905153,2585.9024005877154,0.9385757122168372,safe,0.3
1751634420,8,0.1,max_period,2778.2999999999993,2585.9024005877154,0.9307498832335299,safe,0.3
1751634420,8,0.1,min_period,2778.2999999999997,2585.9024005877154,0.9307498832335297,safe,0.3
1751634420,8,0.2,asc,2882.870777424278,2695.326897005026,0.934945443310222,safe,0.4
1751634420,8,0.2,desc,0,2695.326897005026,,,0.6
1751634420,8,0.2,max_period,2910.5999999999995,2695.326897005026,0.9260382385092512,safe,0.4
1751634420,8,0.2,min_period,2910.5999999999995,2695.326897005026,0.9260382385092512,safe,0.4
1751634420,8,0.3,asc,3010.1707774242773,2798.1781980449896,0.9295745673404338,safe,0.5
1751634420,8,0.3,desc,0,2798.1781980449896,,,0.8
1751634420,8,0.3,max_period,3042.899999999999,2798.1781980449896,0.919576127393273,safe,0.5
1751634420,8,0.3,min_period,3042.9,2798.1781980449896,0.9195761273932727,safe,0.5
1751634420,8,0.4,asc,0,2867.6715516385343,,,0.8
1751634420,8,0.4,desc,0,2867.6715516385343,,,0.9
1751634420,8,0.4,max_period,3175.199999999999,2867.6715516385343,0.9031467471776692,safe,0.6
1751634420,8,0.4,min_period,3175.2,2867.6715516385343,0.903146747177669,safe,0.8
1751634420,8,0.5,asc,0,2860.3225538976017,,,0.9
1751634420,8,0.5,desc,0,2860.3225538976017,,,1.0
1751634420,8,0.5,max_period,3307.499999999999,2860.3225538976017,0.8647989580945132,safe,0.7
1751634420,8,0.5,min_period,3307.5,2860.3225538976017,0.864798958094513,safe,0.9
1751634420,10,0,asc,2137.6384751438336,1937.1822251795,0.9062253733289275,safe,0.1
1751634420,10,0,desc,2160.0,1937.1822251795,0.896843622768287,safe,0.1
1751634420,10,0,max_period,2160.0,1937.1822251795,0.896843622768287,safe,0.1
1751634420,10,0,min_period,2137.6384751438336,1937.1822251795,0.9062253733289275,safe,0.2
1751634420,10,0.02,asc,2158.378475143834,2134.9478467702684,0.9891443374536043,safe,0.1
1751634420,10,0.02,desc,2181.6,2134.9478467702684,0.9786156246655062,safe,0.1
1751634420,10,0.02,max_period,2181.6,2134.9478467702684,0.9786156246655062,safe,0.1
1751634420,10,0.02,min_period,2158.378475143834,2134.9478467702684,0.9891443374536043,safe,0.2
1751634420,10,0.05,asc,2189.488475143834,2164.697454453215,0.9886772545404742,safe,0.1
1751634420,10,0.05,desc,2213.9999999999995,2164.697454453215,0.9777314609093114,safe,0.3
1751634420,10,0.05,max_period,2214.0,2164.697454453215,0.9777314609093112,safe,0.2
1751634420,10,0.05,min_period,2189.488475143834,2164.697454453215,0.9886772545404742,safe,0.3
1751634420,10,0.1,asc,0,2207.1699391224793,,,0.5
1751634420,10,0.1,desc,2268.0,2207.1699391224793,0.9731789855037386,safe,0.5
1751634420,10,0.1,max_period,2268.0,2207.1699391224793,0.9731789855037386,safe,0.4
1751634420,10,0.1,min_period,0,2207.1699391224793,,,0.6
1751634420,10,0.2,asc,0,2308.7137466980857,,,0.7
1751634420,10,0.2,desc,2376.0000000000005,2308.7137466980857,0.9716808698224265,safe,0.6
1751634420,10,0.2,max_period,2376.0,2308.7137466980857,0.9716808698224266,safe,0.5
1751634420,10,0.2,min_period,0,2308.7137466980857,,,0.7
1751634420,10,0.3,asc,0,2343.8115751349487,,,0.9
1751634420,10,0.3,desc,2483.9999999999995,2343.8115751349487,0.9435634360446655,safe,0.7
1751634420,10,0.3,max_period,2484.0,2343.8115751349487,0.9435634360446653,safe,0.7
1751634420,10,0.3,min_period,0,2343.8115751349487,,,0.8
1751634420,10,0.4,asc,0,2441.9178720607524,,,0.9
1751634420,10,0.4,desc,2592.0,2441.9178720607524,0.9420979444678829,safe,0.8
1751634420,10,0.4,max_period,2592.0,2441.9178720607524,0.9420979444678829,safe,0.7
1751634420,10,0.4,min_period,0,2441.9178720607524,,,0.9
1751634420,10,0.5,asc,0,2464.8151529375136,,,1.0
1751634420,10,0.5,desc,2700.0,2464.8151529375136,0.912894501087968,safe,0.9
1751634420,10,0.5,max_period,2700.0,2464.8151529375136,0.912894501087968,safe,0.9
1751634420,10,0.5,min_period,0,2464.8151529375136,,,1.0
1751634421,3,0,asc,868.2473552044128,868.2473552044128,1.0,safe,0.0
1751634421,3,0,desc,868.2473552044128,868.2473552044128,1.0,safe,0.0
1751634421,3,0,max_period,868.2473552044128,868.2473552044128,1.0,safe,0.0
1751634421,3,0,min_period,868.2473552044128,868.2473552044128,1.0,safe,0.0
1751634421,3,0.02,asc,872.2473552044128,871.8886290352821,0.9995887334401299,safe,0.0
1751634421,3,0.02,desc,872.2473552044128,871.8886290352821,0.9995887334401299,safe,0.0
1751634421,3,0.02,max_period,872.2473552044128,871.8886290352821,0.9995887334401299,safe,0.0
1751634421,3,0.02,min_period,872.2473552044128,871.8886290352821,0.9995887334401299,safe,0.0
1751634421,3,0.05,asc,878.2473552044128,877.031354612599,0.9986154235653454,safe,0.0
1751634421,3,0.05,desc,878.2473552044128,877.031354612599,0.9986154235653454,safe,0.0
1751634421,3,0.05,max_period,878.2473552044128,877.031354612599,0.9986154235653454,safe,0.0
1751634421,3,0.05,min_period,878.2473552044128,877.031354612599,0.9986154235653454,safe,0.0
1751634421,3,0.1,asc,888.2473552044128,887.1783554601316,0.9987965066960034,safe,0.1
1751634421,3,0.1,desc,888.2473552044128,887.1783554601316,0.9987965066960034,safe,0.2
1751634421,3,0.1,max_period,888.2473552044128,887.1783554601316,0.9987965066960034,safe,0.2
1751634421,3,0.1,min_period,888.2473552044128,887.1783554601316,0.9987965066960034,safe,0.1
1751634421,3,0.2,asc,0,905.3042501559539,,,0.2
1751634421,3,0.2,desc,0,905.3042501559539,,,0.4
1751634421,3,0.2,max_period,0,905.3042501559539,,,0.4
1751634421,3,0.2,min_period,0,905.3042501559539,,,0.2
1751634421,3,0.3,asc,0,923.6457112412245,,,0.3
1751634421,3,0.3,desc,0,923.6457112412245,,,0.5
1751634421,3,0.3,max_period,0,923.6457112412245,,,0.5
1751634421,3,0.3,min_period,0,923.6457112412245,,,0.3
1751634421,3,0.4,asc,0,938.5042930082782,,,0.5
1751634421,3,0.4,desc,0,938.5042930082782,,,0.6
1751634421,3,0.4,max_period,0,938.5042930082782,,,0.6
1751634421,3,0.4,min_period,0,938.5042930082782,,,0.5
1751634421,3,0.5,asc,0,1074.9262786169602,,,0.6
1751634421,3,0.5,desc,0,1074.9262786169602,,,0.6
1751634421,3,0.5,max_period,0,1074.9262786169602,,,0.6
1751634421,3,0.5,min_period,0,1074.9262786169602,,,0.6
1751634421,5,0,asc,2910.0,2633.449036580174,0.9049653046667264,safe,0.1
1751634421,5,0,desc,2764.794237836113,2633.449036580174,0.9524936794722426,safe,0.1
1751634421,5,0,max_period,2910.0,2633.449036580174,0.9049653046667264,safe,0.1
1751634421,5,0,min_period,2764.794237836113,2633.449036580174,0.9524936794722426,safe,0.1
1751634421,5,0.02,asc,2939.1,2633.4962643993786,0.8960213209483783,safe,0.1
1751634421,5,0.02,desc,2789.8942378361126,2633.4962643993786,0.9439412536447838,safe,0.1
1751634421,5,0.02,max_period,2939.1,2633.4962643993786,0.8960213209483783,safe,0.1
1751634421,5,0.02,min_period,2789.8942378361126,2633.4962643993786,0.9439412536447838,safe,0.1
1751634421,5,0.05,asc,2982.75,2688.3291084115626,0.9012921325661093,safe,0.2
1751634421,5,0.05,desc,2827.544237836113,2688.3291084115626,0.9507646502708336,safe,0.2
1751634421,5,0.05,max_period,2982.75,2688.3291084115626,0.9012921325661093,safe,0.2
1751634421,5,0.05,min_period,2827.544237836113,2688.3291084115626,0.9507646502708336,safe,0.2
1751634421,5,0.1,asc,3055.5,2688.6562649088446,0.8799398674223022,safe,0.3
1751634421,5,0.1,desc,2890.294237836113,2688.6562649088446,0.9302361779338323,safe,0.3
1751634421,5,0.1,max_period,3055.5,2688.6562649088446,0.8799398674223022,safe,0.3
1751634421,5,0.1,min_period,2890.294237836113,2688.6562649088446,0.9302361779338323,safe,0.3
1751634421,5,0.2,asc,3201.0,2888.9185484034824,0.902505013559351,safe,0.3
1751634421,5,0.2,desc,3015.794237836113,2888.9185484034824,0.9579295935243691,safe,0.3
1751634421,5,0.2,max_period,3201.0,2888.9185484034824,0.902505013559351,safe,0.3
1751634421,5,0.2,min_period,3015.794237836113,2888.9185484034824,0.9579295935243691,safe,0.3
1751634421,5,0.3,asc,0,2961.638812032761,,,0.4
1751634421,5,0.3,desc,0,2961.638812032761,,,0.5
1751634421,5,0.3,max_period,0,2961.638812032761,,,0.4
1751634421,5,0.3,min_period,0,2961.638812032761,,,0.4
1751634421,5,0.4,asc,0,3160.1577536204713,,,0.5
1751634421,5,0.4,desc,0,3160.1577536204713,,,0.6
1751634421,5,0.4,max_period,0,3160.1577536204713,,,0.5
1751634421,5,0.4,min_period,0,3160.1577536204713,,,0.6
1751634421,5,0.5,asc,0,3292.817596618901,,,0.6
1751634421,5,0.5,desc,0,3292.817596618901,,,0.6
1751634421,5,0.5,max_period,0,3292.817596618901,,,0.6
1751634421,5,0.5,min_period,0,3292.817596618901,,,0.7
1751634421,8,0,asc,4333.843494880503,3429.461730192582,0.7913210835240699,safe,0.2
1751634421,8,0,desc,4333.8434948805025,3429.461730192582,0.79132108352407,safe,0.1
1751634421,8,0,max_period,4333.843494880503,3429.461730192582,0.7913210835240699,safe,0.2
1751634421,8,0,min_period,4333.843494880503,3429.461730192582,0.7913210835240699,safe,0.2
1751634421,8,0.02,asc,4358.063494880504,4229.538769987193,0.9705087534763338,safe,0.3
1751634421,8,0.02,desc,4358.063494880504,4229.538769987193,0.9705087534763338,safe,0.2
1751634421,8,0.02,max_period,4358.063494880504,4229.538769987193,0.9705087534763338,safe,0.3
1751634421,8,0.02,min_period,4358.063494880504,4229.538769987193,0.9705087534763338,safe,0.3
1751634421,8,0.05,asc,4394.393494880504,4229.592067895205,0.9624973441324057,safe,0.3
1751634421,8,0.05,desc,4394.393494880503,4229.592067895205,0.962497344132406,safe,0.2
1751634421,8,0.05,max_period,4394.393494880504,4229.592067895205,0.9624973441324057,safe,0.3
1751634421,8,0.05,min_period,4394.393494880504,4229.592067895205,0.9624973441324057,safe,0.3
1751634421,8,0.1,asc,4454.943494880503,4329.534036536663,0.9718493717175185,safe,0.3
1751634421,8,0.1,desc,4454.943494880503,4329.534036536663,0.9718493717175185,safe,0.3
1751634421,8,0.1,max_period,4454.943494880503,4329.534036536663,0.9718493717175185,safe,0.3
1751634421,8,0.1,min_period,4454.943494880503,4329.534036536663,0.9718493717175185,safe,0.3
1751634421,8,0.2,asc,4576.043494880503,4334.483482479922,0.9472120375012105,safe,0.4
1751634421,8,0.2,desc,4576.043494880503,4334.483482479922,0.9472120375012105,safe,0.6
1751634421,8,0.2,max_period,4576.043494880503,4334.483482479922,0.9472120375012105,safe,0.4
1751634421,8,0.2,min_period,4576.043494880503,4334.483482479922,0.9472120375012105,safe,0.4
1751634421,8,0.3,asc,0,4420.371919250348,,,0.5
1751634421,8,0.3,desc,0,4420.371919250348,,,0.8
1751634421,8,0.3,max_period,0,4420.371919250348,,,0.5
1751634421,8,0.3,min_period,0,4420.371919250348,,,0.5
1751634421,8,0.4,asc,0,4517.92092964183,,,0.8
1751634421,8,0.4,desc,0,4517.92092964183,,,0.9
1751634421,8,0.4,max_period,0,4517.92092964183,,,0.6
1751634421,8,0.4,min_period,0,4517.92092964183,,,0.8
1751634421,8,0.5,asc,0,4709.155126391164,,,0.9
1751634421,8,0.5,desc,0,4709.155126391164,,,1.0
1751634421,8,0.5,max_period,0,4709.155126391164,,,0.7
1751634421,8,0.5,min_period,0,4709.155126391164,,,0.9
1751634421,10,0,asc,812.0,580.9169738369008,0.7154149924099763,safe,0.1
1751634421,10,0,desc,812.0,580.9169738369008,0.7154149924099763,safe,0.1
1751634421,10,0,max_period,812.0,580.9169738369008,0.7154149924099763,safe,0.1
1751634421,10,0,min_period,812.0,580.9169738369008,0.7154149924099763,safe,0.2
1751634421,10,0.02,asc,820.12,694.9275713432196,0.8473486457386963,safe,0.1
1751634421,10,0.02,desc,820.1199999999999,694.9275713432196,0.8473486457386964,safe,0.1
1751634421,10,0.02,max_period,820.1200000000001,694.9275713432196,0.8473486457386962,safe,0.1
1751634421,10,0.02,min_period,820.12,694.9275713432196,0.8473486457386963,safe,0.2
1751634421,10,0.05,asc,832.3,714.9003985439509,0.8589455707604842,safe,0.1
1751634421,10,0.05,desc,0,714.9003985439509,,,0.3
1751634421,10,0.05,max_period,0,714.9003985439509,,,0.2
1751634421,10,0.05,min_period,832.3,714.9003985439509,0.8589455707604842,safe,0.3
1751634421,10,0.1,asc,852.5999999999998,714.8760031104526,0.8384658727544603,safe,0.5
1751634421,10,0.1,desc,0,714.8760031104526,,,0.5
1751634421,10,0.1,max_period,0,714.8760031104526,,,0.4
1751634421,10,0.1,min_period,852.5999999999998,714.8760031104526,0.8384658727544603,safe,0.6
1751634421,10,0.2,asc,893.2,737.0152768996015,0.8251402562691463,safe,0.7
1751634421,10,0.2,desc,0,737.0152768996015,,,0.6
1751634421,10,0.2,max_period,0,737.0152768996015,,,0.5
1751634421,10,0.2,min_period,893.2,737.0152768996015,0.8251402562691463,safe,0.7
1751634421,10,0.3,asc,0,756.9522499140949,,,0.9
1751634421,10,0.3,desc,0,756.9522499140949,,,0.7
1751634421,10,0.3,max_period,0,756.9522499140949,,,0.7
1751634421,10,0.3,min_period,0,756.9522499140949,,,0.8
1751634421,10,0.4,asc,0,769.1903722471884,,,0.9
1751634421,10,0.4,desc,0,769.1903722471884,,,0.8
1751634421,10,0.4,max_period,0,769.1903722471884,,,0.7
1751634421,10,0.4,min_period,0,769.1903722471884,,,0.9
1751634421,10,0.5,asc,0,860.9919411841129,,,1.0
1751634421,10,0.5,desc,0,860.9919411841129,,,0.9
1751634421,10,0.5,max_period,0,860.9919411841129,,,0.9
1751634421,10,0.5,min_period,0,860.9919411841129,,,1.0
1751634422,3,0,asc,2500.0,2263.0520785475173,0.9052208314190069,safe,0.0
1751634422,3,0,desc,2500.0,2263.0520785475173,0.9052208314190069,safe,0.0
1751634422,3,0,max_period,2500.0,2263.0520785475173,0.9052208314190069,safe,0.0
1751634422,3,0,min_period,2500.0,2263.0520785475173,0.9052208314190069,safe,0.0
1751634422,3,0.02,asc,2525.0,2465.8798907683667,0.9765860953538086,safe,0.0
1751634422,3,0.02,desc,2525.0,2465.8798907683667,0.9765860953538086,safe,0.0
1751634422,3,0.02,max_period,2525.0,2465.8798907683667,0.9765860953538086,safe,0.0
1751634422,3,0.02,min_period,2525.0,2465.8798907683667,0.9765860953538086,safe,0.0
1751634422,3,0.05,asc,2562.5,2472.6194097531406,0.9649246477085427,safe,0.0
1751634422,3,0.05,desc,2562.5,2472.6194097531406,0.9649246477085427,safe,0.0
1751634422,3,0.05,max_period,2562.5,2472.6194097531406,0.9649246477085427,safe,0.0
1751634422,3,0.05,min_period,2562.5,2472.6194097531406,0.9649246477085427,safe,0.0
1751634422,3,0.1,asc,2625.0,2477.814837749407,0.9439294619997741,safe,0.1
1751634422,3,0.1,desc,2625.0,2477.814837749407,0.9439294619997741,safe,0.2
1751634422,3,0.1,max_period,2625.0,2477.814837749407,0.9439294619997741,safe,0.2
1751634422,3,0.1,min_period,2625.0,2477.814837749407,0.9439294619997741,safe,0.1
1751634422,3,0.2,asc,2750.0,2644.1207742370025,0.96149846335891,safe,0.2
1751634422,3,0.2,desc,2750.0,2644.1207742370025,0.96149846335891,safe,0.4
1751634422,3,0.2,max_period,2750.0,2644.1207742370025,0.96149846335891,safe,0.4
1751634422,3,0.2,min_period,2750.0,2644.1207742370025,0.96149846335891,safe,0.2
1751634422,3,0.3,asc,2875.0,2702.6599371532793,0.9400556303141842,safe,0.3
1751634422,3,0.3,desc,2875.0,2702.6599371532793,0.9400556303141842,safe,0.5
1751634422,3,0.3,max_period,2875.0,2702.6599371532793,0.9400556303141842,safe,0.5
1751634422,3,0.3,min_period,2875.0,2702.6599371532793,0.9400556303141842,safe,0.3
1751634422,3,0.4,asc,3000.0,2787.6853095324477,0.9292284365108159,safe,0.5
1751634422,3,0.4,desc,3000.0,2787.6853095324477,0.9292284365108159,safe,0.6
1751634422,3,0.4,max_period,3000.0,2787.6853095324477,0.9292284365108159,safe,0.6
1751634422,3,0.4,min_period,3000.0,2787.6853095324477,0.9292284365108159,safe,0.5
1751634422,3,0.5,asc,3125.0,2916.2251394202904,0.9331920446144929,safe,0.6
1751634422,3,0.5,desc,3125.0,2916.2251394202904,0.9331920446144929,safe,0.6
1751634422,3,0.5,max_period,3125.0,2916.2251394202904,0.9331920446144929,safe,0.6
1751634422,3,0.5,min_period,3125.0,2916.2251394202904,0.9331920446144929,safe,0.6
1751634422,5,0,asc,4513.695299155571,4313.737396411722,0.9556997339228332,safe,0.1
1751634422,5,0,desc,4513.695299155572,4313.737396411722,0.955699733922833,safe,0.1
1751634422,5,0,max_period,4513.695299155571,4313.737396411722,0.9556997339228332,safe,0.1
1751634422,5,0,min_period,4513.695299155571,4313.737396411722,0.9556997339228332,safe,0.1
1751634422,5,0.02,asc,4539.71529915557,4327.97665875713,0.9533586080964537,safe,0.1
1751634422,5,0.02,desc,4539.715299155572,4327.97665875713,0.9533586080964532,safe,0.1
1751634422,5,0.02,max_period,4539.71529915557,4327.97665875713,0.9533586080964537,safe,0.1
1751634422,5,0.02,min_period,4539.71529915557,4327.97665875713,0.9533586080964537,safe,0.1
1751634422,5,0.05,asc,4578.745299155571,4352.505802035812,0.9505891936899213,safe,0.2
1751634422,5,0.05,desc,4578.745299155572,4352.505802035812,0.9505891936899211,safe,0.2
1751634422,5,0.05,max_period,4578.745299155571,4352.505802035812,0.9505891936899213,safe,0.2
1751634422,5,0.05,min_period,4578.745299155571,4352.505802035812,0.9505891936899213,safe,0.2
1751634422,5,0.1,asc,0,4398.008495681304,,,0.3
1751634422,5,0.1,desc,0,4398.008495681304,,,0.3
1751634422,5,0.1,max_period,0,4398.008495681304,,,0.3
1751634422,5,0.1,min_period,0,4398.008495681304,,,0.3
1751634422,5,0.2,asc,0,4500.394459922052,,,0.3
1751634422,5,0.2,desc,0,4500.394459922052,,,0.3
1751634422,5,0.2,max_period,0,4500.394459922052,,,0.3
1751634422,5,0.2,min_period,0,4500.394459922052,,,0.3
1751634422,5,0.3,asc,0,4586.511138376636,,,0.4
1751634422,5,0.3,desc,0,4586.511138376636,,,0.5
1751634422,5,0.3,max_period,0,4586.511138376636,,,0.4
1751634422,5,0.3,min_period,0,4586.511138376636,,,0.4
1751634422,5,0.4,asc,0,4586.592087508757,,,0.5
1751634422,5,0.4,desc,0,4586.592087508757,,,0.6
1751634422,5,0.4,max_period,0,4586.592087508757,,,0.5
1751634422,5,0.4,min_period,0,4586.592087508757,,,0.6
1751634422,5,0.5,asc,0,4751.871457102843,,,0.6
1751634422,5,0.5,desc,0,4751.871457102843,,,0.6
1751634422,5,0.5,max_period,0,4751.871457102843,,,0.6
1751634422,5,0.5,min_period,0,4751.871457102843,,,0.7
1751634422,8,0,asc,2214.0,2127.0387770377265,0.9607221215165883,safe,0.2
1751634422,8,0,desc,2169.717989571159,2127.0387770377265,0.9803296037832696,safe,0.1
1751634422,8,0,max_period,2214.0,2127.0387770377265,0.9607221215165883,safe,0.2
1751634422,8,0,min_period,2214.0,2127.0387770377265,0.9607221215165883,safe,0.2
1751634422,8,0.02,asc,2236.1400000000003,2178.915945182438,0.9744094489533024,safe,0.3
1751634422,8,0.02,desc,2190.817989571159,2178.915945182438,0.9945673057071022,safe,0.2
1751634422,8,0.02,max_period,2236.1400000000003,2178.915945182438,0.9744094489533024,safe,0.3
1751634422,8,0.02,min_period,2236.1400000000003,2178.915945182438,0.9744094489533024,safe,0.3
1751634422,8,0.05,asc,2269.3500000000004,2179.1046111080213,0.9602329350289823,safe,0.3
1751634422,8,0.05,desc,2222.467989571159,2179.1046111080213,0.980488637556708,safe,0.2
1751634422,8,0.05,max_period,2269.3500000000004,2179.1046111080213,0.9602329350289823,safe,0.3
1751634422,8,0.05,min_period,2269.3500000000004,2179.1046111080213,0.9602329350289823,safe,0.3
1751634422,8,0.1,asc,2324.7,2232.4511995553476,0.9603179763218255,safe,0.3
1751634422,8,0.1,desc,2275.217989571159,2232.4511995553476,0.9812032120826049,safe,0.3
1751634422,8,0.1,max_period,2324.7,2232.4511995553476,0.9603179763218255,safe,0.3
1751634422,8,0.1,min_period,2324.7000000000007,2232.4511995553476,0.9603179763218251,safe,0.3
1751634422,8,0.2,asc,2435.3999999999996,2368.5539475431433,0.9725523312569367,safe,0.4
1751634422,8,0.2,desc,0,2368.5539475431433,,,0.6
1751634422,8,0.2,max_period,2435.3999999999996,2368.5539475431433,0.9725523312569367,safe,0.4
1751634422,8,0.2,min_period,2435.3999999999996,2368.5539475431433,0.9725523312569367,safe,0.4
1751634422,8,0.3,asc,2546.1000000000004,2459.3670457575354,0.9659349773212109,safe,0.5
1751634422,8,0.3,desc,0,2459.3670457575354,,,0.8
1751634422,8,0.3,max_period,2546.1000000000004,2459.3670457575354,0.9659349773212109,safe,0.5
1751634422,8,0.3,min_period,2546.1,2459.3670457575354,0.965934977321211,safe,0.5
1751634422,8,0.4,asc,2656.8,2561.178597543214,0.9640088066633596,safe,0.8
1751634422,8,0.4,desc,0,2561.178597543214,,,0.9
1751634422,8,0.4,max_period,2656.8,2561.178597543214,0.9640088066633596,safe,0.6
1751634422,8,0.4,min_period,0,2561.178597543214,,,0.8
1751634422,8,0.5,asc,2767.5,2657.334131695243,0.9601930015158963,safe,0.9
1751634422,8,0.5,desc,0,2657.334131695243,,,1.0
1751634422,8,0.5,max_period,2767.5,2657.334131695243,0.9601930015158963,safe,0.7
1751634422,8,0.5,min_period,0,2657.334131695243,,,0.9
1751634422,10,0,asc,4916.921215950699,4789.269565510148,0.9740382965611807,safe,0.1
1751634422,10,0,desc,4916.921215950699,4789.269565510148,0.9740382965611807,safe,0.1
1751634422,10,0,max_period,4916.921215950699,4789.269565510148,0.9740382965611807,safe,0.1
1751634422,10,0,min_period,4916.921215950699,4789.269565510148,0.9740382965611807,safe,0.2
1751634422,10,0.02,asc,4938.081215950699,4913.629881605866,0.9950484138928596,safe,0.1
1751634422,10,0.02,desc,4938.081215950698,4913.629881605866,0.9950484138928598,safe,0.1
1751634422,10,0.02,max_period,4938.081215950699,4913.629881605866,0.9950484138928596,safe,0.1
1751634422,10,0.02,min_period,4938.081215950699,4913.629881605866,0.9950484138928596,safe,0.2
1751634422,10,0.05,asc,4969.821215950698,4943.838792173932,0.9947719600670191,safe,0.1
1751634422,10,0.05,desc,4969.821215950698,4943.838792173932,0.9947719600670191,safe,0.3
1751634422,10,0.05,max_period,4969.821215950698,4943.838792173932,0.9947719600670191,safe,0.2
1751634422,10,0.05,min_period,4969.821215950698,4943.838792173932,0.9947719600670191,safe,0.3
1751634422,10,0.1,asc,5022.721215950699,4953.801649966563,0.9862784409046499,safe,0.5
1751634422,10,0.1,desc,5022.721215950699,4953.801649966563,0.9862784409046499,safe,0.5
1751634422,10,0.1,max_period,5022.721215950699,4953.801649966563,0.9862784409046499,safe,0.4
1751634422,10,0.1,min_period,5022.721215950699,4953.801649966563,0.9862784409046499,safe,0.6
1751634422,10,0.2,asc,0,5697.965410685207,,,0.7
1751634422,10,0.2,desc,0,5697.965410685207,,,0.6
1751634422,10,0.2,max_period,0,5697.965410685207,,,0.5
1751634422,10,0.2,min_period,0,5697.965410685207,,,0.7
1751634422,10,0.3,asc,0,6015.175461689911,,,0.9
1751634422,10,0.3,desc,0,6015.175461689911,,,0.7
1751634422,10,0.3,max_period,0,6015.175461689911,,,0.7
1751634422,10,0.3,min_period,0,6015.175461689911,,,0.8
1751634422,10,0.4,asc,0,6160.826022343692,,,0.9
1751634422,10,0.4,desc,0,6160.826022343692,,,0.8
1751634422,10,0.4,max_period,0,6160.826022343692,,,0.7
1751634422,10,0.4,min_period,0,6160.826022343692,,,0.9
1751634422,10,0.5,asc,0,6196.905076549286,,,1.0
1751634422,10,0.5,desc,0,6196.905076549286,,,0.9
1751634422,10,0.5,max_period,0,6196.905076549286,,,0.9
1751634422,10,0.5,min_period,0,6196.905076549286,,,1.0
1751634423,3,0,asc,700.0,663.2523133956565,0.9475033048509379,safe,0.0
1751634423,3,0,desc,700.0,663.2523133956565,0.9475033048509379,safe,0.0
1751634423,3,0,max_period,700.0,663.2523133956565,0.9475033048509379,safe,0.0
1751634423,3,0,min_period,700.0,663.2523133956565,0.9475033048509379,safe,0.0
1751634423,3,0.02,asc,707.0,664.2045511958077,0.9394689550152866,safe,0.0
1751634423,3,0.02,desc,707.0,664.2045511958077,0.9394689550152866,safe,0.0
1751634423,3,0.02,max_period,707.0,664.2045511958077,0.9394689550152866,safe,0.0
1751634423,3,0.02,min_period,707.0,664.2045511958077,0.9394689550152866,safe,0.0
1751634423,3,0.05,asc,717.5,665.3373139168452,0.9272993922185996,safe,0.0
1751634423,3,0.05,desc,717.5,665.3373139168452,0.9272993922185996,safe,0.0
1751634423,3,0.05,max_period,717.5,665.3373139168452,0.9272993922185996,safe,0.0
1751634423,3,0.05,min_period,717.5,665.3373139168452,0.9272993922185996,safe,0.0
1751634423,3,0.1,asc,735.0,667.2704311345587,0.9078509267136854,safe,0.1
1751634423,3,0.1,desc,735.0,667.2704311345587,0.9078509267136854,safe,0.2
1751634423,3,0.1,max_period,735.0,667.2704311345587,0.9078509267136854,safe,0.2
1751634423,3,0.1,min_period,735.0,667.2704311345587,0.9078509267136854,safe,0.1
1751634423,3,0.2,asc,770.0,672.5637153425755,0.8734593705747734,safe,0.2
1751634423,3,0.2,desc,770.0,672.5637153425755,0.8734593705747734,safe,0.4
1751634423,3,0.2,max_period,770.0,672.5637153425755,0.8734593705747734,safe,0.4
1751634423,3,0.2,min_period,770.0,672.5637153425755,0.8734593705747734,safe,0.2
1751634423,3,0.3,asc,805.0,727.5779292530387,0.9038235146000482,safe,0.3
1751634423,3,0.3,desc,805.0,727.5779292530387,0.9038235146000482,safe,0.5
1751634423,3,0.3,max_period,805.0,727.5779292530387,0.9038235146000482,safe,0.5
1751634423,3,0.3,min_period,805.0,727.5779292530387,0.9038235146000482,safe,0.3
1751634423,3,0.4,asc,0,724.3237801832447,,,0.5
1751634423,3,0.4,desc,0,724.3237801832447,,,0.6
1751634423,3,0.4,max_period,0,724.3237801832447,,,0.6
1751634423,3,0.4,min_period,0,724.3237801832447,,,0.5
1751634423,3,0.5,asc,0,765.3766503997188,,,0.6
1751634423,3,0.5,desc,0,765.3766503997188,,,0.6
1751634423,3,0.5,max_period,0,765.3766503997188,,,0.6
1751634423,3,0.5,min_period,0,765.3766503997188,,,0.6
1751634423,5,0,asc,2560.0,2463.513917184815,0.9623101239003183,safe,0.1
1751634423,5,0,desc,2560.0,2463.513917184815,0.9623101239003183,safe,0.1
1751634423,5,0,max_period,2560.0,2463.513917184815,0.9623101239003183,safe,0.1
1751634423,5,0,min_period,2560.0,2463.513917184815,0.9623101239003183,safe,0.1
1751634423,5,0.02,asc,2585.6,2464.125885741436,0.9530189842749984,safe,0.1
1751634423,5,0.02,desc,2585.6,2464.125885741436,0.9530189842749984,safe,0.1
1751634423,5,0.02,max_period,2585.6,2464.125885741436,0.9530189842749984,safe,0.1
1751634423,5,0.02,min_period,2585.6,2464.125885741436,0.9530189842749984,safe,0.1
1751634423,5,0.05,asc,2624.0,2465.33241187199,0.9395321691585329,safe,0.2
1751634423,5,0.05,desc,2624.0,2465.33241187199,0.9395321691585329,safe,0.2
1751634423,5,0.05,max_period,2624.0,2465.33241187199,0.9395321691585329,safe,0.2
1751634423,5,0.05,min_period,2624.0,2465.33241187199,0.9395321691585329,safe,0.2
1751634423,5,0.1,asc,2688.0,2468.379274789535,0.918295861156821,safe,0.3
1751634423,5,0.1,desc,2688.0,2468.379274789535,0.918295861156821,safe,0.3
1751634423,5,0.1,max_period,2688.0,2468.379274789535,0.918295861156821,safe,0.3
1751634423,5,0.1,min_period,2688.0,2468.379274789535,0.918295861156821,safe,0.3
1751634423,5,0.2,asc,2816.0,2663.467731614248,0.9458337115107415,safe,0.3
1751634423,5,0.2,desc,2816.0,2663.467731614248,0.9458337115107415,safe,0.3
1751634423,5,0.2,max_period,2816.0,2663.467731614248,0.9458337115107415,safe,0.3
1751634423,5,0.2,min_period,2816.0,2663.467731614248,0.9458337115107415,safe,0.3
1751634423,5,0.3,asc,2944.0,2723.897984262556,0.9252370870457051,safe,0.4
1751634423,5,0.3,desc,2944.0,2723.897984262556,0.9252370870457051,safe,0.5
1751634423,5,0.3,max_period,2944.0,2723.897984262556,0.9252370870457051,safe,0.4
1751634423,5,0.3,min_period,2944.0,2723.897984262556,0.9252370870457051,safe,0.4
1751634423,5,0.4,asc,3072.0,2921.829717914108,0.9511164446334988,safe,0.5
1751634423,5,0.4,desc,3072.0,2921.829717914108,0.9511164446334988,safe,0.6
1751634423,5,0.4,max_period,3072.0,2921.829717914108,0.9511164446334988,safe,0.5
1751634423,5,0.4,min_period,3072.0,2921.829717914108,0.9511164446334988,safe,0.6
1751634423,5,0.5,asc,0,2899.4737738152035,,,0.6
1751634423,5,0.5,desc,3200.0,2899.4737738152035,0.9060855543172511,safe,0.6
1751634423,5,0.5,max_period,0,2899.4737738152035,,,0.6
1751634423,5,0.5,min_period,0,2899.4737738152035,,,0.7
1751634423,8,0,asc,4259.324861392963,3377.2565218124287,0.7929088838525306,safe,0.2
1751634423,8,0,desc,4225.604762623901,3377.2565218124287,0.7992362541061016,safe,0.1
1751634423,8,0,max_period,4259.324861392963,3377.2565218124287,0.7929088838525306,safe,0.2
1751634423,8,0,min_period,4259.324861392963,3377.2565218124287,0.7929088838525306,safe,0.2
1751634423,8,0.02,asc,4283.5248613929625,4188.0158452864,0.9777031722244973,safe,0.3
1751634423,8,0.02,desc,4247.8047626239,4188.0158452864,0.9859247492107974,safe,0.2
1751634423,8,0.02,max_period,4283.5248613929625,4188.0158452864,0.9777031722244973,safe,0.3
1751634423,8,0.02,min_period,4283.5248613929625,4188.0158452864,0.9777031722244973,safe,0.3
1751634423,8,0.05,asc,4319.824861392963,4197.464076109205,0.9716745957973163,safe,0.3
1751634423,8,0.05,desc,4281.104762623901,4197.464076109205,0.9804628265010193,safe,0.2
1751634423,8,0.05,max_period,4319.824861392963,4197.464076109205,0.9716745957973163,safe,0.3
1751634423,8,0.05,min_period,4319.824861392963,4197.464076109205,0.9716745957973163,safe,0.3
1751634423,8,0.1,asc,4380.324861392963,4286.405210175127,0.9785587475381976,safe,0.3
1751634423,8,0.1,desc,4336.604762623901,4286.405210175127,0.9884242269709633,safe,0.3
1751634423,8,0.1,max_period,4380.324861392963,4286.405210175127,0.9785587475381976,safe,0.3
1751634423,8,0.1,min_period,4380.324861392963,4286.405210175127,0.9785587475381976,safe,0.3
1751634423,8,0.2,asc,4501.324861392963,4293.4772946285175,0.953825246307567,safe,0.4
1751634423,8,0.2,desc,4447.604762623901,4293.4772946285175,0.9653459612035188,safe,0.6
1751634423,8,0.2,max_period,4501.324861392963,4293.4772946285175,0.953825246307567,safe,0.4
1751634423,8,0.2,min_period,4501.324861392963,4293.4772946285175,0.953825246307567,safe,0.4
1751634423,8,0.3,asc,4622.324861392963,4431.880847110466,0.9587990848775814,safe,0.5
1751634423,8,0.3,desc,4558.604762623901,4431.880847110466,0.9722011619536647,safe,0.8
1751634423,8,0.3,max_period,4622.324861392963,4431.880847110466,0.9587990848775814,safe,0.5
1751634423,8,0.3,min_period,4622.324861392963,4431.880847110466,0.9587990848775814,safe,0.5
1751634423,8,0.4,asc,0,4547.319944916868,,,0.8
1751634423,8,0.4,desc,0,4547.319944916868,,,0.9
1751634423,8,0.4,max_period,0,4547.319944916868,,,0.6
1751634423,8,0.4,min_period,0,4547.319944916868,,,0.8
1751634423,8,0.5,asc,0,4974.440168599157,,,0.9
1751634423,8,0.5,desc,0,4974.440168599157,,,1.0
1751634423,8,0.5,max_period,0,4974.440168599157,,,0.7
1751634423,8,0.5,min_period,0,4974.440168599157,,,0.9
1751634423,10,0,asc,0,1956.3520854188198,,,0.1
1751634423,10,0,desc,2626.0,1956.3520854188198,0.7449931779965041,safe,0.1
1751634423,10,0,max_period,2626.0,1956.3520854188198,0.7449931779965041,safe,0.1
1751634423,10,0,min_period,0,1956.3520854188198,,,0.2
1751634423,10,0.02,asc,0,2472.5079354326845,,,0.1
1751634423,10,0.02,desc,2652.2600000000007,2472.5079354326845,0.932226831243047,safe,0.1
1751634423,10,0.02,max_period,2652.2600000000007,2472.5079354326845,0.932226831243047,safe,0.1
1751634423,10,0.02,min_period,0,2472.5079354326845,,,0.2
1751634423,10,0.05,asc,0,2503.6014066541948,,,0.1
1751634423,10,0.05,desc,2691.65,2503.6014066541948,0.9301363129137127,safe,0.3
1751634423,10,0.05,max_period,2691.65,2503.6014066541948,0.9301363129137127,safe,0.2
1751634423,10,0.05,min_period,0,2503.6014066541948,,,0.3
1751634423,10,0.1,asc,0,2588.3287485010587,,,0.5
1751634423,10,0.1,desc,2757.3000000000006,2588.3287485010587,0.9387185828531746,safe,0.5
1751634423,10,0.1,max_period,2757.3000000000006,2588.3287485010587,0.9387185828531746,safe,0.4
1751634423,10,0.1,min_period,0,2588.3287485010587,,,0.6
1751634423,10,0.2,asc,0,2697.38405161869,,,0.7
1751634423,10,0.2,desc,2888.6,2697.38405161869,0.9338032443462889,safe,0.6
1751634423,10,0.2,max_period,2888.6,2697.38405161869,0.9338032443462889,safe,0.5
1751634423,10,0.2,min_period,0,2697.38405161869,,,0.7
1751634423,10,0.3,asc,0,2697.1687552984113,,,0.9
1751634423,10,0.3,desc,3019.9,2697.1687552984113,0.8931318107547969,safe,0.7
1751634423,10,0.3,max_period,3019.9,2697.1687552984113,0.8931318107547969,safe,0.7
1751634423,10,0.3,min_period,0,2697.1687552984113,,,0.8
1751634423,10,0.4,asc,0,2831.5830371340344,,,0.9
1751634423,10,0.4,desc,3151.1999999999994,2831.5830371340344,0.8985729363842456,safe,0.8
1751634423,10,0.4,max_period,3151.1999999999994,2831.5830371340344,0.8985729363842456,safe,0.7
1751634423,10,0.4,min_period,0,2831.5830371340344,,,0.9
1751634423,10,0.5,asc,0,3025.941549955187,,,1.0
1751634423,10,0.5,desc,0,3025.941549955187,,,0.9
1751634423,10,0.5,max_period,0,3025.941549955187,,,0.9
1751634423,10,0.5,min_period,0,3025.941549955187,,,1.0
1751634424,3,0,asc,154.5094413241142,153.92667489208952,0.996228279469329,safe,0.0
1751634424,3,0,desc,154.5094413241142,153.92667489208952,0.996228279469329,safe,0.0
1751634424,3,0,max_period,154.5094413241142,153.92667489208952,0.996228279469329,safe,0.0
1751634424,3,0,min_period,154.5094413241142,153.92667489208952,0.996228279469329,safe,0.0
1751634424,3,0.02,asc,155.5294413241142,154.93300423014625,0.9961651177494748,safe,0.0
1751634424,3,0.02,desc,155.5294413241142,154.93300423014625,0.9961651177494748,safe,0.0
1751634424,3,0.02,max_period,155.5294413241142,154.93300423014625,0.9961651177494748,safe,0.0
1751634424,3,0.02,min_period,155.5294413241142,154.93300423014625,0.9961651177494748,safe,0.0
1751634424,3,0.05,asc,157.05944132411418,156.60268927217476,0.9970918523070711,safe,0.0
1751634424,3,0.05,desc,157.0594413241142,156.60268927217476,0.997091852307071,safe,0.0
1751634424,3,0.05,max_period,157.05944132411418,156.60268927217476,0.9970918523070711,safe,0.0
1751634424,3,0.05,min_period,157.0594413241142,156.60268927217476,0.997091852307071,safe,0.0
1751634424,3,0.1,asc,0,208.4448645675484,,,0.1
1751634424,3,0.1,desc,0,208.4448645675484,,,0.2
1751634424,3,0.1,max_period,0,208.4448645675484,,,0.2
1751634424,3,0.1,min_period,0,208.4448645675484,,,0.1
1751634424,3,0.2,asc,0,213.6746606347806,,,0.2
1751634424,3,0.2,desc,0,213.6746606347806,,,0.4
1751634424,3,0.2,max_period,0,213.6746606347806,,,0.4
1751634424,3,0.2,min_period,0,213.6746606347806,,,0.2
1751634424,3,0.3,asc,0,217.42404736637673,,,0.3
1751634424,3,0.3,desc,0,217.42404736637673,,,0.5
1751634424,3,0.3,max_period,0,217.42404736637673,,,0.5
1751634424,3,0.3,min_period,0,217.42404736637673,,,0.3
1751634424,3,0.4,asc,0,221.94794232686763,,,0.5
1751634424,3,0.4,desc,0,221.94794232686763,,,0.6
1751634424,3,0.4,max_period,0,221.94794232686763,,,0.6
1751634424,3,0.4,min_period,0,221.94794232686763,,,0.5
1751634424,3,0.5,asc,0,227.23912432056352,,,0.6
1751634424,3,0.5,desc,0,227.23912432056352,,,0.6
1751634424,3,0.5,max_period,0,227.23912432056352,,,0.6
1751634424,3,0.5,min_period,0,227.23912432056352,,,0.6
1751634424,5,0,asc,994.5016418317217,856.0035580792647,0.8607361939620688,safe,0.1
1751634424,5,0,desc,994.5016418317217,856.0035580792647,0.8607361939620688,safe,0.1
1751634424,5,0,max_period,994.5016418317217,856.0035580792647,0.8607361939620688,safe,0.1
1751634424,5,0,min_period,994.5016418317217,856.0035580792647,0.8607361939620688,safe,0.1
1751634424,5,0.02,asc,1000.5216418317217,956.8652325483345,0.956366351852757,safe,0.1
1751634424,5,0.02,desc,1000.5216418317217,956.8652325483345,0.956366351852757,safe,0.1
1751634424,5,0.02,max_period,1000.5216418317217,956.8652325483345,0.956366351852757,safe,0.1
1751634424,5,0.02,min_period,1000.5216418317217,956.8652325483345,0.956366351852757,safe,0.1
1751634424,5,0.05,asc,0,958.1974324405019,,,0.2
1751634424,5,0.05,desc,0,958.1974324405019,,,0.2
1751634424,5,0.05,max_period,0,958.1974324405019,,,0.2
1751634424,5,0.05,min_period,0,958.1974324405019,,,0.2
1751634424,5,0.1,asc,0,960.4248161058731,,,0.3
1751634424,5,0.1,desc,0,960.4248161058731,,,0.3
1751634424,5,0.1,max_period,0,960.4248161058731,,,0.3
1751634424,5,0.1,min_period,0,960.4248161058731,,,0.3
1751634424,5,0.2,asc,0,964.687633886615,,,0.3
1751634424,5,0.2,desc,0,964.687633886615,,,0.3
1751634424,5,0.2,max_period,0,964.687633886615,,,0.3
1751634424,5,0.2,min_period,0,964.687633886615,,,0.3
1751634424,5,0.3,asc,0,1014.5837870279247,,,0.4
1751634424,5,0.3,desc,0,1014.5837870279247,,,0.5
1751634424,5,0.3,max_period,0,1014.5837870279247,,,0.4
1751634424,5,0.3,min_period,0,1014.5837870279247,,,0.4
1751634424,5,0.4,asc,0,1023.1549654084993,,,0.5
1751634424,5,0.4,desc,0,1023.1549654084993,,,0.6
1751634424,5,0.4,max_period,0,1023.1549654084993,,,0.5
1751634424,5,0.4,min_period,0,1023.1549654084993,,,0.6
1751634424,5,0.5,asc,0,1049.289905428086,,,0.6
1751634424,5,0.5,desc,0,1049.289905428086,,,0.6
1751634424,5,0.5,max_period,0,1049.289905428086,,,0.6
1751634424,5,0.5,min_period,0,1049.289905428086,,,0.7
1751634424,8,0,asc,5141.9986517897205,4910.924318111454,0.9550613780114784,safe,0.2
1751634424,8,0,desc,5141.998651789721,4910.924318111454,0.9550613780114782,safe,0.1
1751634424,8,0,max_period,5141.9986517897205,4910.924318111454,0.9550613780114784,safe,0.2
1751634424,8,0,min_period,5141.9986517897205,4910.924318111454,0.9550613780114784,safe,0.2
1751634424,8,0.02,asc,5163.25865178972,5128.87427597072,0.9933405668516953,safe,0.3
1751634424,8,0.02,desc,5163.25865178972,5128.87427597072,0.9933405668516953,safe,0.2
1751634424,8,0.02,max_period,5163.25865178972,5128.87427597072,0.9933405668516953,safe,0.3
1751634424,8,0.02,min_period,5163.25865178972,5128.87427597072,0.9933405668516953,safe,0.3
1751634424,8,0.05,asc,5195.148651789719,5156.343171269276,0.9925304388533571,safe,0.3
1751634424,8,0.05,desc,5195.14865178972,5156.343171269276,0.9925304388533569,safe,0.2
1751634424,8,0.05,max_period,5195.148651789719,5156.343171269276,0.9925304388533571,safe,0.3
1751634424,8,0.05,min_period,5195.148651789719,5156.343171269276,0.9925304388533571,safe,0.3
1751634424,8,0.1,asc,5248.29865178972,5199.430701574662,0.9906888015607889,safe,0.3
1751634424,8,0.1,desc,5248.29865178972,5199.430701574662,0.9906888015607889,safe,0.3
1751634424,8,0.1,max_period,5248.29865178972,5199.430701574662,0.9906888015607889,safe,0.3
1751634424,8,0.1,min_period,5248.29865178972,5199.430701574662,0.9906888015607889,safe,0.3
1751634424,8,0.2,asc,5354.59865178972,5296.070880873984,0.9890696250602883,safe,0.4
1751634424,8,0.2,desc,5354.598651789722,5296.070880873984,0.989069625060288,safe,0.6
1751634424,8,0.2,max_period,5354.59865178972,5296.070880873984,0.9890696250602883,safe,0.4
1751634424,8,0.2,min_period,5354.59865178972,5296.070880873984,0.9890696250602883,safe,0.4
1751634424,8,0.3,asc,5460.898651789719,5336.903764866947,0.977294050882608,safe,0.5
1751634424,8,0.3,desc,5460.89865178972,5336.903764866947,0.9772940508826078,safe,0.8
1751634424,8,0.3,max_period,5460.898651789719,5336.903764866947,0.977294050882608,safe,0.5
1751634424,8,0.3,min_period,5460.898651789719,5336.903764866947,0.977294050882608,safe,0.5
1751634424,8,0.4,asc,5567.19865178972,5472.86708069708,0.9830558280757029,safe,0.8
1751634424,8,0.4,desc,5567.19865178972,5472.86708069708,0.9830558280757029,safe,0.9
1751634424,8,0.4,max_period,5567.19865178972,5472.86708069708,0.9830558280757029,safe,0.6
1751634424,8,0.4,min_period,5567.19865178972,5472.86708069708,0.9830558280757029,safe,0.8
1751634424,8,0.5,asc,0,5807.494825339276,,,0.9
1751634424,8,0.5,desc,0,5807.494825339276,,,1.0
1751634424,8,0.5,max_period,0,5807.494825339276,,,0.7
1751634424,8,0.5,min_period,0,5807.494825339276,,,0.9
1751634424,10,0,asc,2710.0,1806.7980408968367,0.6667151442423752,safe,0.1
1751634424,10,0,desc,2710.0,1806.7980408968367,0.6667151442423752,safe,0.1
1751634424,10,0,max_period,2710.0,1806.7980408968367,0.6667151442423752,safe,0.1
1751634424,10,0,min_period,2710.0,1806.7980408968367,0.6667151442423752,safe,0.2
1751634424,10,0.02,asc,2737.1,2586.820942932345,0.9450955182245242,safe,0.1
1751634424,10,0.02,desc,2737.1000000000004,2586.820942932345,0.9450955182245241,safe,0.1
1751634424,10,0.02,max_period,2737.1,2586.820942932345,0.9450955182245242,safe,0.1
1751634424,10,0.02,min_period,2737.1000000000004,2586.820942932345,0.9450955182245241,safe,0.2
1751634424,10,0.05,asc,2777.75,2588.784968756044,0.9319719084712604,safe,0.1
1751634424,10,0.05,desc,2777.75,2588.784968756044,0.9319719084712604,safe,0.3
1751634424,10,0.05,max_period,2777.7500000000005,2588.784968756044,0.9319719084712603,safe,0.2
1751634424,10,0.05,min_period,2777.75,2588.784968756044,0.9319719084712604,safe,0.3
1751634424,10,0.1,asc,2845.5,2590.295934455965,0.9103131029541258,safe,0.5
1751634424,10,0.1,desc,2845.5,2590.295934455965,0.9103131029541258,safe,0.5
1751634424,10,0.1,max_period,2845.5,2590.295934455965,0.9103131029541258,safe,0.4
1751634424,10,0.1,min_period,2845.5,2590.295934455965,0.9103131029541258,safe,0.6
1751634424,10,0.2,asc,2981.0,2796.8583312910323,0.9382282225062168,safe,0.7
1751634424,10,0.2,desc,2981.0,2796.8583312910323,0.9382282225062168,safe,0.6
1751634424,10,0.2,max_period,2980.9999999999995,2796.8583312910323,0.938228222506217,safe,0.5
1751634424,10,0.2,min_period,2981.0,2796.8583312910323,0.9382282225062168,safe,0.7
1751634424,10,0.3,asc,3116.5,2799.385645285871,0.8982466373450573,safe,0.9
1751634424,10,0.3,desc,3116.5000000000005,2799.385645285871,0.898246637345057,safe,0.7
1751634424,10,0.3,max_period,3116.5000000000005,2799.385645285871,0.898246637345057,safe,0.7
1751634424,10,0.3,min_period,3116.5000000000005,2799.385645285871,0.898246637345057,safe,0.8
1751634424,10,0.4,asc,3251.9999999999995,3006.0734152012446,0.9243768189425723,safe,0.9
1751634424,10,0.4,desc,0,3006.0734152012446,,,0.8
1751634424,10,0.4,max_period,3251.9999999999995,3006.0734152012446,0.9243768189425723,safe,0.7
1751634424,10,0.4,min_period,3252.0,3006.0734152012446,0.9243768189425722,safe,0.9
1751634424,10,0.5,asc,0,2989.380726326035,,,1.0
1751634424,10,0.5,desc,0,2989.380726326035,,,0.9
1751634424,10,0.5,max_period,0,2989.380726326035,,,0.9
1751634424,10,0.5,min_period,0,2989.380726326035,,,1.0
1751634425,3,0,asc,2024.0,1246.0199543685246,0.6156225070990734,safe,0.0
1751634425,3,0,desc,2024.0,1246.0199543685246,0.6156225070990734,safe,0.0
1751634425,3,0,max_period,2024.0,1246.0199543685246,0.6156225070990734,safe,0.0
1751634425,3,0,min_period,2024.0,1246.0199543685246,0.6156225070990734,safe,0.0
1751634425,3,0.02,asc,2044.24,2024.4981968561337,0.9903427175165996,safe,0.0
1751634425,3,0.02,desc,2044.2399999999998,2024.4981968561337,0.9903427175165997,safe,0.0
1751634425,3,0.02,max_period,2044.2399999999998,2024.4981968561337,0.9903427175165997,safe,0.0
1751634425,3,0.02,min_period,2044.24,2024.4981968561337,0.9903427175165996,safe,0.0
1751634425,3,0.05,asc,2074.6,2025.8867919927352,0.9765192287634895,safe,0.0
1751634425,3,0.05,desc,2074.6,2025.8867919927352,0.9765192287634895,safe,0.0
1751634425,3,0.05,max_period,2074.6,2025.8867919927352,0.9765192287634895,safe,0.0
1751634425,3,0.05,min_period,2074.6,2025.8867919927352,0.9765192287634895,safe,0.0
1751634425,3,0.1,asc,2125.2,2045.2646933128087,0.9623869251424849,safe,0.1
1751634425,3,0.1,desc,2125.2,2045.2646933128087,0.9623869251424849,safe,0.2
1751634425,3,0.1,max_period,2125.2,2045.2646933128087,0.9623869251424849,safe,0.2
1751634425,3,0.1,min_period,2125.2,2045.2646933128087,0.9623869251424849,safe,0.1
1751634425,3,0.2,asc,2226.3999999999996,2201.768641075433,0.9889366875114236,safe,0.2
1751634425,3,0.2,desc,2226.3999999999996,2201.768641075433,0.9889366875114236,safe,0.4
1751634425,3,0.2,max_period,2226.3999999999996,2201.768641075433,0.9889366875114236,safe,0.4
1751634425,3,0.2,min_period,2226.3999999999996,2201.768641075433,0.9889366875114236,safe,0.2
1751634425,3,0.3,asc,2327.6,2276.6698492718556,0.9781190278707061,safe,0.3
1751634425,3,0.3,desc,2327.6,2276.6698492718556,0.9781190278707061,safe,0.5
1751634425,3,0.3,max_period,2327.6,2276.6698492718556,0.9781190278707061,safe,0.5
1751634425,3,0.3,min_period,2327.6,2276.6698492718556,0.9781190278707061,safe,0.3
1751634425,3,0.4,asc,2428.8,2276.4052478783237,0.9372551251145931,safe,0.5
1751634425,3,0.4,desc,2428.8,2276.4052478783237,0.9372551251145931,safe,0.6
1751634425,3,0.4,max_period,2428.8,2276.4052478783237,0.9372551251145931,safe,0.6
1751634425,3,0.4,min_period,2428.8,2276.4052478783237,0.9372551251145931,safe,0.5
1751634425,3,0.5,asc,2530.0,2321.0895568765604,0.9174267023227511,safe,0.6
1751634425,3,0.5,desc,2530.0,2321.0895568765604,0.9174267023227511,safe,0.6
1751634425,3,0.5,max_period,2530.0,2321.0895568765604,0.9174267023227511,safe,0.6
1751634425,3,0.5,min_period,2530.0,2321.0895568765604,0.9174267023227511,safe,0.6
1751634425,5,0,asc,230.0,219.7947213341799,0.9556292231920865,safe,0.1
1751634425,5,0,desc,230.0,219.7947213341799,0.9556292231920865,safe,0.1
1751634425,5,0,max_period,230.0,219.7947213341799,0.9556292231920865,safe,0.1
1751634425,5,0,min_period,230.0,219.7947213341799,0.9556292231920865,safe,0.1
1751634425,5,0.02,asc,232.3,229.90834499884068,0.9897044554405539,safe,0.1
1751634425,5,0.02,desc,232.29999999999998,229.90834499884068,0.989704455440554,safe,0.1
1751634425,5,0.02,max_period,232.3,229.90834499884068,0.9897044554405539,safe,0.1
1751634425,5,0.02,min_period,232.3,229.90834499884068,0.9897044554405539,safe,0.1
1751634425,5,0.05,asc,235.75,230.14136845890516,0.9762094102180495,safe,0.2
1751634425,5,0.05,desc,235.75,230.14136845890516,0.9762094102180495,safe,0.2
1751634425,5,0.05,max_period,235.75,230.14136845890516,0.9762094102180495,safe,0.2
1751634425,5,0.05,min_period,235.75,230.14136845890516,0.9762094102180495,safe,0.2
1751634425,5,0.1,asc,241.50000000000003,230.74454268200498,0.9554639448530226,safe,0.3
1751634425,5,0.1,desc,241.5,230.74454268200498,0.9554639448530227,safe,0.3
1751634425,5,0.1,max_period,241.50000000000003,230.74454268200498,0.9554639448530226,safe,0.3
1751634425,5,0.1,min_period,241.5,230.74454268200498,0.9554639448530227,safe,0.3
1751634425,5,0.2,asc,253.0,241.28961832123423,0.9537139064080404,safe,0.3
1751634425,5,0.2,desc,253.0,241.28961832123423,0.9537139064080404,safe,0.3
1751634425,5,0.2,max_period,253.0,241.28961832123423,0.9537139064080404,safe,0.3
1751634425,5,0.2,min_period,253.0,241.28961832123423,0.9537139064080404,safe,0.3
1751634425,5,0.3,asc,264.5,252.1133891155987,0.9531697131024526,safe,0.4
1751634425,5,0.3,desc,0,252.1133891155987,,,0.5
1751634425,5,0.3,max_period,264.5,252.1133891155987,0.9531697131024526,safe,0.4
1751634425,5,0.3,min_period,264.5,252.1133891155987,0.9531697131024526,safe,0.4
1751634425,5,0.4,asc,276.0,262.89351349695426,0.9525127300614284,safe,0.5
1751634425,5,0.4,desc,0,262.89351349695426,,,0.6
1751634425,5,0.4,max_period,276.0,262.89351349695426,0.9525127300614284,safe,0.5
1751634425,5,0.4,min_period,0,262.89351349695426,,,0.6
1751634425,5,0.5,asc,287.5,273.8185313847898,0.9524122830775298,safe,0.6
1751634425,5,0.5,desc,0,273.8185313847898,,,0.6
1751634425,5,0.5,max_period,287.5,273.8185313847898,0.9524122830775298,safe,0.6
1751634425,5,0.5,min_period,0,273.8185313847898,,,0.7
1751634425,8,0,asc,2139.2613412305773,2115.5898865696804,0.9889347532231475,safe,0.2
1751634425,8,0,desc,2148.0,2115.5898865696804,0.9849114928164248,safe,0.1
1751634425,8,0,max_period,2148.0,2115.5898865696804,0.9849114928164248,safe,0.2
1751634425,8,0,min_period,2139.2613412305773,2115.5898865696804,0.9889347532231475,safe,0.2
1751634425,8,0.02,asc,2160.3213412305777,2135.652402175496,0.9885808936919404,safe,0.3
1751634425,8,0.02,desc,2169.48,2135.652402175496,0.984407508792658,safe,0.2
1751634425,8,0.02,max_period,2169.4799999999996,2135.652402175496,0.9844075087926583,safe,0.3
1751634425,8,0.02,min_period,2160.3213412305777,2135.652402175496,0.9885808936919404,safe,0.3
1751634425,8,0.05,asc,2191.911341230578,2155.0485272301758,0.9831823425943375,safe,0.3
1751634425,8,0.05,desc,2201.7,2155.0485272301758,0.9788111583004842,safe,0.2
1751634425,8,0.05,max_period,2201.7,2155.0485272301758,0.9788111583004842,safe,0.3
1751634425,8,0.05,min_period,2191.911341230578,2155.0485272301758,0.9831823425943375,safe,0.3
1751634425,8,0.1,asc,2244.5613412305775,2174.86131655805,0.9689471508787929,safe,0.3
1751634425,8,0.1,desc,2255.4000000000005,2174.86131655805,0.9642907318249754,safe,0.3
1751634425,8,0.1,max_period,2255.399999999999,2174.86131655805,0.9642907318249759,safe,0.3
1751634425,8,0.1,min_period,2244.5613412305775,2174.86131655805,0.9689471508787929,safe,0.3
1751634425,8,0.2,asc,2349.8613412305776,2295.4375777376854,0.9768395851542493,safe,0.4
1751634425,8,0.2,desc,2362.7999999999997,2295.4375777376854,0.9714904256550219,safe,0.6
1751634425,8,0.2,max_period,2362.8,2295.4375777376854,0.9714904256550216,safe,0.4
1751634425,8,0.2,min_period,2349.8613412305776,2295.4375777376854,0.9768395851542493,safe,0.4
1751634425,8,0.3,asc,2455.161341230578,2376.5561668429827,0.9679837031206281,safe,0.5
1751634425,8,0.3,desc,0,2376.5561668429827,,,0.8
1751634425,8,0.3,max_period,2470.2000000000003,2376.5561668429827,0.9620905865286141,safe,0.5
1751634425,8,0.3,min_period,2455.161341230578,2376.5561668429827,0.9679837031206281,safe,0.5
1751634425,8,0.4,asc,0,2454.9655665156456,,,0.8
1751634425,8,0.4,desc,0,2454.9655665156456,,,0.9
1751634425,8,0.4,max_period,2577.6,2454.9655665156456,0.9524230161839097,safe,0.6
1751634425,8,0.4,min_period,0,2454.9655665156456,,,0.8
1751634425,8,0.5,asc,0,2552.9342680420887,,,0.9
1751634425,8,0.5,desc,0,2552.9342680420887,,,1.0
1751634425,8,0.5,max_period,2685.0,2552.9342680420887,0.9508135076506848,safe,0.7
1751634425,8,0.5,min_period,0,2552.9342680420887,,,0.9
1751634425,10,0,asc,3062.0,2183.7073859579355,0.7131637445976275,safe,0.1
1751634425,10,0,desc,3058.308533076658,2183.7073859579355,0.7140245538801562,safe,0.1
1751634425,10,0,max_period,3062.0,2183.7073859579355,0.7131637445976275,safe,0.1
1751634425,10,0,min_period,3058.308533076658,2183.7073859579355,0.7140245538801562,safe,0.2
1751634425,10,0.02,asc,3092.62,2744.6766418061566,0.8874923662804214,safe,0.1
1751634425,10,0.02,desc,3086.9285330766584,2744.6766418061566,0.8891286637823815,safe,0.1
1751634425,10,0.02,max_period,3092.62,2744.6766418061566,0.8874923662804214,safe,0.1
1751634425,10,0.02,min_period,3086.928533076657,2744.6766418061566,0.889128663782382,safe,0.2
1751634425,10,0.05,asc,3138.5499999999997,2954.227894444496,0.9412715726830849,safe,0.1
1751634425,10,0.05,desc,0,2954.227894444496,,,0.3
1751634425,10,0.05,max_period,3138.5499999999997,2954.227894444496,0.9412715726830849,safe,0.2
1751634425,10,0.05,min_period,0,2954.227894444496,,,0.3
1751634425,10,0.1,asc,3215.1000000000004,3025.2792351607523,0.9409596078382483,safe,0.5
1751634425,10,0.1,desc,0,3025.2792351607523,,,0.5
1751634425,10,0.1,max_period,3215.1000000000004,3025.2792351607523,0.9409596078382483,safe,0.4
1751634425,10,0.1,min_period,0,3025.2792351607523,,,0.6
1751634425,10,0.2,asc,3368.2000000000003,3036.154807182368,0.9014176139131785,safe,0.7
1751634425,10,0.2,desc,0,3036.154807182368,,,0.6
1751634425,10,0.2,max_period,3368.2000000000003,3036.154807182368,0.9014176139131785,safe,0.5
1751634425,10,0.2,min_period,0,3036.154807182368,,,0.7
1751634425,10,0.3,asc,0,3113.8444139196417,,,0.9
1751634425,10,0.3,desc,0,3113.8444139196417,,,0.7
1751634425,10,0.3,max_period,0,3113.8444139196417,,,0.7
1751634425,10,0.3,min_period,0,3113.8444139196417,,,0.8
1751634425,10,0.4,asc,0,3275.1467369383013,,,0.9
1751634425,10,0.4,desc,0,3275.1467369383013,,,0.8
1751634425,10,0.4,max_period,0,3275.1467369383013,,,0.7
1751634425,10,0.4,min_period,0,3275.1467369383013,,,0.9
1751634425,10,0.5,asc,0,3425.4207415790825,,,1.0
1751634425,10,0.5,desc,0,3425.4207415790825,,,0.9
1751634425,10,0.5,max_period,0,3425.4207415790825,,,0.9
1751634425,10,0.5,min_period,0,3425.4207415790825,,,1.0
1751634426,3,0,asc,168.67943498288045,161.57874882997535,0.9579042569497238,safe,0.0
1751634426,3,0,desc,180.0,161.57874882997535,0.8976597157220852,safe,0.0
1751634426,3,0,max_period,180.0,161.57874882997535,0.8976597157220852,safe,0.0
1751634426,3,0,min_period,168.67943498288045,161.57874882997535,0.9579042569497238,safe,0.0
1751634426,3,0.02,asc,170.07943498288046,162.5075781397827,0.9554804680303653,safe,0.0
1751634426,3,0.02,desc,181.8,162.5075781397827,0.8938810678755924,safe,0.0
1751634426,3,0.02,max_period,181.8,162.5075781397827,0.8938810678755924,safe,0.0
1751634426,3,0.02,min_period,170.07943498288046,162.5075781397827,0.9554804680303653,safe,0.0
1751634426,3,0.05,asc,172.17943498288045,163.49694375143827,0.949573006600321,safe,0.0
1751634426,3,0.05,desc,184.5,163.49694375143827,0.886162296755763,safe,0.0
1751634426,3,0.05,max_period,184.5,163.49694375143827,0.886162296755763,safe,0.0
1751634426,3,0.05,min_period,172.17943498288045,163.49694375143827,0.949573006600321,safe,0.0
1751634426,3,0.1,asc,175.67943498288045,165.99650777396118,0.9448829784211064,safe,0.1
1751634426,3,0.1,desc,0,165.99650777396118,,,0.2
1751634426,3,0.1,max_period,0,165.99650777396118,,,0.2
1751634426,3,0.1,min_period,175.67943498288045,165.99650777396118,0.9448829784211064,safe,0.1
1751634426,3,0.2,asc,182.67943498288045,171.4077527554009,0.9382980233733706,safe,0.2
1751634426,3,0.2,desc,0,171.4077527554009,,,0.4
1751634426,3,0.2,max_period,0,171.4077527554009,,,0.4
1751634426,3,0.2,min_period,182.67943498288045,171.4077527554009,0.9382980233733706,safe,0.2
1751634426,3,0.3,asc,189.67943498288045,172.59402011760585,0.9099247903874416,safe,0.3
1751634426,3,0.3,desc,0,172.59402011760585,,,0.5
1751634426,3,0.3,max_period,0,172.59402011760585,,,0.5
1751634426,3,0.3,min_period,189.67943498288045,172.59402011760585,0.9099247903874416,safe,0.3
1751634426,3,0.4,asc,196.67943498288045,189.56802655874617,0.9638426436157228,safe,0.5
1751634426,3,0.4,desc,0,189.56802655874617,,,0.6
1751634426,3,0.4,max_period,0,189.56802655874617,,,0.6
1751634426,3,0.4,min_period,196.67943498288045,189.56802655874617,0.9638426436157228,safe,0.5
1751634426,3,0.5,asc,0,194.86457445260476,,,0.6
1751634426,3,0.5,desc,0,194.86457445260476,,,0.6
1751634426,3,0.5,max_period,0,194.86457445260476,,,0.6
1751634426,3,0.5,min_period,0,194.86457445260476,,,0.6
1751634426,5,0,asc,349.62191569214747,335.0302812523851,0.9582645315272207,safe,0.1
1751634426,5,0,desc,360.0,335.0302812523851,0.9306396701455142,safe,0.1
1751634426,5,0,max_period,360.0,335.0302812523851,0.9306396701455142,safe,0.1
1751634426,5,0,min_period,349.62191569214747,335.0302812523851,0.9582645315272207,safe,0.1
1751634426,5,0.02,asc,352.8219156921474,335.94743272653614,0.9521728038562803,safe,0.1
1751634426,5,0.02,desc,363.59999999999997,335.94743272653614,0.9239478347814526,safe,0.1
1751634426,5,0.02,max_period,363.6,335.94743272653614,0.9239478347814525,safe,0.1
1751634426,5,0.02,min_period,352.8219156921474,335.94743272653614,0.9521728038562803,safe,0.1
1751634426,5,0.05,asc,357.62191569214747,337.38564442238055,0.9434143424051591,safe,0.2
1751634426,5,0.05,desc,369.0,337.38564442238055,0.9143242396270476,safe,0.2
1751634426,5,0.05,max_period,369.0,337.38564442238055,0.9143242396270476,safe,0.2
1751634426,5,0.05,min_period,357.62191569214747,337.38564442238055,0.9434143424051591,safe,0.2
1751634426,5,0.1,asc,365.62191569214747,338.85911355464896,0.9268019749668597,safe,0.3
1751634426,5,0.1,desc,378.0,338.85911355464896,0.8964526813615051,safe,0.3
1751634426,5,0.1,max_period,378.0,338.85911355464896,0.8964526813615051,safe,0.3
1751634426,5,0.1,min_period,365.62191569214747,338.85911355464896,0.9268019749668597,safe,0.3
1751634426,5,0.2,asc,381.62191569214747,344.6323857065081,0.9030728360593456,safe,0.3
1751634426,5,0.2,desc,396.0,344.6323857065081,0.8702838022891619,safe,0.3
1751634426,5,0.2,max_period,396.0,344.6323857065081,0.8702838022891619,safe,0.3
1751634426,5,0.2,min_period,381.62191569214747,344.6323857065081,0.9030728360593456,safe,0.3
1751634426,5,0.3,asc,397.62191569214747,348.39272993296936,0.8761909647925618,safe,0.4
1751634426,5,0.3,desc,414.0,348.39272993296936,0.8415283331714236,safe,0.5
1751634426,5,0.3,max_period,414.0,348.39272993296936,0.8415283331714236,safe,0.4
1751634426,5,0.3,min_period,397.62191569214747,348.39272993296936,0.8761909647925618,safe,0.4
1751634426,5,0.4,asc,0,352.1665814970411,,,0.5
1751634426,5,0.4,desc,0,352.1665814970411,,,0.6
1751634426,5,0.4,max_period,0,352.1665814970411,,,0.5
1751634426,5,0.4,min_period,0,352.1665814970411,,,0.6
1751634426,5,0.5,asc,0,358.8027665036261,,,0.6
1751634426,5,0.5,desc,0,358.8027665036261,,,0.6
1751634426,5,0.5,max_period,0,358.8027665036261,,,0.6
1751634426,5,0.5,min_period,0,358.8027665036261,,,0.7
1751634426,8,0,asc,1075.3618053028654,957.5222249622493,0.890418666759856,safe,0.2
1751634426,8,0,desc,1075.3618053028654,957.5222249622493,0.890418666759856,safe,0.1
1751634426,8,0,max_period,1075.3618053028654,957.5222249622493,0.890418666759856,safe,0.2
1751634426,8,0,min_period,1075.3618053028654,957.5222249622493,0.890418666759856,safe,0.2
1751634426,8,0.02,asc,1082.3618053028654,961.5125408676577,0.8883467026985568,safe,0.3
1751634426,8,0.02,desc,1082.3618053028654,961.5125408676577,0.8883467026985568,safe,0.2
1751634426,8,0.02,max_period,1082.3618053028654,961.5125408676577,0.8883467026985568,safe,0.3
1751634426,8,0.02,min_period,1082.3618053028654,961.5125408676577,0.8883467026985568,safe,0.3
1751634426,8,0.05,asc,1092.8618053028654,1052.3504299835322,0.9629309258290839,safe,0.3
1751634426,8,0.05,desc,1092.8618053028654,1052.3504299835322,0.9629309258290839,safe,0.2
1751634426,8,0.05,max_period,1092.8618053028654,1052.3504299835322,0.9629309258290839,safe,0.3
1751634426,8,0.05,min_period,1092.8618053028654,1052.3504299835322,0.9629309258290839,safe,0.3
1751634426,8,0.1,asc,1110.3618053028654,1076.5937760080888,0.9695882647138011,safe,0.3
1751634426,8,0.1,desc,1110.3618053028654,1076.5937760080888,0.9695882647138011,safe,0.3
1751634426,8,0.1,max_period,1110.3618053028654,1076.5937760080888,0.9695882647138011,safe,0.3
1751634426,8,0.1,min_period,1110.3618053028654,1076.5937760080888,0.9695882647138011,safe,0.3
1751634426,8,0.2,asc,0,1072.9855203094476,,,0.4
1751634426,8,0.2,desc,0,1072.9855203094476,,,0.6
1751634426,8,0.2,max_period,0,1072.9855203094476,,,0.4
1751634426,8,0.2,min_period,0,1072.9855203094476,,,0.4
1751634426,8,0.3,asc,0,1110.1276200410066,,,0.5
1751634426,8,0.3,desc,0,1110.1276200410066,,,0.8
1751634426,8,0.3,max_period,0,1110.1276200410066,,,0.5
1751634426,8,0.3,min_period,0,1110.1276200410066,,,0.5
1751634426,8,0.4,asc,0,1122.2158619072852,,,0.8
1751634426,8,0.4,desc,0,1122.2158619072852,,,0.9
1751634426,8,0.4,max_period,0,1122.2158619072852,,,0.6
1751634426,8,0.4,min_period,0,1122.2158619072852,,,0.8
1751634426,8,0.5,asc,0,1113.6070705502625,,,0.9
1751634426,8,0.5,desc,0,1113.6070705502625,,,1.0
1751634426,8,0.5,max_period,0,1113.6070705502625,,,0.7
1751634426,8,0.5,min_period,0,1113.6070705502625,,,0.9
1751634426,10,0,asc,3039.0597044537367,2424.1531102589724,0.7976655103900658,safe,0.1
1751634426,10,0,desc,3106.877528879192,2424.1531102589724,0.7802538361186986,safe,0.1
1751634426,10,0,max_period,3122.0,2424.1531102589724,0.7764744107171596,safe,0.1
1751634426,10,0,min_period,3039.0597044537367,2424.1531102589724,0.7976655103900658,safe,0.2
1751634426,10,0.02,asc,3066.279704453737,2794.0906802663276,0.9112315084002096,safe,0.1
1751634426,10,0.02,desc,3137.6975288791923,2794.0906802663276,0.8904907673699181,safe,0.1
1751634426,10,0.02,max_period,3153.2200000000003,2794.0906802663276,0.8861071159850336,safe,0.1
1751634426,10,0.02,min_period,3066.279704453737,2794.0906802663276,0.9112315084002096,safe,0.2
1751634426,10,0.05,asc,3107.109704453737,2814.2526847898025,0.9057461604126328,safe,0.1
1751634426,10,0.05,desc,3183.9275288791923,2814.2526847898025,0.88389344897573,safe,0.3
1751634426,10,0.05,max_period,3200.05,2814.2526847898025,0.8794402227433329,safe,0.2
1751634426,10,0.05,min_period,3107.109704453737,2814.2526847898025,0.9057461604126328,safe,0.3
1751634426,10,0.1,asc,3175.1597044537366,2853.4924628767913,0.8986925787935175,safe,0.5
1751634426,10,0.1,desc,3260.977528879192,2853.4924628767913,0.8750420503073952,safe,0.5
1751634426,10,0.1,max_period,3278.1,2853.4924628767913,0.8704714508028405,safe,0.4
1751634426,10,0.1,min_period,3175.1597044537366,2853.4924628767913,0.8986925787935175,safe,0.6
1751634426,10,0.2,asc,0,3012.870466330323,,,0.7
1751634426,10,0.2,desc,3415.077528879192,3012.870466330323,0.8822260815024978,safe,0.6
1751634426,10,0.2,max_period,3434.2,3012.870466330323,0.8773136294712955,safe,0.5
1751634426,10,0.2,min_period,3311.259704453737,3012.870466330323,0.9098864889026759,safe,0.7
1751634426,10,0.3,asc,0,3174.246350536366,,,0.9
1751634426,10,0.3,desc,0,3174.246350536366,,,0.7
1751634426,10,0.3,max_period,0,3174.246350536366,,,0.7
1751634426,10,0.3,min_period,3447.359704453737,3174.246350536366,0.9207760787003085,safe,0.8
1751634426,10,0.4,asc,0,3262.192144955756,,,0.9
1751634426,10,0.4,desc,0,3262.192144955756,,,0.8
1751634426,10,0.4,max_period,0,3262.192144955756,,,0.7
1751634426,10,0.4,min_period,0,3262.192144955756,,,0.9
1751634426,10,0.5,asc,0,3315.9167474123406,,,1.0
1751634426,10,0.5,desc,0,3315.9167474123406,,,0.9
1751634426,10,0.5,max_period,0,3315.9167474123406,,,0.9
1751634426,10,0.5,min_period,0,3315.9167474123406,,,1.0
1751634427,3,0,asc,340.0,247.496195165337,0.727929985780403,safe,0.0
1751634427,3,0,desc,340.0,247.496195165337,0.727929985780403,safe,0.0
1751634427,3,0,max_period,340.0,247.496195165337,0.727929985780403,safe,0.0
1751634427,3,0,min_period,340.0,247.496195165337,0.727929985780403,safe,0.0
1751634427,3,0.02,asc,343.4,309.43750419595335,0.901099313325432,safe,0.0
1751634427,3,0.02,desc,343.4,309.43750419595335,0.901099313325432,safe,0.0
1751634427,3,0.02,max_period,343.4,309.43750419595335,0.901099313325432,safe,0.0
1751634427,3,0.02,min_period,343.4,309.43750419595335,0.901099313325432,safe,0.0
1751634427,3,0.05,asc,348.5,312.31684681895877,0.8961745963241284,safe,0.0
1751634427,3,0.05,desc,348.5,312.31684681895877,0.8961745963241284,safe,0.0
1751634427,3,0.05,max_period,348.5,312.31684681895877,0.8961745963241284,safe,0.0
1751634427,3,0.05,min_period,348.5,312.31684681895877,0.8961745963241284,safe,0.0
1751634427,3,0.1,asc,357.0,316.87747886510783,0.8876119856165485,safe,0.1
1751634427,3,0.1,desc,357.0,316.87747886510783,0.8876119856165485,safe,0.2
1751634427,3,0.1,max_period,357.0,316.87747886510783,0.8876119856165485,safe,0.2
1751634427,3,0.1,min_period,357.0,316.87747886510783,0.8876119856165485,safe,0.1
1751634427,3,0.2,asc,374.0,326.3858449223526,0.8726894249260765,safe,0.2
1751634427,3,0.2,desc,0,326.3858449223526,,,0.4
1751634427,3,0.2,max_period,0,326.3858449223526,,,0.4
1751634427,3,0.2,min_period,374.0,326.3858449223526,0.8726894249260765,safe,0.2
1751634427,3,0.3,asc,391.0,336.2978174954742,0.8600967199372741,safe,0.3
1751634427,3,0.3,desc,0,336.2978174954742,,,0.5
1751634427,3,0.3,max_period,0,336.2978174954742,,,0.5
1751634427,3,0.3,min_period,391.0,336.2978174954742,0.8600967199372741,safe,0.3
1751634427,3,0.4,asc,0,339.74022120911377,,,0.5
1751634427,3,0.4,desc,0,339.74022120911377,,,0.6
1751634427,3,0.4,max_period,0,339.74022120911377,,,0.6
1751634427,3,0.4,min_period,0,339.74022120911377,,,0.5
1751634427,3,0.5,asc,0,355.6494140244122,,,0.6
1751634427,3,0.5,desc,0,355.6494140244122,,,0.6
1751634427,3,0.5,max_period,0,355.6494140244122,,,0.6
1751634427,3,0.5,min_period,0,355.6494140244122,,,0.6
1751634427,5,0,asc,0,989.6832747930762,,,0.1
1751634427,5,0,desc,0,989.6832747930762,,,0.1
1751634427,5,0,max_period,0,989.6832747930762,,,0.1
1751634427,5,0,min_period,0,989.6832747930762,,,0.1
1751634427,5,0.02,asc,0,993.2391301408352,,,0.1
1751634427,5,0.02,desc,0,993.2391301408352,,,0.1
1751634427,5,0.02,max_period,0,993.2391301408352,,,0.1
1751634427,5,0.02,min_period,0,993.2391301408352,,,0.1
1751634427,5,0.05,asc,0,999.4518850859822,,,0.2
1751634427,5,0.05,desc,0,999.4518850859822,,,0.2
1751634427,5,0.05,max_period,0,999.4518850859822,,,0.2
1751634427,5,0.05,min_period,0,999.4518850859822,,,0.2
1751634427,5,0.1,asc,0,1008.2995101239885,,,0.3
1751634427,5,0.1,desc,0,1008.2995101239885,,,0.3
1751634427,5,0.1,max_period,0,1008.2995101239885,,,0.3
1751634427,5,0.1,min_period,0,1008.2995101239885,,,0.3
1751634427,5,0.2,asc,0,1028.8520768831659,,,0.3
1751634427,5,0.2,desc,0,1028.8520768831659,,,0.3
1751634427,5,0.2,max_period,0,1028.8520768831659,,,0.3
1751634427,5,0.2,min_period,0,1028.8520768831659,,,0.3
1751634427,5,0.3,asc,0,1045.2585424179706,,,0.4
1751634427,5,0.3,desc,0,1045.2585424179706,,,0.5
1751634427,5,0.3,max_period,0,1045.2585424179706,,,0.4
1751634427,5,0.3,min_period,0,1045.2585424179706,,,0.4
1751634427,5,0.4,asc,0,1249.1875946942018,,,0.5
1751634427,5,0.4,desc,0,1249.1875946942018,,,0.6
1751634427,5,0.4,max_period,0,1249.1875946942018,,,0.5
1751634427,5,0.4,min_period,0,1249.1875946942018,,,0.6
1751634427,5,0.5,asc,0,1260.247481091465,,,0.6
1751634427,5,0.5,desc,0,1260.247481091465,,,0.6
1751634427,5,0.5,max_period,0,1260.247481091465,,,0.6
1751634427,5,0.5,min_period,0,1260.247481091465,,,0.7
1751634427,8,0,asc,0,489.5276213265441,,,0.2
1751634427,8,0,desc,0,489.5276213265441,,,0.1
1751634427,8,0,max_period,0,489.5276213265441,,,0.2
1751634427,8,0,min_period,0,489.5276213265441,,,0.2
1751634427,8,0.02,asc,0,496.46077261881396,,,0.3
1751634427,8,0.02,desc,0,496.46077261881396,,,0.2
1751634427,8,0.02,max_period,0,496.46077261881396,,,0.3
1751634427,8,0.02,min_period,0,496.46077261881396,,,0.3
1751634427,8,0.05,asc,0,499.2527312633363,,,0.3
1751634427,8,0.05,desc,0,499.2527312633363,,,0.2
1751634427,8,0.05,max_period,0,499.2527312633363,,,0.3
1751634427,8,0.05,min_period,0,499.2527312633363,,,0.3
1751634427,8,0.1,asc,0,503.85426206107616,,,0.3
1751634427,8,0.1,desc,0,503.85426206107616,,,0.3
1751634427,8,0.1,max_period,0,503.85426206107616,,,0.3
1751634427,8,0.1,min_period,0,503.85426206107616,,,0.3
1751634427,8,0.2,asc,0,509.5436606259541,,,0.4
1751634427,8,0.2,desc,0,509.5436606259541,,,0.6
1751634427,8,0.2,max_period,0,509.5436606259541,,,0.4
1751634427,8,0.2,min_period,0,509.5436606259541,,,0.4
1751634427,8,0.3,asc,0,518.7603491255118,,,0.5
1751634427,8,0.3,desc,0,518.7603491255118,,,0.8
1751634427,8,0.3,max_period,0,518.7603491255118,,,0.5
1751634427,8,0.3,min_period,0,518.7603491255118,,,0.5
1751634427,8,0.4,asc,0,524.6669009373311,,,0.8
1751634427,8,0.4,desc,0,524.6669009373311,,,0.9
1751634427,8,0.4,max_period,0,524.6669009373311,,,0.6
1751634427,8,0.4,min_period,0,524.6669009373311,,,0.8
1751634427,8,0.5,asc,0,535.7856324780691,,,0.9
1751634427,8,0.5,desc,0,535.7856324780691,,,1.0
1751634427,8,0.5,max_period,0,535.7856324780691,,,0.7
1751634427,8,0.5,min_period,0,535.7856324780691,,,0.9
1751634427,10,0,asc,1176.2712713562337,983.4193077341337,0.8360480542896004,safe,0.1
1751634427,10,0,desc,0,983.4193077341337,,,0.1
1751634427,10,0,max_period,0,983.4193077341337,,,0.1
1751634427,10,0,min_period,0,983.4193077341337,,,0.2
1751634427,10,0.02,asc,1183.6112713562336,1076.9933656015826,0.9099215187157828,safe,0.1
1751634427,10,0.02,desc,0,1076.9933656015826,,,0.1
1751634427,10,0.02,max_period,0,1076.9933656015826,,,0.1
1751634427,10,0.02,min_period,0,1076.9933656015826,,,0.2
1751634427,10,0.05,asc,1194.6212713562336,1080.820918905478,0.9047393888093421,safe,0.1
1751634427,10,0.05,desc,0,1080.820918905478,,,0.3
1751634427,10,0.05,max_period,0,1080.820918905478,,,0.2
1751634427,10,0.05,min_period,0,1080.820918905478,,,0.3
1751634427,10,0.1,asc,0,1124.9793898251237,,,0.5
1751634427,10,0.1,desc,0,1124.9793898251237,,,0.5
1751634427,10,0.1,max_period,0,1124.9793898251237,,,0.4
1751634427,10,0.1,min_period,0,1124.9793898251237,,,0.6
1751634427,10,0.2,asc,0,1145.7255497820445,,,0.7
1751634427,10,0.2,desc,0,1145.7255497820445,,,0.6
1751634427,10,0.2,max_period,0,1145.7255497820445,,,0.5
1751634427,10,0.2,min_period,0,1145.7255497820445,,,0.7
1751634427,10,0.3,asc,0,1154.158548397258,,,0.9
1751634427,10,0.3,desc,0,1154.158548397258,,,0.7
1751634427,10,0.3,max_period,0,1154.158548397258,,,0.7
1751634427,10,0.3,min_period,0,1154.158548397258,,,0.8
1751634427,10,0.4,asc,0,1190.9546052887727,,,0.9
1751634427,10,0.4,desc,0,1190.9546052887727,,,0.8
1751634427,10,0.4,max_period,0,1190.9546052887727,,,0.7
1751634427,10,0.4,min_period,0,1190.9546052887727,,,0.9
1751634427,10,0.5,asc,0,1190.2061379217687,,,1.0
1751634427,10,0.5,desc,0,1190.2061379217687,,,0.9
1751634427,10,0.5,max_period,0,1190.2061379217687,,,0.9
1751634427,10,0.5,min_period,0,1190.2061379217687,,,1.0
1751634428,3,0,asc,2404.0,1543.2134863796962,0.641935726447461,safe,0.0
1751634428,3,0,desc,2404.0,1543.2134863796962,0.641935726447461,safe,0.0
1751634428,3,0,max_period,2404.0,1543.2134863796962,0.641935726447461,safe,0.0
1751634428,3,0,min_period,2404.0,1543.2134863796962,0.641935726447461,safe,0.0
1751634428,3,0.02,asc,2428.04,2290.9487716577423,0.9435383155375292,safe,0.0
1751634428,3,0.02,desc,2428.04,2290.9487716577423,0.9435383155375292,safe,0.0
1751634428,3,0.02,max_period,2428.04,2290.9487716577423,0.9435383155375292,safe,0.0
1751634428,3,0.02,min_period,2428.04,2290.9487716577423,0.9435383155375292,safe,0.0
1751634428,3,0.05,asc,2464.1,2292.4602374335896,0.9303438324067975,safe,0.0
1751634428,3,0.05,desc,2464.1,2292.4602374335896,0.9303438324067975,safe,0.0
1751634428,3,0.05,max_period,2464.1,2292.4602374335896,0.9303438324067975,safe,0.0
1751634428,3,0.05,min_period,2464.1,2292.4602374335896,0.9303438324067975,safe,0.0
1751634428,3,0.1,asc,2524.2,2409.888180681097,0.9547136441966155,safe,0.1
1751634428,3,0.1,desc,2524.2,2409.888180681097,0.9547136441966155,safe,0.2
1751634428,3,0.1,max_period,2524.2,2409.888180681097,0.9547136441966155,safe,0.2
1751634428,3,0.1,min_period,2524.2,2409.888180681097,0.9547136441966155,safe,0.1
1751634428,3,0.2,asc,2644.3999999999996,2474.387378718166,0.9357084324301037,safe,0.2
1751634428,3,0.2,desc,2644.4,2474.387378718166,0.9357084324301036,safe,0.4
1751634428,3,0.2,max_period,2644.3999999999996,2474.387378718166,0.9357084324301037,safe,0.4
1751634428,3,0.2,min_period,2644.3999999999996,2474.387378718166,0.9357084324301037,safe,0.2
1751634428,3,0.3,asc,2764.6,2476.59462444754,0.8958238531605078,safe,0.3
1751634428,3,0.3,desc,2764.6,2476.59462444754,0.8958238531605078,safe,0.5
1751634428,3,0.3,max_period,2764.6,2476.59462444754,0.8958238531605078,safe,0.5
1751634428,3,0.3,min_period,2764.6,2476.59462444754,0.8958238531605078,safe,0.3
1751634428,3,0.4,asc,2884.7999999999997,2587.568167465665,0.8969662255496621,safe,0.5
1751634428,3,0.4,desc,2884.7999999999997,2587.568167465665,0.8969662255496621,safe,0.6
1751634428,3,0.4,max_period,2884.7999999999997,2587.568167465665,0.8969662255496621,safe,0.6
1751634428,3,0.4,min_period,2884.7999999999997,2587.568167465665,0.8969662255496621,safe,0.5
1751634428,3,0.5,asc,3005.0,2699.3482045059905,0.898285592181694,safe,0.6
1751634428,3,0.5,desc,3005.0,2699.3482045059905,0.898285592181694,safe,0.6
1751634428,3,0.5,max_period,3005.0,2699.3482045059905,0.898285592181694,safe,0.6
1751634428,3,0.5,min_period,3005.0,2699.3482045059905,0.898285592181694,safe,0.6
1751634428,5,0,asc,2442.0,1498.6024880340274,0.6136783325282668,safe,0.1
1751634428,5,0,desc,2442.0,1498.6024880340274,0.6136783325282668,safe,0.1
1751634428,5,0,max_period,2442.0,1498.6024880340274,0.6136783325282668,safe,0.1
1751634428,5,0,min_period,2442.0,1498.6024880340274,0.6136783325282668,safe,0.1
1751634428,5,0.02,asc,2466.42,2434.441325612839,0.9870343759833439,safe,0.1
1751634428,5,0.02,desc,2466.42,2434.441325612839,0.9870343759833439,safe,0.1
1751634428,5,0.02,max_period,2466.42,2434.441325612839,0.9870343759833439,safe,0.1
1751634428,5,0.02,min_period,2466.42,2434.441325612839,0.9870343759833439,safe,0.1
1751634428,5,0.05,asc,2503.05,2457.085781812327,0.9816367159314943,safe,0.2
1751634428,5,0.05,desc,2503.05,2457.085781812327,0.9816367159314943,safe,0.2
1751634428,5,0.05,max_period,2503.05,2457.085781812327,0.9816367159314943,safe,0.2
1751634428,5,0.05,min_period,2503.05,2457.085781812327,0.9816367159314943,safe,0.2
1751634428,5,0.1,asc,2564.1,2493.3423279425915,0.972404480302091,safe,0.3
1751634428,5,0.1,desc,2564.1,2493.3423279425915,0.972404480302091,safe,0.3
1751634428,5,0.1,max_period,2564.1,2493.3423279425915,0.972404480302091,safe,0.3
1751634428,5,0.1,min_period,2564.1,2493.3423279425915,0.972404480302091,safe,0.3
1751634428,5,0.2,asc,2686.2,2569.8358139066386,0.956680743766897,safe,0.3
1751634428,5,0.2,desc,2686.2,2569.8358139066386,0.956680743766897,safe,0.3
1751634428,5,0.2,max_period,2686.2,2569.8358139066386,0.956680743766897,safe,0.3
1751634428,5,0.2,min_period,2686.2,2569.8358139066386,0.956680743766897,safe,0.3
1751634428,5,0.3,asc,2808.2999999999997,2635.93627315539,0.9386234637166223,safe,0.4
1751634428,5,0.3,desc,2808.2999999999993,2635.93627315539,0.9386234637166224,safe,0.5
1751634428,5,0.3,max_period,2808.2999999999993,2635.93627315539,0.9386234637166224,safe,0.4
1751634428,5,0.3,min_period,2808.2999999999997,2635.93627315539,0.9386234637166223,safe,0.4
1751634428,5,0.4,asc,2930.3999999999996,2695.081084876604,0.9196973399114812,safe,0.5
1751634428,5,0.4,desc,2930.4000000000005,2695.081084876604,0.9196973399114808,safe,0.6
1751634428,5,0.4,max_period,2930.4000000000005,2695.081084876604,0.9196973399114808,safe,0.5
1751634428,5,0.4,min_period,2930.3999999999996,2695.081084876604,0.9196973399114812,safe,0.6
1751634428,5,0.5,asc,3052.5,2807.9929433879915,0.9198994081533142,safe,0.6
1751634428,5,0.5,desc,3052.5,2807.9929433879915,0.9198994081533142,safe,0.6
1751634428,5,0.5,max_period,3052.5,2807.9929433879915,0.9198994081533142,safe,0.6
1751634428,5,0.5,min_period,3052.5,2807.9929433879915,0.9198994081533142,safe,0.7
1751634428,8,0,asc,301.4646680264867,255.6533988322436,0.848037683838233,safe,0.2
1751634428,8,0,desc,301.4646680264867,255.6533988322436,0.848037683838233,safe,0.1
1751634428,8,0,max_period,301.4646680264867,255.6533988322436,0.848037683838233,safe,0.2
1751634428,8,0,min_period,301.4646680264867,255.6533988322436,0.848037683838233,safe,0.2
1751634428,8,0.02,asc,0,297.5715641757846,,,0.3
1751634428,8,0.02,desc,0,297.5715641757846,,,0.2
1751634428,8,0.02,max_period,0,297.5715641757846,,,0.3
1751634428,8,0.02,min_period,0,297.5715641757846,,,0.3
1751634428,8,0.05,asc,0,299.2750796352312,,,0.3
1751634428,8,0.05,desc,0,299.2750796352312,,,0.2
1751634428,8,0.05,max_period,0,299.2750796352312,,,0.3
1751634428,8,0.05,min_period,0,299.2750796352312,,,0.3
1751634428,8,0.1,asc,0,302.48893608869224,,,0.3
1751634428,8,0.1,desc,0,302.48893608869224,,,0.3
1751634428,8,0.1,max_period,0,302.48893608869224,,,0.3
1751634428,8,0.1,min_period,0,302.48893608869224,,,0.3
1751634428,8,0.2,asc,0,307.17687123203353,,,0.4
1751634428,8,0.2,desc,0,307.17687123203353,,,0.6
1751634428,8,0.2,max_period,0,307.17687123203353,,,0.4
1751634428,8,0.2,min_period,0,307.17687123203353,,,0.4
1751634428,8,0.3,asc,0,312.6290396638278,,,0.5
1751634428,8,0.3,desc,0,312.6290396638278,,,0.8
1751634428,8,0.3,max_period,0,312.6290396638278,,,0.5
1751634428,8,0.3,min_period,0,312.6290396638278,,,0.5
1751634428,8,0.4,asc,0,315.2973875637257,,,0.8
1751634428,8,0.4,desc,0,315.2973875637257,,,0.9
1751634428,8,0.4,max_period,0,315.2973875637257,,,0.6
1751634428,8,0.4,min_period,0,315.2973875637257,,,0.8
1751634428,8,0.5,asc,0,349.75576934493154,,,0.9
1751634428,8,0.5,desc,0,349.75576934493154,,,1.0
1751634428,8,0.5,max_period,0,349.75576934493154,,,0.7
1751634428,8,0.5,min_period,0,349.75576934493154,,,0.9
1751634428,10,0,asc,4219.905104402228,3529.2162741491934,0.8363259805220491,safe,0.1
1751634428,10,0,desc,4219.905104402228,3529.2162741491934,0.8363259805220491,safe,0.1
1751634428,10,0,max_period,4219.905104402228,3529.2162741491934,0.8363259805220491,safe,0.1
1751634428,10,0,min_period,4219.905104402228,3529.2162741491934,0.8363259805220491,safe,0.2
1751634428,10,0.02,asc,4240.345104402229,4228.357344758046,0.9971729282996948,safe,0.1
1751634428,10,0.02,desc,4240.345104402228,4228.357344758046,0.9971729282996951,safe,0.1
1751634428,10,0.02,max_period,4240.345104402229,4228.357344758046,0.9971729282996948,safe,0.1
1751634428,10,0.02,min_period,4240.345104402229,4228.357344758046,0.9971729282996948,safe,0.2
1751634428,10,0.05,asc,4271.005104402228,4242.414256848105,0.9933058268826103,safe,0.1
1751634428,10,0.05,desc,4271.005104402228,4242.414256848105,0.9933058268826103,safe,0.3
1751634428,10,0.05,max_period,4271.005104402228,4242.414256848105,0.9933058268826103,safe,0.2
1751634428,10,0.05,min_period,4271.005104402228,4242.414256848105,0.9933058268826103,safe,0.3
1751634428,10,0.1,asc,0,4303.591303103658,,,0.5
1751634428,10,0.1,desc,0,4303.591303103658,,,0.5
1751634428,10,0.1,max_period,0,4303.591303103658,,,0.4
1751634428,10,0.1,min_period,0,4303.591303103658,,,0.6
1751634428,10,0.2,asc,0,4380.050636354699,,,0.7
1751634428,10,0.2,desc,0,4380.050636354699,,,0.6
1751634428,10,0.2,max_period,0,4380.050636354699,,,0.5
1751634428,10,0.2,min_period,0,4380.050636354699,,,0.7
1751634428,10,0.3,asc,0,4405.312943211033,,,0.9
1751634428,10,0.3,desc,0,4405.312943211033,,,0.7
1751634428,10,0.3,max_period,0,4405.312943211033,,,0.7
1751634428,10,0.3,min_period,0,4405.312943211033,,,0.8
1751634428,10,0.4,asc,0,4522.42690176347,,,0.9
1751634428,10,0.4,desc,0,4522.42690176347,,,0.8
1751634428,10,0.4,max_period,0,4522.42690176347,,,0.7
1751634428,10,0.4,min_period,0,4522.42690176347,,,0.9
1751634428,10,0.5,asc,0,4612.48159475144,,,1.0
1751634428,10,0.5,desc,0,4612.48159475144,,,0.9
1751634428,10,0.5,max_period,0,4612.48159475144,,,0.9
1751634428,10,0.5,min_period,0,4612.48159475144,,,1.0
1751634429,3,0,asc,212.0,174.47827509342912,0.8230107315727788,safe,0.0
1751634429,3,0,desc,212.0,174.47827509342912,0.8230107315727788,safe,0.0
1751634429,3,0,max_period,212.0,174.47827509342912,0.8230107315727788,safe,0.0
1751634429,3,0,min_period,212.0,174.47827509342912,0.8230107315727788,safe,0.0
1751634429,3,0.02,asc,214.12,209.3499048329727,0.9777223278207205,safe,0.0
1751634429,3,0.02,desc,214.12,209.3499048329727,0.9777223278207205,safe,0.0
1751634429,3,0.02,max_period,214.12,209.3499048329727,0.9777223278207205,safe,0.0
1751634429,3,0.02,min_period,214.12,209.3499048329727,0.9777223278207205,safe,0.0
1751634429,3,0.05,asc,217.3,211.6282563335191,0.9738990167212107,safe,0.0
1751634429,3,0.05,desc,217.3,211.6282563335191,0.9738990167212107,safe,0.0
1751634429,3,0.05,max_period,217.3,211.6282563335191,0.9738990167212107,safe,0.0
1751634429,3,0.05,min_period,217.3,211.6282563335191,0.9738990167212107,safe,0.0
1751634429,3,0.1,asc,222.6,217.36690175316357,0.9764910231498813,safe,0.1
1751634429,3,0.1,desc,222.6,217.36690175316357,0.9764910231498813,safe,0.2
1751634429,3,0.1,max_period,222.6,217.36690175316357,0.9764910231498813,safe,0.2
1751634429,3,0.1,min_period,222.6,217.36690175316357,0.9764910231498813,safe,0.1
1751634429,3,0.2,asc,233.2,225.93832173137687,0.968860727836093,safe,0.2
1751634429,3,0.2,desc,233.2,225.93832173137687,0.968860727836093,safe,0.4
1751634429,3,0.2,max_period,233.2,225.93832173137687,0.968860727836093,safe,0.4
1751634429,3,0.2,min_period,233.2,225.93832173137687,0.968860727836093,safe,0.2
1751634429,3,0.3,asc,243.8,233.26419835744827,0.9567850629919945,safe,0.3
1751634429,3,0.3,desc,243.8,233.26419835744827,0.9567850629919945,safe,0.5
1751634429,3,0.3,max_period,243.8,233.26419835744827,0.9567850629919945,safe,0.5
1751634429,3,0.3,min_period,243.8,233.26419835744827,0.9567850629919945,safe,0.3
1751634429,3,0.4,asc,254.4,231.7157252375207,0.9108322532921411,safe,0.5
1751634429,3,0.4,desc,254.4,231.7157252375207,0.9108322532921411,safe,0.6
1751634429,3,0.4,max_period,254.4,231.7157252375207,0.9108322532921411,safe,0.6
1751634429,3,0.4,min_period,254.4,231.7157252375207,0.9108322532921411,safe,0.5
1751634429,3,0.5,asc,265.0,257.0517313469967,0.9700065333848932,safe,0.6
1751634429,3,0.5,desc,265.0,257.0517313469967,0.9700065333848932,safe,0.6
1751634429,3,0.5,max_period,265.0,257.0517313469967,0.9700065333848932,safe,0.6
1751634429,3,0.5,min_period,265.0,257.0517313469967,0.9700065333848932,safe,0.6
1751634429,5,0,asc,226.0,162.31693299435972,0.7182165176741581,safe,0.1
1751634429,5,0,desc,226.0,162.31693299435972,0.7182165176741581,safe,0.1
1751634429,5,0,max_period,226.0,162.31693299435972,0.7182165176741581,safe,0.1
1751634429,5,0,min_period,226.0,162.31693299435972,0.7182165176741581,safe,0.1
1751634429,5,0.02,asc,228.26,219.32847687956172,0.9608712734581694,safe,0.1
1751634429,5,0.02,desc,228.26,219.32847687956172,0.9608712734581694,safe,0.1
1751634429,5,0.02,max_period,228.26000000000002,219.32847687956172,0.9608712734581693,safe,0.1
1751634429,5,0.02,min_period,228.26,219.32847687956172,0.9608712734581694,safe,0.1
1751634429,5,0.05,asc,231.64999999999998,222.28949064263193,0.9595920165880939,safe,0.2
1751634429,5,0.05,desc,231.64999999999995,222.28949064263193,0.959592016588094,safe,0.2
1751634429,5,0.05,max_period,231.64999999999998,222.28949064263193,0.9595920165880939,safe,0.2
1751634429,5,0.05,min_period,231.64999999999998,222.28949064263193,0.9595920165880939,safe,0.2
1751634429,5,0.1,asc,237.29999999999998,226.3611897392974,0.9539030330353874,safe,0.3
1751634429,5,0.1,desc,237.3,226.3611897392974,0.9539030330353873,safe,0.3
1751634429,5,0.1,max_period,237.29999999999998,226.3611897392974,0.9539030330353874,safe,0.3
1751634429,5,0.1,min_period,237.29999999999998,226.3611897392974,0.9539030330353874,safe,0.3
1751634429,5,0.2,asc,248.6,232.39876013295563,0.9348300890303928,safe,0.3
1751634429,5,0.2,desc,248.60000000000005,232.39876013295563,0.9348300890303926,safe,0.3
1751634429,5,0.2,max_period,248.60000000000002,232.39876013295563,0.9348300890303927,safe,0.3
1751634429,5,0.2,min_period,248.6,232.39876013295563,0.9348300890303928,safe,0.3
1751634429,5,0.3,asc,259.9,243.1444981781224,0.9355309664414099,safe,0.4
1751634429,5,0.3,desc,259.9,243.1444981781224,0.9355309664414099,safe,0.5
1751634429,5,0.3,max_period,259.9,243.1444981781224,0.9355309664414099,safe,0.4
1751634429,5,0.3,min_period,259.9,243.1444981781224,0.9355309664414099,safe,0.4
1751634429,5,0.4,asc,271.2,250.21656461443243,0.9226274506431874,safe,0.5
1751634429,5,0.4,desc,271.2,250.21656461443243,0.9226274506431874,safe,0.6
1751634429,5,0.4,max_period,271.2,250.21656461443243,0.9226274506431874,safe,0.5
1751634429,5,0.4,min_period,271.2,250.21656461443243,0.9226274506431874,safe,0.6
1751634429,5,0.5,asc,282.5,257.18990526886563,0.9104067443145686,safe,0.6
1751634429,5,0.5,desc,282.5,257.18990526886563,0.9104067443145686,safe,0.6
1751634429,5,0.5,max_period,282.5,257.18990526886563,0.9104067443145686,safe,0.6
1751634429,5,0.5,min_period,282.5,257.18990526886563,0.9104067443145686,safe,0.7
1751634429,8,0,asc,0,418.94278937968085,,,0.2
1751634429,8,0,desc,443.52611897260516,418.94278937968085,0.9445729833231248,safe,0.1
1751634429,8,0,max_period,0,418.94278937968085,,,0.2
1751634429,8,0,min_period,0,418.94278937968085,,,0.2
1751634429,8,0.02,asc,0,419.89978545429767,,,0.3
1751634429,8,0.02,desc,447.16611897260515,419.89978545429767,0.9390241515145339,safe,0.2
1751634429,8,0.02,max_period,0,419.89978545429767,,,0.3
1751634429,8,0.02,min_period,0,419.89978545429767,,,0.3
1751634429,8,0.05,asc,0,421.3336198014149,,,0.3
1751634429,8,0.05,desc,452.6261189726052,421.3336198014149,0.9308645748455266,safe,0.2
1751634429,8,0.05,max_period,0,421.3336198014149,,,0.3
1751634429,8,0.05,min_period,0,421.3336198014149,,,0.3
1751634429,8,0.1,asc,0,423.7932030961638,,,0.3
1751634429,8,0.1,desc,0,423.7932030961638,,,0.3
1751634429,8,0.1,max_period,0,423.7932030961638,,,0.3
1751634429,8,0.1,min_period,0,423.7932030961638,,,0.3
1751634429,8,0.2,asc,0,428.60307375877164,,,0.4
1751634429,8,0.2,desc,0,428.60307375877164,,,0.6
1751634429,8,0.2,max_period,0,428.60307375877164,,,0.4
1751634429,8,0.2,min_period,0,428.60307375877164,,,0.4
1751634429,8,0.3,asc,0,433.69780513142905,,,0.5
1751634429,8,0.3,desc,0,433.69780513142905,,,0.8
1751634429,8,0.3,max_period,0,433.69780513142905,,,0.5
1751634429,8,0.3,min_period,0,433.69780513142905,,,0.5
1751634429,8,0.4,asc,0,483.5289011551722,,,0.8
1751634429,8,0.4,desc,0,483.5289011551722,,,0.9
1751634429,8,0.4,max_period,0,483.5289011551722,,,0.6
1751634429,8,0.4,min_period,0,483.5289011551722,,,0.8
1751634429,8,0.5,asc,0,520.1410021232005,,,0.9
1751634429,8,0.5,desc,0,520.1410021232005,,,1.0
1751634429,8,0.5,max_period,0,520.1410021232005,,,0.7
1751634429,8,0.5,min_period,0,520.1410021232005,,,0.9
1751634429,10,0,asc,248.0,198.23973275468362,0.7993537611075953,safe,0.1
1751634429,10,0,desc,248.0,198.23973275468362,0.7993537611075953,safe,0.1
1751634429,10,0,max_period,248.0,198.23973275468362,0.7993537611075953,safe,0.1
1751634429,10,0,min_period,248.0,198.23973275468362,0.7993537611075953,safe,0.2
1751634429,10,0.02,asc,250.48000000000002,212.38599069575554,0.8479159641318889,safe,0.1
1751634429,10,0.02,desc,250.48,212.38599069575554,0.847915964131889,safe,0.1
1751634429,10,0.02,max_period,250.48000000000002,212.38599069575554,0.8479159641318889,safe,0.1
1751634429,10,0.02,min_period,250.48000000000002,212.38599069575554,0.8479159641318889,safe,0.2
1751634429,10,0.05,asc,254.20000000000002,212.68113801044768,0.8366685208908248,safe,0.1
1751634429,10,0.05,desc,254.20000000000002,212.68113801044768,0.8366685208908248,safe,0.3
1751634429,10,0.05,max_period,254.20000000000002,212.68113801044768,0.8366685208908248,safe,0.2
1751634429,10,0.05,min_period,254.20000000000002,212.68113801044768,0.8366685208908248,safe,0.3
1751634429,10,0.1,asc,0,212.61005054511142,,,0.5
1751634429,10,0.1,desc,0,212.61005054511142,,,0.5
1751634429,10,0.1,max_period,0,212.61005054511142,,,0.4
1751634429,10,0.1,min_period,0,212.61005054511142,,,0.6
1751634429,10,0.2,asc,0,213.04569516981633,,,0.7
1751634429,10,0.2,desc,0,213.04569516981633,,,0.6
1751634429,10,0.2,max_period,0,213.04569516981633,,,0.5
1751634429,10,0.2,min_period,0,213.04569516981633,,,0.7
1751634429,10,0.3,asc,0,232.31930570503255,,,0.9
1751634429,10,0.3,desc,0,232.31930570503255,,,0.7
1751634429,10,0.3,max_period,0,232.31930570503255,,,0.7
1751634429,10,0.3,min_period,0,232.31930570503255,,,0.8
1751634429,10,0.4,asc,0,242.04712643478388,,,0.9
1751634429,10,0.4,desc,0,242.04712643478388,,,0.8
1751634429,10,0.4,max_period,0,242.04712643478388,,,0.7
1751634429,10,0.4,min_period,0,242.04712643478388,,,0.9
1751634429,10,0.5,asc,0,246.36115766465065,,,1.0
1751634429,10,0.5,desc,0,246.36115766465065,,,0.9
1751634429,10,0.5,max_period,0,246.36115766465065,,,0.9
1751634429,10,0.5,min_period,0,246.36115766465065,,,1.0
