seeds,num_tasks,per_jitter,final_e2e_max,max_reaction_time,R,exceed,false_percentage,ratios
100,3,0,2746.017370423793,2544.182010943595,0.9264988773727061,safe,0.0,1.0
101,3,0,5035.9833634570605,4901.0375201005245,0.9732036757039841,safe,0.0,1.0
102,3,0,2956.333594795352,2636.9645285889046,0.8919712353271975,safe,0.0,1.0
103,3,0,5922.6352933259195,4781.969561486342,0.807405711250705,safe,0.0,1.0
104,3,0,5895.783417924318,4849.331309950219,0.8225083871309311,safe,0.0,1.0
105,3,0,5635.430471802314,5098.804070167294,0.9047763246623116,safe,0.0,1.0
106,3,0,5108.601340894991,4886.5674332542985,0.9565372412477593,safe,0.0,1.0
107,3,0,3602.5056881776063,3302.3084889492734,0.9166698889016347,safe,0.0,1.0
108,3,0,3655.537280195548,2763.758274765753,0.7560470767837195,safe,0.0,1.0
109,3,0,2575.6133269233524,2417.836295447166,0.9387419571769898,safe,0.0,1.0
100,3,0.02,2773.4775441280312,2719.367922471977,0.9804903335991978,safe,0.4,1.0
101,3,0.02,0,4921.390090835805,,,0.4,1.0
102,3,0.02,2985.896930743306,2876.685484842397,0.9634242412132685,safe,0.4,1.0
103,3,0.02,0,5876.250482611697,,,0.4,1.0
104,3,0.02,0,5795.76068839626,,,0.4,1.0
105,3,0.02,0,5529.672522780216,,,0.4,1.0
106,3,0.02,5159.687354303941,5045.966035253903,0.9779596492498372,safe,0.4,1.0
107,3,0.02,3638.5307450593823,3553.787953547141,0.976709612354572,safe,0.4,1.0
108,3,0.02,3692.092652997503,3636.2322810880796,0.9848702681217731,safe,0.4,1.0
109,3,0.02,2601.3694601925863,2563.9230515847867,0.9856051171581651,safe,0.4,1.0
100,3,0.05,2814.667804684388,2677.9595862869746,0.9514300699464807,safe,0.6,1.0
101,3,0.05,0,5023.378935957888,,,0.6,1.0
102,3,0.05,3030.241934665236,2901.2569345778243,0.9574340917760215,safe,0.6,1.0
103,3,0.05,0,5902.898835165416,,,0.6,1.0
104,3,0.05,0,5811.958327721486,,,0.6,1.0
105,3,0.05,0,5530.098289364367,,,0.6,1.0
106,3,0.05,0,5077.319447745143,,,0.6,1.0
107,3,0.05,3692.5683303820465,3571.3430901664515,0.9671704815268638,safe,0.6,1.0
108,3,0.05,0,3654.6761884735424,,,0.6,1.0
109,3,0.05,2640.003660096436,2559.263536512006,0.9694166622551271,safe,0.6,1.0
100,3,0.1,2883.318238944983,2729.1445261698964,0.9465290682475967,safe,0.8,1.0
101,3,0.1,0,4955.4460999270905,,,0.8,1.0
102,3,0.1,0,2970.603640207089,,,0.8,1.0
103,3,0.1,0,5950.527326725384,,,0.8,1.0
104,3,0.1,0,5909.001916058029,,,0.8,1.0
105,3,0.1,0,5652.314248735551,,,0.8,1.0
106,3,0.1,0,5110.2145801923,,,0.8,1.0
107,3,0.1,3782.630972586486,3536.4992150457447,0.9349310679988322,safe,0.8,1.0
108,3,0.1,0,3730.6878332155575,,,0.8,1.0
109,3,0.1,0,2565.538905445659,,,0.8,1.0
100,3,0.2,3020.6191074661724,2720.890249832074,0.9007723758042688,safe,0.8,1.0
101,3,0.2,0,5209.031824101847,,,0.8,1.0
102,3,0.2,0,2945.575257920325,,,0.8,1.0
103,3,0.2,0,6063.553060179042,,,0.8,1.0
104,3,0.2,0,6118.165756654564,,,0.8,1.0
105,3,0.2,0,5849.281331786042,,,0.8,1.0
106,3,0.2,0,5060.151805054727,,,0.8,1.0
107,3,0.2,3962.7562569953675,3556.6990145642458,0.8975316128226868,safe,0.8,1.0
108,3,0.2,0,3717.748906114837,,,0.8,1.0
109,3,0.2,0,2627.281797660734,,,0.8,1.0
100,3,0.3,0,2879.2993589820026,,,1.0,1.0
101,3,0.3,0,5087.7200232081905,,,1.0,1.0
102,3,0.3,0,3006.461248044266,,,1.0,1.0
103,3,0.3,0,6102.996377619832,,,1.0,1.0
104,3,0.3,0,6177.811377567925,,,1.0,1.0
105,3,0.3,0,5823.0628390592465,,,1.0,1.0
106,3,0.3,0,5202.764180120455,,,1.0,1.0
107,3,0.3,0,3600.4526692212357,,,1.0,1.0
108,3,0.3,0,3757.9542419774225,,,1.0,1.0
109,3,0.3,0,2627.3453433430313,,,1.0,1.0
100,3,0.4,0,2877.968705172795,,,1.0,1.0
101,3,0.4,0,5360.379981593382,,,1.0,1.0
102,3,0.4,0,3099.873609395108,,,1.0,1.0
103,3,0.4,0,6259.234106877576,,,1.0,1.0
104,3,0.4,0,6165.707924560267,,,1.0,1.0
105,3,0.4,0,6174.588737111131,,,1.0,1.0
106,3,0.4,0,5382.452010537276,,,1.0,1.0
107,3,0.4,0,3935.7961286635664,,,1.0,1.0
108,3,0.4,0,3847.6402834383116,,,1.0,1.0
109,3,0.4,0,2757.523590366427,,,1.0,1.0
100,3,0.5,0,2834.296668287966,,,1.0,1.0
101,3,0.5,0,5382.562035129842,,,1.0,1.0
102,3,0.5,0,3074.775335801401,,,1.0,1.0
103,3,0.5,0,6491.044718663169,,,1.0,1.0
104,3,0.5,0,6369.800119766254,,,1.0,1.0
105,3,0.5,0,5891.568348804023,,,1.0,1.0
106,3,0.5,0,5618.035548840195,,,1.0,1.0
107,3,0.5,0,3995.688402991186,,,1.0,1.0
108,3,0.5,0,3912.8826607591654,,,1.0,1.0
109,3,0.5,0,2837.898285967194,,,1.0,1.0
100,5,0,8975.422607969002,6809.255016212114,0.7586556437093431,safe,0.0,1.0
101,5,0,9544.278222263927,7211.231777891021,0.7555554867490544,safe,0.0,1.0
102,5,0,9931.302114693306,8334.528727435878,0.8392181237850965,safe,0.0,1.0
103,5,0,7526.826329539295,6034.606768840579,0.801746513687655,safe,0.0,1.0
104,5,0,9725.610596645325,7161.206686339722,0.7363246363996778,safe,0.0,1.0
105,5,0,6627.1329035668605,4079.5364820077766,0.6155809067616684,safe,0.0,1.0
106,5,0,8316.933691575172,6140.055953659743,0.7382595775507328,safe,0.0,1.0
107,5,0,9700.677501893886,7200.847790039615,0.7423035956647127,safe,0.0,1.0
108,5,0,9479.529532276008,7075.174319972198,0.7463634451353904,safe,0.0,1.0
109,5,0,8828.402344507325,6835.644170515352,0.7742787317309131,safe,0.0,1.0
100,5,0.02,0,8456.708246659264,,,1.0,1.0
101,5,0.02,0,9195.18476513958,,,1.0,1.0
102,5,0.02,0,9221.23406437884,,,1.0,1.0
103,5,0.02,0,7402.698747299885,,,1.0,1.0
104,5,0.02,0,9165.874303166513,,,1.0,1.0
105,5,0.02,0,5697.302353882743,,,1.0,1.0
106,5,0.02,0,7809.908674287213,,,1.0,1.0
107,5,0.02,0,9243.303609345709,,,1.0,1.0
108,5,0.02,0,9011.603967488729,,,1.0,1.0
109,5,0.02,0,8266.8083968671,,,1.0,1.0
100,5,0.05,0,8734.323285123808,,,1.0,1.0
101,5,0.05,0,9180.659015305311,,,1.0,1.0
102,5,0.05,0,9273.45048360888,,,1.0,1.0
103,5,0.05,0,7248.882857078815,,,1.0,1.0
104,5,0.05,0,9373.51801704712,,,1.0,1.0
105,5,0.05,0,5817.125857856753,,,1.0,1.0
106,5,0.05,0,7869.827131222857,,,1.0,1.0
107,5,0.05,0,9209.737777085906,,,1.0,1.0
108,5,0.05,0,9118.226689939082,,,1.0,1.0
109,5,0.05,0,8323.140120207247,,,1.0,1.0
100,5,0.1,0,8490.553691268442,,,1.0,1.0
101,5,0.1,0,9117.223691653999,,,1.0,1.0
102,5,0.1,0,9334.595863874963,,,1.0,1.0
103,5,0.1,0,7182.948503013879,,,1.0,1.0
104,5,0.1,0,9450.789109819138,,,1.0,1.0
105,5,0.1,0,5777.968407763612,,,1.0,1.0
106,5,0.1,0,7786.79316557066,,,1.0,1.0
107,5,0.1,0,9365.71394172392,,,1.0,1.0
108,5,0.1,0,9037.891360215537,,,1.0,1.0
109,5,0.1,0,8315.29713223901,,,1.0,1.0
100,5,0.2,0,8654.647267442904,,,1.0,1.0
101,5,0.2,0,9260.173496282994,,,1.0,1.0
102,5,0.2,0,9441.862922190825,,,1.0,1.0
103,5,0.2,0,7143.918752584327,,,1.0,1.0
104,5,0.2,0,9411.815459086827,,,1.0,1.0
105,5,0.2,0,6434.929195974112,,,1.0,1.0
106,5,0.2,0,7959.154163292475,,,1.0,1.0
107,5,0.2,0,9566.378041821485,,,1.0,1.0
108,5,0.2,0,9241.680031484619,,,1.0,1.0
109,5,0.2,0,8475.348103883794,,,1.0,1.0
100,5,0.3,0,8600.72352451116,,,1.0,1.0
101,5,0.3,0,9644.563917459702,,,1.0,1.0
102,5,0.3,0,10084.959942172156,,,1.0,1.0
103,5,0.3,0,7338.66866295489,,,1.0,1.0
104,5,0.3,0,9502.857601662783,,,1.0,1.0
105,5,0.3,0,6667.513538263601,,,1.0,1.0
106,5,0.3,0,8132.244308610108,,,1.0,1.0
107,5,0.3,0,9754.161525051135,,,1.0,1.0
108,5,0.3,0,9474.343569348552,,,1.0,1.0
109,5,0.3,0,8452.546453602556,,,1.0,1.0
100,5,0.4,0,8867.291561123808,,,1.0,1.0
101,5,0.4,0,9391.19106405227,,,1.0,1.0
102,5,0.4,0,9877.68199034561,,,1.0,1.0
103,5,0.4,0,7439.033506737874,,,1.0,1.0
104,5,0.4,0,9819.556679497624,,,1.0,1.0
105,5,0.4,0,6442.054073693421,,,1.0,1.0
106,5,0.4,0,8238.905109792959,,,1.0,1.0
107,5,0.4,0,9523.602921120368,,,1.0,1.0
108,5,0.4,0,9757.089471418367,,,1.0,1.0
109,5,0.4,0,8636.524131266939,,,1.0,1.0
100,5,0.5,0,9222.55781757457,,,1.0,1.0
101,5,0.5,0,9624.130937976384,,,1.0,1.0
102,5,0.5,0,10156.585534518896,,,1.0,1.0
103,5,0.5,0,7760.342198252766,,,1.0,1.0
104,5,0.5,0,9621.543039757094,,,1.0,1.0
105,5,0.5,0,6897.309436550766,,,1.0,1.0
106,5,0.5,0,8175.150984341173,,,1.0,1.0
107,5,0.5,0,9827.325695575226,,,1.0,1.0
108,5,0.5,0,9729.555270312805,,,1.0,1.0
109,5,0.5,0,8811.200533371428,,,1.0,1.0
100,3,0,2746.017370423793,2544.182010943595,0.9264988773727061,safe,0.0,1.5
101,3,0,5989.5712405143695,4825.551123238671,0.8056588576153682,safe,0.0,1.5
102,3,0,3425.9478033243095,2800.144449499152,0.8173342415731144,safe,0.0,1.5
103,3,0,9301.175164550663,7960.78851781141,0.8558906134949662,safe,0.0,1.5
104,3,0,9120.009208015224,8285.796986431493,0.9085294540217597,safe,0.0,1.5
105,3,0,8343.10187241045,7454.081957836288,0.8934425195604964,safe,0.0,1.5
106,3,0,6754.243968629589,5479.342838349503,0.8112444359129718,safe,0.0,1.5
107,3,0,3602.5056881776063,3302.3084889492734,0.9166698889016347,safe,0.0,1.5
108,3,0,4341.8730626889555,3845.6603056477065,0.8857145867977216,safe,0.0,1.5
109,3,0,3393.0737668104575,2790.6824775453056,0.8224644288145232,safe,0.0,1.5
100,3,0.02,2773.4775441280312,2719.367922471977,0.9804903335991978,safe,0.0,1.5
101,3,0.02,6049.466952919513,5668.229991005654,0.9369800736360959,safe,0.0,1.5
102,3,0.02,3460.2072813575523,3390.6298099877454,0.9798921088500486,safe,0.0,1.5
103,3,0.02,9394.186916196171,8491.567190477403,0.9039172060582917,safe,0.0,1.5
104,3,0.02,9211.209300095377,9038.119201488198,0.9812087541420444,safe,0.0,1.5
105,3,0.02,8426.532891134557,7929.107232377515,0.9409691191877532,safe,0.0,1.5
106,3,0.02,6821.786408315885,6396.880471745342,0.9377133918979677,safe,0.0,1.5
107,3,0.02,3638.5307450593823,3553.787953547141,0.976709612354572,safe,0.0,1.5
108,3,0.02,4385.291793315844,4045.5098644509235,0.922517828942917,safe,0.0,1.5
109,3,0.02,3427.004504478562,3382.4627311611093,0.9870027094334882,safe,0.0,1.5
100,3,0.05,2814.667804684388,2677.9595862869746,0.9514300699464807,safe,0.0,1.5
101,3,0.05,6139.310521527228,5690.443472731475,0.9268864073218287,safe,0.0,1.5
102,3,0.05,3511.596498407417,3347.6113630169148,0.9533018285372841,safe,0.0,1.5
103,3,0.05,9533.704543664433,8536.318217976852,0.8953831303330678,safe,0.0,1.5
104,3,0.05,9348.009438215604,9090.50677657607,0.9724537439396631,safe,0.0,1.5
105,3,0.05,8551.679419220713,7976.504256578701,0.9327412623362318,safe,0.0,1.5
106,3,0.05,6923.100067845328,6445.3818478898975,0.9309964878054824,safe,0.0,1.5
107,3,0.05,3692.5683303820465,3571.3430901664515,0.9671704815268638,safe,0.0,1.5
108,3,0.05,4450.41988925618,4048.900928134687,0.9097795329176006,safe,0.0,1.5
109,3,0.05,3477.9006109807187,3404.9462564703117,0.9790234504459187,safe,0.0,1.5
100,3,0.1,2883.318238944983,2729.1445261698964,0.9465290682475967,safe,0.0,1.5
101,3,0.1,6289.049802540088,5731.535652189028,0.9113516082944858,safe,0.0,1.5
102,3,0.1,3597.245193490525,3436.317035894302,0.9552635005566388,safe,0.0,1.5
103,3,0.1,9766.233922778196,8632.662234066378,0.8839294965003919,safe,0.0,1.5
104,3,0.1,9576.009668415985,9169.561108406446,0.9575555399291099,safe,0.0,1.5
105,3,0.1,8760.256966030973,8053.250773286169,0.9192938979431412,safe,0.0,1.5
106,3,0.1,7091.956167061067,6502.0115399514,0.9168149642760492,safe,0.0,1.5
107,3,0.1,3782.630972586486,3536.4992150457447,0.9349310679988322,safe,0.0,1.5
108,3,0.1,4558.966715823402,4119.315846635827,0.9035634834398721,safe,0.0,1.5
109,3,0.1,3562.72745515098,3354.6730503380077,0.9416024920704591,safe,0.0,1.5
100,3,0.2,3020.6191074661724,2720.890249832074,0.9007723758042688,safe,0.2,1.5
101,3,0.2,6588.5283645658055,6044.315457905137,0.9173999296128805,safe,0.2,1.5
102,3,0.2,3768.54258365674,3507.4403088444883,0.9307153179203574,safe,0.2,1.5
103,3,0.2,0,9327.416814336819,,,0.2,1.5
104,3,0.2,10032.010128816746,9302.43169548984,0.927274950487619,safe,0.2,1.5
105,3,0.2,9177.412059651497,8250.462384336104,0.8989966158988624,safe,0.2,1.5
106,3,0.2,7429.668365492547,6653.076527555324,0.895474225802037,safe,0.2,1.5
107,3,0.2,3962.7562569953675,3556.6990145642458,0.8975316128226868,safe,0.2,1.5
108,3,0.2,0,4273.702668969181,,,0.2,1.5
109,3,0.2,3732.3811434915033,3363.53401061538,0.901176455807758,safe,0.2,1.5
100,3,0.3,0,2879.2993589820026,,,1.0,1.5
101,3,0.3,0,6245.895740194526,,,1.0,1.5
102,3,0.3,0,3391.665963905479,,,1.0,1.5
103,3,0.3,0,9682.019182704727,,,1.0,1.5
104,3,0.3,0,9570.761458557785,,,1.0,1.5
105,3,0.3,0,8385.402530624007,,,1.0,1.5
106,3,0.3,0,6792.768994709866,,,1.0,1.5
107,3,0.3,0,3600.4526692212357,,,1.0,1.5
108,3,0.3,0,4525.956197588905,,,1.0,1.5
109,3,0.3,0,3477.9056552145903,,,1.0,1.5
100,3,0.4,0,2877.968705172795,,,1.0,1.5
101,3,0.4,0,6579.074003926762,,,1.0,1.5
102,3,0.4,0,3693.342989306431,,,1.0,1.5
103,3,0.4,0,10005.152507074545,,,1.0,1.5
104,3,0.4,0,9772.656900408432,,,1.0,1.5
105,3,0.4,0,8541.866287893936,,,1.0,1.5
106,3,0.4,0,7374.68530610199,,,1.0,1.5
107,3,0.4,0,3935.7961286635664,,,1.0,1.5
108,3,0.4,0,4700.805750359208,,,1.0,1.5
109,3,0.4,0,3550.3627186244685,,,1.0,1.5
100,3,0.5,0,2834.296668287966,,,1.0,1.5
101,3,0.5,0,6799.642634877448,,,1.0,1.5
102,3,0.5,0,3670.4462375784055,,,1.0,1.5
103,3,0.5,0,10182.64043692344,,,1.0,1.5
104,3,0.5,0,9827.652136644074,,,1.0,1.5
105,3,0.5,0,8731.630251966155,,,1.0,1.5
106,3,0.5,0,7331.274267856072,,,1.0,1.5
107,3,0.5,0,3995.688402991186,,,1.0,1.5
108,3,0.5,0,4657.318182289422,,,1.0,1.5
109,3,0.5,0,3486.780833270079,,,1.0,1.5
100,5,0,17845.90107303053,14106.95977974938,0.7904873910271982,safe,0.0,1.5
101,5,0,10773.965143533358,8448.37503815511,0.7841472406494567,safe,0.0,1.5
102,5,0,13948.728821983745,10410.051434647945,0.7463082527091139,safe,0.0,1.5
103,5,0,19231.379057468195,14603.434949230244,0.7593545374770841,safe,0.0,1.5
104,5,0,22793.364263945296,16446.81388170366,0.72156149005697,safe,0.0,1.5
105,5,0,17424.711495791238,13785.768064784213,0.791161912099034,safe,0.0,1.5
106,5,0,24308.029754065086,19311.468165406055,0.7944481046299754,safe,0.0,1.5
107,5,0,25101.178274658807,15413.032015373026,0.6140361957005595,safe,0.0,1.5
108,5,0,13629.83734359911,10204.681663969619,0.748701646741366,safe,0.0,1.5
109,5,0,17542.619411808584,12403.16177367488,0.70703020355819,safe,0.0,1.5
100,5,0.02,18024.360083760836,16152.221447731727,0.896132865337293,safe,0.0,1.5
101,5,0.02,10881.704794968691,9933.114407787072,0.9128270427240213,safe,0.0,1.5
102,5,0.02,14088.216110203584,13176.111444154882,0.9352576182169652,safe,0.0,1.5
103,5,0.02,19423.69284804288,17265.335284025343,0.8888801639882289,safe,0.0,1.5
104,5,0.02,23021.297906584747,20814.576668843078,0.9041443602921065,safe,0.0,1.5
105,5,0.02,17598.958610749152,16045.030445956829,0.9117034025045544,safe,0.0,1.5
106,5,0.02,24551.11005160574,22384.59209470754,0.9117547861443234,safe,0.0,1.5
107,5,0.02,25352.190057405394,22273.798545484777,0.8785749276512143,safe,0.0,1.5
108,5,0.02,13766.135717035102,12577.941827920138,0.9136871876364973,safe,0.0,1.5
109,5,0.02,17718.04560592667,16150.02310030185,0.9115013844924117,safe,0.0,1.5
100,5,0.05,18292.048599856294,16224.958927757785,0.8869951793089622,safe,0.0,1.5
101,5,0.05,11043.314272121692,9969.554799994732,0.9027683677501044,safe,0.0,1.5
102,5,0.05,14297.447042533338,13115.346212289234,0.917320845691718,safe,0.0,1.5
103,5,0.05,19712.163533904903,17320.970708749155,0.8786945521711558,safe,0.0,1.5
104,5,0.05,23363.198370543927,20936.42578668059,0.8961284090742051,safe,0.0,1.5
105,5,0.05,17860.329283186024,16818.70974740651,0.9416797126601629,safe,0.0,1.5
106,5,0.05,24915.730497916713,22629.651130718095,0.9082475479741698,safe,0.0,1.5
107,5,0.05,25728.707731525275,22377.74109765964,0.8697576781223368,safe,0.0,1.5
108,5,0.05,13970.58327718909,12659.265663457158,0.9061372322318835,safe,0.0,1.5
109,5,0.05,17981.184897103798,16160.752892713726,0.8987590631647815,safe,0.0,1.5
100,5,0.1,18738.196126682058,16901.212213172672,0.9019658081765068,safe,0.0,1.5
101,5,0.1,11312.663400710026,9997.66408943276,0.8837586459794489,safe,0.0,1.5
102,5,0.1,14646.165263082932,13241.959290336597,0.9041246669334142,safe,0.0,1.5
103,5,0.1,20192.948010341606,17523.999655716747,0.8678277013708952,safe,0.0,1.5
104,5,0.1,23933.03247714256,21108.219904654605,0.8819701358285535,safe,0.0,1.5
105,5,0.1,18295.9470705808,16964.796267492347,0.9272434054409299,safe,0.0,1.5
106,5,0.1,25523.43124176834,22614.061942452725,0.886011826867756,safe,0.0,1.5
107,5,0.1,26356.23718839175,23051.474032002978,0.8746117234881954,safe,0.0,1.5
108,5,0.1,14311.329210779068,12751.148721195048,0.8909828383789176,safe,0.0,1.5
109,5,0.1,18419.750382399012,17189.247952739413,0.9331965741058356,safe,0.0,1.5
100,5,0.2,0,16890.96004483538,,,0.4,1.5
101,5,0.2,0,10182.81631119785,,,0.4,1.5
102,5,0.2,0,13237.18632492313,,,0.4,1.5
103,5,0.2,21154.516963215017,18449.549721034287,0.872132876071606,safe,0.4,1.5
104,5,0.2,25072.70069033982,21847.245414493056,0.8713558895915233,safe,0.4,1.5
105,5,0.2,19167.18264537036,16522.288999816898,0.8620092637249267,safe,0.4,1.5
106,5,0.2,0,24905.556485569836,,,0.4,1.5
107,5,0.2,27611.29610212469,25001.30240502361,0.9054736986106118,safe,0.4,1.5
108,5,0.2,14992.82107795902,12910.456792590314,0.8611092419137854,safe,0.4,1.5
109,5,0.2,19296.88135298944,17839.965617289865,0.9244999381480951,safe,0.4,1.5
100,5,0.3,0,18290.793436132262,,,1.0,1.5
101,5,0.3,0,10609.468652409587,,,1.0,1.5
102,5,0.3,0,13459.968161349021,,,1.0,1.5
103,5,0.3,0,18867.002448976375,,,1.0,1.5
104,5,0.3,0,22265.460333294384,,,1.0,1.5
105,5,0.3,0,17010.87479552091,,,1.0,1.5
106,5,0.3,0,24283.61284764225,,,1.0,1.5
107,5,0.3,0,25874.582509652606,,,1.0,1.5
108,5,0.3,0,13022.304157416005,,,1.0,1.5
109,5,0.3,0,17662.924451313822,,,1.0,1.5
100,5,0.4,0,17984.83481773301,,,1.0,1.5
101,5,0.4,0,10556.112680903041,,,1.0,1.5
102,5,0.4,0,13782.495085539884,,,1.0,1.5
103,5,0.4,0,19514.159338041616,,,1.0,1.5
104,5,0.4,0,22947.997679058,,,1.0,1.5
105,5,0.4,0,17587.00505157956,,,1.0,1.5
106,5,0.4,0,25205.763133953882,,,1.0,1.5
107,5,0.4,0,25312.66064439942,,,1.0,1.5
108,5,0.4,0,13851.391879530904,,,1.0,1.5
109,5,0.4,0,18402.68399800936,,,1.0,1.5
100,5,0.5,0,17708.586719194434,,,1.0,1.5
101,5,0.5,0,11264.181357849711,,,1.0,1.5
102,5,0.5,0,14316.131753710973,,,1.0,1.5
103,5,0.5,0,20168.265098748918,,,1.0,1.5
104,5,0.5,0,22459.209598303805,,,1.0,1.5
105,5,0.5,0,17615.52764811291,,,1.0,1.5
106,5,0.5,0,24259.43395623143,,,1.0,1.5
107,5,0.5,0,27026.04447468338,,,1.0,1.5
108,5,0.5,0,14149.176301331612,,,1.0,1.5
109,5,0.5,0,17580.59992869911,,,1.0,1.5
100,3,0,3070.0502020670174,2163.1357078363726,0.7045929432619593,safe,0.0,2.0
101,3,0,8141.99372520884,7503.268213553641,0.921551706718023,safe,0.0,2.0
102,3,0,3996.142001096277,3456.028503011057,0.8648412649157491,safe,0.0,2.0
103,3,0,13706.994979337822,11387.982305085874,0.8308153845720619,safe,0.0,2.0
104,3,0,13440.013569706647,13259.632607520894,0.9865788110071313,safe,0.0,2.0
105,3,0,12295.097496183822,11150.76936288746,0.9069280960438467,safe,0.0,2.0
106,3,0,9953.622690612025,8039.581841911986,0.8077040984781041,safe,0.0,2.0
107,3,0,3984.7227981817105,3298.030560698668,0.8276687558300441,safe,0.0,2.0
108,3,0,5157.691791358438,3475.871983010357,0.6739200641717441,safe,0.0,2.0
109,3,0,6299.089306148844,5630.400874109046,0.893843633652398,safe,0.0,2.0
100,3,0.02,3100.750704087688,3039.7816763567816,0.9803373332623834,safe,0.0,2.0
101,3,0.02,8223.413662460927,7545.013625327767,0.917503841472795,safe,0.0,2.0
102,3,0.02,4036.10342110724,3882.572269988726,0.9619605507838064,safe,0.0,2.0
103,3,0.02,13844.0649291312,12439.506969768223,0.898544396710575,safe,0.0,2.0
104,3,0.02,13574.413705403713,13330.460567249002,0.982028458580307,safe,0.0,2.0
105,3,0.02,12418.04847114566,11217.249714387752,0.903302136438905,safe,0.0,2.0
106,3,0.02,10053.158917518143,8094.8316655059425,0.8052027956506571,safe,0.0,2.0
107,3,0.02,4024.5700261635275,3996.7943729555236,0.993098479333833,safe,0.0,2.0
108,3,0.02,5209.2687092720225,4489.930525525684,0.8619118682693442,safe,0.0,2.0
109,3,0.02,6362.080199210333,5640.049451792538,0.886510272613757,safe,0.0,2.0
100,3,0.05,3146.801457118693,3071.1454816314426,0.9759578173207905,safe,0.0,2.0
101,3,0.05,8345.543568339062,7614.676702965611,0.9124242945485085,safe,0.0,2.0
102,3,0.05,4096.045551123684,3907.1927032580857,0.9538938604298993,safe,0.0,2.0
103,3,0.05,14049.669853821268,12552.467618700863,0.8934350592791195,safe,0.0,2.0
104,3,0.05,13776.013908949311,13428.883759152539,0.9748018438358815,safe,0.0,2.0
105,3,0.05,12602.474933588415,11316.171853266249,0.8979325023774591,safe,0.0,2.0
106,3,0.05,10202.463257877327,8169.851893642666,0.8007724886766654,safe,0.0,2.0
107,3,0.05,4084.3408681362534,3993.255934572314,0.9776989882811855,safe,0.0,2.0
108,3,0.05,5286.6340861424,4516.685351424057,0.854359367005072,safe,0.0,2.0
109,3,0.05,6456.566538802565,5693.359087722374,0.8817936055497175,safe,0.0,2.0
100,3,0.1,3223.5527121703685,3048.5257904829987,0.9457037196796677,safe,0.0,2.0
101,3,0.1,8549.093411469283,7712.6641724704605,0.9021616446632006,safe,0.0,2.0
102,3,0.1,4195.949101151091,3953.9878252317644,0.9423345540933877,safe,0.0,2.0
103,3,0.1,14392.344728304713,12732.967445112608,0.88470417332843,safe,0.0,2.0
104,3,0.1,14112.01424819198,13599.873682772699,0.9637088968015395,safe,0.0,2.0
105,3,0.1,12909.852370993012,11473.795008488,0.888762681304422,safe,0.0,2.0
106,3,0.1,10451.303825142626,8748.845574101153,0.8371056588225977,safe,0.0,2.0
107,3,0.1,4183.9589380907955,4059.908382298775,0.9703509146175735,safe,0.0,2.0
108,3,0.1,5415.576380926361,4594.727025837139,0.8484280716674498,safe,0.0,2.0
109,3,0.1,6614.043771456287,5774.238885209152,0.8730270141435387,safe,0.0,2.0
100,3,0.2,3377.055222273719,3149.9028146009505,0.9327365433130731,safe,0.0,2.0
101,3,0.2,8956.193097729723,7922.942849800143,0.8846328750781964,safe,0.0,2.0
102,3,0.2,4395.756201205904,4014.797072529054,0.9133347912761084,safe,0.0,2.0
103,3,0.2,15077.694477271605,13139.959247016744,0.8714833203991605,safe,0.0,2.0
104,3,0.2,14784.014926677311,13788.776172356427,0.9326814292831235,safe,0.0,2.0
105,3,0.2,13524.607245802204,11767.570737377857,0.8700859495221422,safe,0.0,2.0
106,3,0.2,10948.984959673227,10546.977911454695,0.963283624034631,safe,0.0,2.0
107,3,0.2,4383.1950779998815,4111.475126476192,0.9380087021708192,safe,0.0,2.0
108,3,0.2,5673.460970494282,4814.206105346002,0.8485483782091797,safe,0.0,2.0
109,3,0.2,6928.9982367637285,5916.869094082651,0.8539285033569579,safe,0.0,2.0
100,3,0.3,3530.5577323770704,3132.5976236503875,0.8872812346114102,safe,0.0,2.0
101,3,0.3,9363.292783990166,8081.244717160116,0.8630772211863159,safe,0.0,2.0
102,3,0.3,4595.563301260719,4056.296577840068,0.8826549243108649,safe,0.0,2.0
103,3,0.3,15763.044226238497,13484.343841342667,0.8554403354966928,safe,0.0,2.0
104,3,0.3,15456.015605162645,14230.512141941932,0.920710259711994,safe,0.0,2.0
105,3,0.3,14139.362120611393,12135.701150245412,0.8582919828154637,safe,0.0,2.0
106,3,0.3,11446.666094203829,10458.737858265038,0.9136929278963557,safe,0.0,2.0
107,3,0.3,4582.431217908967,4167.942950012427,0.9095483929411434,safe,0.0,2.0
108,3,0.3,5931.345560062204,5507.548614079082,0.9285496112658327,safe,0.0,2.0
109,3,0.3,7243.95270207117,6024.549764389345,0.831666082340215,safe,0.0,2.0
100,3,0.4,0,3269.8524859414238,,,1.0,2.0
101,3,0.4,0,8390.415907585506,,,1.0,2.0
102,3,0.4,0,4144.200603345249,,,1.0,2.0
103,3,0.4,0,13777.246706361551,,,1.0,2.0
104,3,0.4,0,14548.805647299161,,,1.0,2.0
105,3,0.4,0,13076.037378970417,,,1.0,2.0
106,3,0.4,0,10301.710126978865,,,1.0,2.0
107,3,0.4,0,4171.969960638634,,,1.0,2.0
108,3,0.4,0,5276.63296562072,,,1.0,2.0
109,3,0.4,0,6476.72624820849,,,1.0,2.0
100,3,0.5,0,3318.12432107688,,,1.0,2.0
101,3,0.5,0,8586.182287338022,,,1.0,2.0
102,3,0.5,0,4344.788335853464,,,1.0,2.0
103,3,0.5,0,14140.933044807596,,,1.0,2.0
104,3,0.5,0,13965.319254828357,,,1.0,2.0
105,3,0.5,0,12837.457997993522,,,1.0,2.0
106,3,0.5,0,10723.212667962203,,,1.0,2.0
107,3,0.5,0,4349.344413403739,,,1.0,2.0
108,3,0.5,0,5637.164763396086,,,1.0,2.0
109,3,0.5,0,6684.060380646986,,,1.0,2.0
100,5,0,49868.41685824155,37397.29631677677,0.7499194615117658,safe,0.0,2.0
101,5,0,35435.2287122134,24852.61165802112,0.7013532171574559,safe,0.0,2.0
102,5,0,27902.317046610246,20583.901326312574,0.7377129753033624,safe,0.0,2.0
103,5,0,46574.274650465675,28876.278353363545,0.620004896910935,safe,0.0,2.0
104,5,0,18090.032859774692,10481.45461156533,0.5794049514897274,safe,0.0,2.0
105,5,0,25218.06747212217,19374.017752362954,0.7682594145558679,safe,0.0,2.0
106,5,0,56987.15731829955,49218.863194019956,0.8636834246549606,safe,0.0,2.0
107,5,0,34679.24758245548,25910.39792076037,0.747144177772434,safe,0.0,2.0
108,5,0,34835.81556461162,23949.843201547093,0.687506315364605,safe,0.0,2.0
109,5,0,51319.256978455436,46828.90077902718,0.9125015352168218,safe,0.0,2.0
100,5,0.02,50367.10102682397,42440.58621138789,0.8426251530495141,safe,0.0,2.0
101,5,0.02,35789.580999335536,32455.227938408963,0.9068345320670707,safe,0.0,2.0
102,5,0.02,28181.34021707635,24331.00841411263,0.8633730059214633,safe,0.0,2.0
103,5,0.02,47040.01739697033,38877.33007533263,0.8264735479846267,safe,0.0,2.0
104,5,0.02,18270.933188372437,15017.153840788424,0.8219149884662318,safe,0.0,2.0
105,5,0.02,25470.24814684339,21891.816752150193,0.85950543653668,safe,0.0,2.0
106,5,0.02,57557.02889148254,49491.36441306838,0.8598665595887327,safe,0.0,2.0
107,5,0.02,35026.04005828003,31674.77278831606,0.904320692136828,safe,0.0,2.0
108,5,0.02,35184.17372025773,30867.959478567584,0.8773251213455375,safe,0.0,2.0
109,5,0.02,51832.44954823998,48701.5240482347,0.9395952626724431,safe,0.0,2.0
100,5,0.05,51115.12727969759,42827.0729014481,0.837855155228354,safe,0.0,2.0
101,5,0.05,36321.10943001874,32725.202636303467,0.9009967798300974,safe,0.0,2.0
102,5,0.05,28599.8749727755,24629.044191573503,0.8611591559410009,safe,0.0,2.0
103,5,0.05,47738.63151672731,39236.547667201325,0.821903486141053,safe,0.0,2.0
104,5,0.05,18542.28368126906,15132.471957174801,0.8161061613171865,safe,0.0,2.0
105,5,0.05,25848.519158925224,22142.070555406786,0.8566088610055389,safe,0.0,2.0
106,5,0.05,58411.836251257046,49921.409475865876,0.8546454396867476,safe,0.0,2.0
107,5,0.05,35546.22877201687,31943.656970030064,0.8986510826481018,safe,0.0,2.0
108,5,0.05,35706.71095372691,32031.894507104644,0.8970833115549471,safe,0.0,2.0
109,5,0.05,52602.23840291682,48996.37171090749,0.9314503184372211,safe,0.0,2.0
100,5,0.1,52361.83770115363,43395.10759265253,0.8287544803206258,safe,0.0,2.0
101,5,0.1,37206.99014782407,33433.336303881486,0.8985767505259149,safe,0.0,2.0
102,5,0.1,29297.432898940762,24938.49238251647,0.8512176636273859,safe,0.0,2.0
103,5,0.1,48902.98838298896,39746.991895360195,0.8127722499099114,safe,0.0,2.0
104,5,0.1,18994.534502763425,15338.97842113822,0.8075469508824564,safe,0.0,2.0
105,5,0.1,26478.97084572828,22320.118719913593,0.842937546551753,safe,0.0,2.0
106,5,0.1,59836.51518421453,50558.409473840424,0.8449424121406428,safe,0.0,2.0
107,5,0.1,36413.20996157825,32363.175686178252,0.8887756866347837,safe,0.0,2.0
108,5,0.1,36577.6063428422,32627.34753245948,0.8920033538182649,safe,0.0,2.0
109,5,0.1,53885.2198273782,49520.88031221913,0.9190067419388792,safe,0.0,2.0
100,5,0.2,54855.25854406572,45993.60774810863,0.8384539416792932,safe,0.0,2.0
101,5,0.2,38978.75158343474,35158.5888520281,0.9019937125685128,safe,0.0,2.0
102,5,0.2,30692.54875127127,27226.096901661094,0.8870588468327643,safe,0.0,2.0
103,5,0.2,51231.70211551225,46398.01263709466,0.9056504219297837,safe,0.0,2.0
104,5,0.2,19899.03614575216,16959.510979884086,0.8522780126465787,safe,0.0,2.0
105,5,0.2,27739.874219334386,22800.559541505674,0.8219417060519307,safe,0.0,2.0
106,5,0.2,62685.87305012951,52145.036288170886,0.8318466944932046,safe,0.0,2.0
107,5,0.2,38147.17234070102,33176.9054619113,0.8697081179595924,safe,0.0,2.0
108,5,0.2,38319.397121072776,33497.30432242562,0.8741605254536906,safe,0.0,2.0
109,5,0.2,56451.182676300974,50995.23160166075,0.9033509872428109,safe,0.0,2.0
100,5,0.3,57348.67938697779,47272.21584164675,0.8242947587801105,safe,0.0,2.0
101,5,0.3,40750.51301904541,35431.279271158535,0.8694682998125486,safe,0.0,2.0
102,5,0.3,32087.664603601785,27344.89829707744,0.8521934716934191,safe,0.0,2.0
103,5,0.3,53560.415848035525,45903.45210951899,0.8570406219353994,safe,0.0,2.0
104,5,0.3,20803.537788740894,17577.6636309596,0.8449362704295817,safe,0.0,2.0
105,5,0.3,29000.777592940496,26791.387290483606,0.9238161702603895,safe,0.0,2.0
106,5,0.3,65535.23091604449,54064.02698586501,0.8249612648061782,safe,0.0,2.0
107,5,0.3,39881.1347198238,34005.983250251404,0.8526834426641321,safe,0.0,2.0
108,5,0.3,40061.18789930336,33087.376217502526,0.8259209961689102,safe,0.0,2.0
109,5,0.3,59017.145525223736,50744.15171135703,0.8598205023262121,safe,0.0,2.0
100,5,0.4,0,49024.23626916152,,,1.0,2.0
101,5,0.4,0,36671.59187771636,,,1.0,2.0
102,5,0.4,0,28099.213437439572,,,1.0,2.0
103,5,0.4,0,48098.06546413754,,,1.0,2.0
104,5,0.4,0,18501.81017961043,,,1.0,2.0
105,5,0.4,0,26169.986048910465,,,1.0,2.0
106,5,0.4,0,57299.00010733055,,,1.0,2.0
107,5,0.4,0,34413.38201096117,,,1.0,2.0
108,5,0.4,0,34380.40851180907,,,1.0,2.0
109,5,0.4,0,52854.935752802965,,,1.0,2.0
100,5,0.5,0,51346.32095568049,,,1.0,2.0
101,5,0.5,0,37393.05603189528,,,1.0,2.0
102,5,0.5,0,28867.52150608601,,,1.0,2.0
103,5,0.5,0,50356.76743780722,,,1.0,2.0
104,5,0.5,0,18158.294680296356,,,1.0,2.0
105,5,0.5,0,26731.37914907576,,,1.0,2.0
106,5,0.5,0,58896.36852511381,,,1.0,2.0
107,5,0.5,0,35671.70128087916,,,1.0,2.0
108,5,0.5,0,34657.31625432544,,,1.0,2.0
109,5,0.5,0,53430.57518993787,,,1.0,2.0
100,3,0,3481.3517142646033,3121.7281808038842,0.8967000283288856,safe,0.0,2.5
101,3,0,11340.634117255173,8857.20087980737,0.7810146053765042,safe,0.0,2.5
102,3,0,4612.491322885424,4086.6594995913006,0.885998306233088,safe,0.0,2.5
103,3,0,19091.885864077678,17367.8813940056,0.9096996241049252,safe,0.0,2.5
104,3,0,18720.018900662828,13181.364920291417,0.7041320305410962,safe,0.0,2.5
105,3,0,17125.31436968461,11826.197367075967,0.6905681911457819,safe,0.0,2.5
106,3,0,13863.974461923892,12473.952961486046,0.8997385991834153,safe,0.0,2.5
107,3,0,7300.632036850456,6388.5976012589135,0.8750745920369656,safe,0.0,2.5
108,3,0,5973.510520027921,4329.811753377231,0.7248353775991999,safe,0.0,2.5
109,3,0,7255.503038651232,6485.398546859758,0.8938592558380856,safe,0.0,2.5
100,3,0.02,3516.165231407249,3304.9254999293253,0.9399232636762691,safe,0.0,2.5
101,3,0.02,11454.040458427724,11235.938396405607,0.9809585043100105,safe,0.0,2.5
102,3,0.02,4658.616236114279,4557.801277453761,0.9783594626492336,safe,0.0,2.5
103,3,0.02,19282.804722718458,18447.647959677437,0.9566890410886616,safe,0.0,2.5
104,3,0.02,18907.219089669456,18563.670753799834,0.9818297797132245,safe,0.0,2.5
105,3,0.02,17296.567513381455,16729.549066587868,0.9672178629456443,safe,0.0,2.5
106,3,0.02,14002.61420654313,13766.526270964048,0.9831397243331347,safe,0.0,2.5
107,3,0.02,7373.638357218961,6885.704858366386,0.9338273081463405,safe,0.0,2.5
108,3,0.02,6033.245625228201,5762.620360297082,0.9551443316347852,safe,0.0,2.5
109,3,0.02,7328.058069037743,7120.629828323492,0.9716939687486007,safe,0.0,2.5
100,3,0.05,3568.3855071212183,3311.7223085176165,0.9280730184304935,safe,0.0,2.5
101,3,0.05,11624.14997018655,11339.461136830454,0.9755088471771044,safe,0.0,2.5
102,3,0.05,4727.803605957561,4605.068719422165,0.9740397662921665,safe,0.0,2.5
103,3,0.05,19569.18301067962,18611.648059063493,0.9510692423340533,safe,0.0,2.5
104,3,0.05,19188.0193731794,18695.467369110997,0.9743302320844599,safe,0.0,2.5
105,3,0.05,17553.447228926725,16865.095992806244,0.960785410002764,safe,0.0,2.5
106,3,0.05,14210.573823471988,13773.481277398063,0.9692417384756155,safe,0.0,2.5
107,3,0.05,7483.147837771717,6939.588869755328,0.927362257194394,safe,0.0,2.5
108,3,0.05,6122.848283028619,5808.398315324277,0.9486431880770363,safe,0.0,2.5
109,3,0.05,7436.89061461751,7141.29974516155,0.9602534332191246,safe,0.0,2.5
100,3,0.1,3655.4192999778334,3407.515157111454,0.9321817491996383,safe,0.0,2.5
101,3,0.1,11907.665823117932,11295.597926295111,0.9485988349089767,safe,0.0,2.5
102,3,0.1,4843.115889029696,4671.304613674049,0.964524640893929,safe,0.0,2.5
103,3,0.1,20046.480157281563,18870.01882461664,0.9413133216687124,safe,0.0,2.5
104,3,0.1,19656.01984569597,18954.433191815206,0.9643067793282479,safe,0.0,2.5
105,3,0.1,17981.58008816884,17051.977815021935,0.9483025257742201,safe,0.0,2.5
106,3,0.1,14557.173185020087,13864.587741978326,0.9524230814431432,safe,0.0,2.5
107,3,0.1,7665.6636386929795,7328.699325898498,0.9560423821502381,safe,0.0,2.5
108,3,0.1,6272.186046029318,5827.335144558947,0.9290756208113454,safe,0.0,2.5
109,3,0.1,7618.278190583793,7221.556950306602,0.9479250782981987,safe,0.0,2.5
100,3,0.2,3829.486885691064,3492.5848848283667,0.9120242447828881,safe,0.0,2.5
101,3,0.2,12474.697528980689,11699.829049747153,0.93788478819359,safe,0.0,2.5
102,3,0.2,5073.740455173967,4775.913974010666,0.941300410654709,safe,0.0,2.5
103,3,0.2,21001.074450485445,19141.038815358876,0.911431406068675,safe,0.0,2.5
104,3,0.2,20592.020790729108,19583.95799727827,0.9510459510654397,safe,0.0,2.5
105,3,0.2,18837.845806653073,17192.56626342048,0.9126609507201975,safe,0.0,2.5
106,3,0.2,15250.371908116282,14405.321833078266,0.9445882316753024,safe,0.0,2.5
107,3,0.2,8030.695240535501,7581.846417387066,0.9441083480689394,safe,0.0,2.5
108,3,0.2,6570.861572030713,5989.009932100245,0.9114497187998669,safe,0.0,2.5
109,3,0.2,7981.053342516354,7302.178585851345,0.9149392031940778,safe,0.0,2.5
100,3,0.3,4003.5544714042935,3729.1836172854846,0.931468185064416,safe,0.0,2.5
101,3,0.3,13041.729234843448,11800.228517884832,0.9048055135478729,safe,0.0,2.5
102,3,0.3,5304.365021318238,4716.195343290199,0.8891159119585124,safe,0.0,2.5
103,3,0.3,21955.668743689333,19778.206930914563,0.9008246189995632,safe,0.0,2.5
104,3,0.3,21528.02173576225,19934.940836590413,0.9259996613378824,safe,0.0,2.5
105,3,0.3,19694.1115251373,17660.594334195324,0.8967449134048813,safe,0.0,2.5
106,3,0.3,15943.570631212475,14849.30137917466,0.9313661113091203,safe,0.0,2.5
107,3,0.3,8395.726842378024,7836.322668091042,0.9333703698572766,safe,0.0,2.5
108,3,0.3,6869.53709803211,6122.3965218672,0.8912385848561848,safe,0.0,2.5
109,3,0.3,8343.828494448915,7591.910649720796,0.9098833532798086,safe,0.0,2.5
100,3,0.4,4177.6220571175245,3735.7709897441937,0.8942338341448247,safe,0.0,2.5
101,3,0.4,13608.760940706206,11775.104634447569,0.8652591287151024,safe,0.0,2.5
102,3,0.4,5534.989587462509,4837.75271145282,0.8740310410720512,safe,0.0,2.5
103,3,0.4,22910.263036893215,20044.936383741693,0.8749326165073974,safe,0.0,2.5
104,3,0.4,22464.022680795395,19545.971763721554,0.8701011408981305,safe,0.0,2.5
105,3,0.4,20550.37724362153,18491.54753661988,0.8998154786846713,safe,0.0,2.5
106,3,0.4,16636.769354308668,15360.357087793756,0.9232776364610512,safe,0.0,2.5
107,3,0.4,8760.758444220546,7696.247395023803,0.8784909941331621,safe,0.0,2.5
108,3,0.4,7168.212624033506,6319.346783943479,0.8815791488600717,safe,0.0,2.5
109,3,0.4,8706.603646381476,7723.014568531069,0.8870295332372006,safe,0.0,2.5
100,3,0.5,0,3881.3354781325424,,,1.0,2.5
101,3,0.5,0,12050.890019299703,,,1.0,2.5
102,3,0.5,0,4945.947276407023,,,1.0,2.5
103,3,0.5,0,21449.828649469204,,,1.0,2.5
104,3,0.5,0,20337.19758869203,,,1.0,2.5
105,3,0.5,0,18594.943424448255,,,1.0,2.5
106,3,0.5,0,14509.794604314444,,,1.0,2.5
107,3,0.5,0,8057.357674660377,,,1.0,2.5
108,3,0.5,0,6313.725807103021,,,1.0,2.5
109,3,0.5,0,8186.872349492694,,,1.0,2.5
100,5,0,127537.08733310226,93129.98388196548,0.7302188393147786,safe,0.0,2.5
101,5,0,45912.249542041885,32068.76838018456,0.6984795713575124,safe,0.0,2.5
102,5,0,21693.87568393359,19178.89231957922,0.8840694304237688,safe,0.0,2.5
103,5,0,34820.02770758492,28204.089394053302,0.8099961789493219,safe,0.0,2.5
104,5,0,69291.23921500254,56922.98540614399,0.8215033538297487,safe,0.0,2.5
105,5,0,71497.10758640913,46989.89426481804,0.657227905450966,safe,0.0,2.5
106,5,0,67067.82187340577,45540.907337746634,0.6790276777395219,safe,0.0,2.5
107,5,0,82103.78207582861,67880.09958884498,0.8267597164543887,safe,0.0,2.5
108,5,0,41108.848179928,25546.132208180235,0.6214266110392631,safe,0.0,2.5
109,5,0,105504.61582970526,100115.18509243571,0.9489175834167425,safe,0.0,2.5
100,5,0.02,128812.4582064333,123790.29591828486,0.9610118279079809,safe,0.0,2.5
101,5,0.02,46371.37203746231,44339.71300638129,0.956187213321191,safe,0.0,2.5
102,5,0.02,21910.81444077293,20805.345806797708,0.9495468944359229,safe,0.0,2.5
103,5,0.02,35168.22798466077,28299.48930717724,0.8046890881030614,safe,0.0,2.5
104,5,0.02,69984.15160715257,67083.06861226256,0.9585465719271004,safe,0.0,2.5
105,5,0.02,72212.07866227321,68783.66861167914,0.9525230388862186,safe,0.0,2.5
106,5,0.02,67738.50009213985,64245.40487011496,0.9484326458768133,safe,0.0,2.5
107,5,0.02,82924.8198965869,80058.06678845648,0.9654294925004907,safe,0.0,2.5
108,5,0.02,41519.93666172729,38599.973731089456,0.929673232538203,safe,0.0,2.5
109,5,0.02,106559.6619880023,103629.96648491152,0.9725065240595391,safe,0.0,2.5
100,5,0.05,130725.51451642982,124240.71317537563,0.9503937592822466,safe,0.0,2.5
101,5,0.05,47060.05578059293,44579.051232735896,0.94728003384815,safe,0.0,2.5
102,5,0.05,22236.22257603193,20878.070110852866,0.9389216194191636,safe,0.0,2.5
103,5,0.05,35690.52840027454,28711.7654217253,0.80446456549252,safe,0.0,2.5
104,5,0.05,71023.52019537761,67311.40193610585,0.9477339584258827,safe,0.0,2.5
105,5,0.05,73284.53527606935,68922.9544638574,0.9404842945952855,safe,0.0,2.5
106,5,0.05,68744.51742024091,64492.07901483594,0.93814141745429,safe,0.0,2.5
107,5,0.05,84156.37662772431,80316.25012915129,0.9543691559397777,safe,0.0,2.5
108,5,0.05,42136.5693844262,38764.65944183077,0.9199766380639024,safe,0.0,2.5
109,5,0.05,108142.2312254479,103693.51456091164,0.9588623554912432,safe,0.0,2.5
100,5,0.1,133913.94169975736,125243.96483944461,0.93525710056574,safe,0.0,2.5
101,5,0.1,48207.862019143984,45530.034679122415,0.9444524766736561,safe,0.0,2.5
102,5,0.1,22778.569468130274,21044.940486747386,0.9238921046465001,safe,0.0,2.5
103,5,0.1,36561.02909296416,29159.571660503592,0.79755883201097,safe,0.0,2.5
104,5,0.1,72755.80117575267,67940.77254333062,0.9338193167471194,safe,0.0,2.5
105,5,0.1,75071.96296572959,69547.65922740145,0.9264132237910179,safe,0.0,2.5
106,5,0.1,70421.21296707608,64363.380131156126,0.9139771585764624,safe,0.0,2.5
107,5,0.1,86208.97117962004,81103.19829880273,0.9407744598856281,safe,0.0,2.5
108,5,0.1,43164.2905889244,39466.93703876138,0.9143423070385934,safe,0.0,2.5
109,5,0.1,110779.84662119052,104004.17348035904,0.9388365903411948,safe,0.0,2.5
100,5,0.2,140290.79606641247,125680.68946952929,0.895858409770753,safe,0.0,2.5
101,5,0.2,50503.47449624608,44634.046996680314,0.8837817089198082,safe,0.0,2.5
102,5,0.2,23863.263252326953,21706.582000909137,0.9096233726035975,safe,0.0,2.5
103,5,0.2,38302.03047834341,30195.18689707559,0.7883442867121219,safe,0.0,2.5
104,5,0.2,76220.3631365028,68434.71352350082,0.8978534174777062,safe,0.0,2.5
105,5,0.2,78646.81834505004,70864.10987030625,0.9010422972154012,safe,0.0,2.5
106,5,0.2,73774.60406074635,67090.62285662258,0.9093999718572511,safe,0.0,2.5
107,5,0.2,90314.16028341147,83185.05435304604,0.921063254001434,safe,0.0,2.5
108,5,0.2,45219.73299792081,39591.01642602866,0.875525214353854,safe,0.0,2.5
109,5,0.2,116055.0774126758,107197.42181446536,0.9236771385131747,safe,0.0,2.5
100,5,0.3,146667.65043306758,127616.38651138291,0.8701058899802939,safe,0.0,2.5
101,5,0.3,52799.08697334817,44941.33151982005,0.8511763005012845,safe,0.0,2.5
102,5,0.3,24947.957036523632,22205.618658967778,0.8900776374778467,safe,0.0,2.5
103,5,0.3,40043.03186372266,31392.29364568297,0.783963955389779,safe,0.0,2.5
104,5,0.3,79684.92509725293,71083.64446369155,0.8920588728286588,safe,0.0,2.5
105,5,0.3,82221.67372437048,71948.51880123248,0.8750553904123087,safe,0.0,2.5
106,5,0.3,77127.99515441665,67265.8628682213,0.8721329101521368,safe,0.0,2.5
107,5,0.3,94419.3493872029,83442.51002679141,0.883743751342781,safe,0.0,2.5
108,5,0.3,47275.17540691721,40913.22093512549,0.86542716305055,safe,0.0,2.5
109,5,0.3,121330.30820416106,108696.97247539416,0.8958765050896521,safe,0.0,2.5
100,5,0.4,153044.5047997227,134476.23365801785,0.878674042129094,safe,0.0,2.5
101,5,0.4,55094.699450450265,47105.425180075326,0.8549901469639536,safe,0.0,2.5
102,5,0.4,26032.65082072031,22805.248849283988,0.8760248430456602,safe,0.0,2.5
103,5,0.4,41784.0332491019,32101.722536685447,0.7682772590502722,safe,0.0,2.5
104,5,0.4,83149.48705800305,73862.17041326266,0.8883057854793285,safe,0.0,2.5
105,5,0.4,85796.52910369095,74780.39439864413,0.8716016274768753,safe,0.0,2.5
106,5,0.4,80481.38624808693,69559.75931177294,0.8642962373604295,safe,0.0,2.5
107,5,0.4,98524.53849099434,85471.8406591656,0.8675183052694855,safe,0.0,2.5
108,5,0.4,49330.61781591361,41626.358227047975,0.843823979306006,safe,0.0,2.5
109,5,0.4,126605.53899564632,105515.61651011744,0.8334202227419598,safe,0.0,2.5
100,5,0.5,0,134830.34492850787,,,1.0,2.5
101,5,0.5,0,48402.702788059105,,,1.0,2.5
102,5,0.5,0,23737.846322251702,,,1.0,2.5
103,5,0.5,0,32896.22584038862,,,1.0,2.5
104,5,0.5,0,77734.99098428646,,,1.0,2.5
105,5,0.5,0,77480.43244596562,,,1.0,2.5
106,5,0.5,0,70472.18946461266,,,1.0,2.5
107,5,0.5,0,86120.09130542482,,,1.0,2.5
108,5,0.5,0,43208.54254011323,,,1.0,2.5
109,5,0.5,0,107796.55972244906,,,1.0,2.5
