seeds,num_tasks,per_jitter,final_e2e_max,max_reaction_time,R,exceed,false_percentage,added,finalpercent
1755016037,8,0.0,884.0,714.0,0.8076923076923077,safe,0.0,False,0.0
1755016037,8,0.02,892.8400000000001,716.0229414486857,0.8019610920754957,safe,0.0,False,0.0
1755016037,8,0.05,906.1,717.9109169767908,0.7923087043116551,safe,0.0,False,0.0
1755016037,8,0.1,928.2,868.099449592035,0.9352504305020848,safe,0.0,False,0.0
1755016037,8,0.2,972.4,871.6872614752065,0.8964286934134168,safe,0.0,True,0.0
1755016037,8,0.3,1016.6,877.3059800770498,0.8629805037153746,safe,0.0,False,0.0
1755016037,8,0.4,1060.8000000000002,879.989900447009,0.8295530735737262,safe,0.0,False,0.0
1755016037,8,0.5,1105.0,886.9375648963833,0.8026584297704826,safe,0.0,False,0.0
1755016038,8,0.0,2912.0,2094.0,0.7190934065934066,safe,0.0,False,0.0
1755016038,8,0.02,2941.1200000000003,2807.9979732434062,0.9547376418654818,safe,0.0,False,0.0
1755016038,8,0.05,2984.8,2809.9918158454675,0.941433870224292,safe,0.0,False,0.0
1755016038,8,0.1,3057.6,2815.117165247327,0.9206950435790578,safe,0.0,False,0.0
1755016038,8,0.2,3203.2,3004.976376144219,0.938117000544524,safe,0.0,False,0.0
1755016038,8,0.3,3348.8,2988.4026308127027,0.8923801453692972,safe,0.0,False,0.0
1755016038,8,0.4,3494.4,3095.14273031584,0.8857436842707875,safe,0.0,False,0.0
1755016038,8,0.5,3640.0,3115.1344166260883,0.8558061584137605,safe,0.0,False,0.0
1755016039,8,0.0,3618.0,3150.0,0.8706467661691543,safe,0.0,False,0.0
1755016039,8,0.02,3641.34,3550.7142692675407,0.9751119832994284,safe,0.0,False,0.0
1755016039,8,0.05,3676.35,3601.948719610009,0.9797621879336867,safe,0.0,False,0.0
1755016039,8,0.1,3734.7,3652.0675033305815,0.9778743950867758,safe,0.0,False,0.0
1755016039,8,0.2,3851.400000000001,3743.285639313097,0.9719285556714692,safe,0.0,False,0.0
1755016039,8,0.3,4968.099999999999,4459.6162656687375,0.8976502618040575,safe,0.0,False,0.0
1755016039,8,0.4,5084.799999999998,4813.773662936197,0.9466987222577484,safe,0.0,False,0.0
1755016039,8,0.5,5201.5,5045.942150138617,0.9700936557028966,safe,0.0,False,0.0
1755016040,8,0.0,230.0,186.0,0.808695652173913,safe,0.0,False,0.0
1755016040,8,0.02,231.42,217.0122096414516,0.937741809875774,safe,0.0,False,0.0
1755016040,8,0.05,233.55,217.03831749446545,0.9293012952021642,safe,0.0,False,0.0
1755016040,8,0.1,237.1,222.04621087862324,0.9365086920228732,safe,0.0,False,0.0
1755016040,8,0.2,244.2,227.07786770407483,0.9298847981329844,safe,0.0,False,0.0
1755016040,8,0.3,251.3,231.7055226988396,0.922027547548108,safe,0.0,False,0.0
1755016040,8,0.4,258.4,234.15335665875864,0.9061662409394684,safe,0.0,False,0.0
1755016040,8,0.5,265.5,248.20996190011465,0.9348774459514676,safe,0.0,False,0.0
1755016041,8,0.0,2594.0,2130.0,0.8211256746337703,safe,0.0,False,0.0
1755016041,8,0.02,2619.94,2500.2807567837867,0.9543274871881748,safe,0.0,False,0.0
1755016041,8,0.05,2658.85,2495.538567855277,0.9385781702071486,safe,0.0,False,0.0
1755016041,8,0.1,2723.7,2553.65195225786,0.9375672622747954,safe,0.0,False,0.0
1755016041,8,0.2,2853.4,2690.8348438399908,0.9430275614494956,safe,0.0,False,0.0
1755016041,8,0.3,2983.1,2727.9383017908112,0.914464249200768,safe,0.0,False,0.0
1755016041,8,0.4,3112.8,2738.7187498173184,0.8798248361016828,safe,0.0,False,0.0
1755016041,8,0.5,3242.5,2771.08701416629,0.8546143451553708,safe,0.0,False,0.0
1755016042,8,0.0,4338.0,3177.0,0.7323651452282157,safe,0.0,False,0.0
1755016042,8,0.02,4362.54,4152.027521563877,0.9517454330651128,safe,0.0,False,0.0
1755016042,8,0.05,4399.35,4191.99999061768,0.9528680351910348,safe,0.0,False,0.0
1755016042,8,0.1,4460.7,4267.670650752661,0.9567266686288388,safe,0.0,False,0.0
1755016042,8,0.2,4583.4,4447.997995079782,0.9704581740803296,safe,0.0,False,0.0
1755016042,8,0.3,4706.1,4503.884572581304,0.9570312089801116,safe,0.0,False,0.0
1755016042,8,0.4,4828.8,4596.768351590126,0.9519483829502416,safe,0.0,False,0.0
1755016042,8,0.5,4951.5,4690.898267516173,0.947369134104044,safe,0.0,False,0.0
1755016043,8,0.0,820.0,689.0,0.8402439024390244,safe,0.0,False,0.0
1755016043,8,0.02,828.2,759.0519542277657,0.9165080345662469,safe,0.0,True,0.0
1755016043,8,0.05,840.5,759.6941456367886,0.9038597806505516,safe,0.0,True,0.0
1755016043,8,0.1,861.0,750.7017040389687,0.8718951266422401,safe,0.0,False,0.0
1755016043,8,0.2,902.0,752.2754093096141,0.8340082143122108,safe,0.0,False,0.0
1755016043,8,0.3,943.0,769.3790020655533,0.8158844136432166,safe,0.0,False,0.0
1755016043,8,0.4,984.0,808.0193730764095,0.8211578994678957,safe,0.0,False,0.0
1755016043,8,0.5,1025.0,845.6454217245428,0.8250199236337002,safe,0.0,False,0.0
1755016044,8,0.0,2484.0,1646.0,0.6626409017713365,safe,0.0,False,0.0
1755016044,8,0.02,2508.84,2407.009987936733,0.9594115160539268,safe,0.0,False,0.0
1755016044,8,0.05,2546.1000000000004,2406.6689551234613,0.9452374043138372,safe,0.0,False,0.0
1755016044,8,0.1,2608.2000000000003,2487.819340205351,0.9538453110211452,safe,0.0,False,0.0
1755016044,8,0.2,2732.4,2506.724444553917,0.9174075701046396,safe,0.0,False,0.0
1755016044,8,0.3,2856.6,2668.7264674232083,0.9342317676339734,safe,0.0,False,0.0
1755016044,8,0.4,2980.8,2631.6615348040377,0.8828708852670551,safe,0.0,False,0.0
1755016044,8,0.5,3105.0,2725.842884143672,0.8778882074536785,safe,0.0,False,0.0
1755016045,8,0.0,3070.0,2381.0,0.7755700325732899,safe,0.0,False,0.0
1755016045,8,0.02,3100.7,2880.9372986689123,0.9291248100973692,safe,0.0,False,0.0
1755016045,8,0.05,3146.75,2898.3426868607,0.921059088539191,safe,0.0,False,0.0
1755016045,8,0.1,3223.5,2996.6988972957697,0.9296413517281744,safe,0.0,False,0.0
1755016045,8,0.2,3377.0,2996.075223139127,0.887200243748631,safe,0.0,False,0.0
1755016045,8,0.3,3530.5,3086.160907538575,0.874142729794243,safe,0.0,False,0.0
1755016045,8,0.4,3684.0,3281.5402663600253,0.8907546868512555,safe,0.0,False,0.0
1755016045,8,0.5,3837.5,3377.111794394452,0.8800291320897594,safe,0.0,False,0.0
1755016046,8,0.0,5909.0,5909.0,1.0,safe,0.0,False,0.0
1755016046,8,0.02,5929.0,5928.361800639017,0.9998923596962416,safe,0.0,False,0.0
1755016046,8,0.05,5959.0,5955.941531605029,0.999486748045818,safe,0.0,False,0.0
1755016046,8,0.1,6009.0,6001.078002190799,0.9986816445649525,safe,0.0,False,0.0
1755016046,8,0.2,6109.0,6103.382201892906,0.9990804062682772,safe,0.0,False,0.0
1755016046,8,0.3,6209.0,6191.922674318092,0.9972495851696072,safe,0.0,True,0.0
1755016046,8,0.4,6309.0,6279.619500419067,0.9953430813788344,safe,0.0,True,0.0
1755016046,8,0.5,6409.0,6368.037354608037,0.9936085745994752,safe,0.0,True,0.0
1755016047,8,0.0,540.0,420.0,0.7777777777777778,safe,0.0,False,0.0
1755016047,8,0.02,542.44,440.1711961447381,0.8114652240703821,safe,0.0,False,0.0
1755016047,8,0.05,546.0999999999999,540.7983502086354,0.9902917967563368,safe,0.0,False,0.0
1755016047,8,0.1,552.2,541.610753700832,0.9808235307874538,safe,0.0,False,0.0
1755016047,8,0.2,564.4,543.87562893414,0.9636350618960666,safe,0.0,False,0.0
1755016047,8,0.3,676.6,564.2813210279091,0.8339954493465993,safe,0.0,False,0.0
1755016047,8,0.4,688.8000000000001,565.475677282273,0.8209577196316389,safe,0.0,False,0.0
1755016047,8,0.5,701.0,587.9469107819959,0.838725978291007,safe,0.0,False,0.0
1755016048,8,0.0,2256.0,2103.0,0.9321808510638298,safe,0.0,False,0.0
1755016048,8,0.02,2278.5600000000004,2203.9977209948943,0.9672765786263666,safe,0.0,False,0.0
1755016048,8,0.05,2312.4,2208.004411192424,0.9548540093376684,safe,0.0,False,0.0
1755016048,8,0.1,2368.8,2212.023777394006,0.9338161843102016,safe,0.0,False,0.0
1755016048,8,0.2,2481.6000000000004,2322.9420892197104,0.9360662835346996,safe,0.0,False,0.0
1755016048,8,0.3,2594.4,2409.8682303696414,0.9288730459334112,safe,0.0,False,0.0
1755016048,8,0.4,2707.2,2517.9635832622967,0.9300988413350684,safe,0.0,False,0.0
1755016048,8,0.5,2820.0,2646.892530462322,0.9386143725043696,safe,0.0,False,0.0
1755016049,8,0.0,746.0,664.0,0.8900804289544236,safe,0.0,False,0.0
1755016049,8,0.02,750.96,727.9825786099732,0.9694026028150275,safe,0.0,False,0.0
1755016049,8,0.05,758.4,733.5195462535974,0.967193494532697,safe,0.0,False,0.0
1755016049,8,0.1,770.8,743.5628703481634,0.9646638172653912,safe,0.0,False,0.0
1755016049,8,0.2,795.6,759.1459839735162,0.9541804725660082,safe,0.0,False,0.0
1755016049,8,0.3,1020.4,969.1559951548296,0.9497804734955212,safe,0.0,True,0.0
1755016049,8,0.4,1045.2,996.6823829780142,0.953580542458873,safe,0.0,True,0.0
1755016049,8,0.5,1070.0,988.1967434768468,0.9235483583895764,safe,0.0,True,0.0
1755016050,8,0.0,2762.0,1675.0,0.6064446053584359,safe,0.0,False,0.0
1755016050,8,0.02,2789.62,2552.385340927852,0.9149580734751874,safe,0.0,False,0.0
1755016050,8,0.05,2831.05,2581.037444263022,0.9116891062549308,safe,0.0,False,0.0
1755016050,8,0.1,2900.1,2632.4863437572626,0.9077226108607506,safe,0.0,False,0.0
1755016050,8,0.2,3038.2,2685.197254417846,0.8838118801980931,safe,0.0,False,0.0
1755016050,8,0.3,3176.3,2761.7370010173886,0.8694824169686076,safe,0.0,False,0.0
1755016050,8,0.4,3314.4,2892.294304887706,0.8726449145811326,safe,0.0,False,0.0
1755016050,8,0.5,3452.5,3001.152425711576,0.8692693485044392,safe,0.0,False,0.0
1755016051,8,0.0,802.0,575.0,0.7169576059850374,safe,0.0,False,0.0
1755016051,8,0.02,810.0199999999999,705.0029700283876,0.8703525468857407,safe,0.0,False,0.0
1755016051,8,0.05,822.0500000000001,704.9742422554426,0.8575807338427621,safe,0.0,False,0.0
1755016051,8,0.1,842.0999999999999,785.2411181199059,0.9324796557652368,safe,0.0,False,0.0
1755016051,8,0.2,882.1999999999999,793.5885788818205,0.8995563124935622,safe,0.0,True,0.0
1755016051,8,0.3,922.3,801.1146670976068,0.8686052988155771,safe,0.0,False,0.0
1755016051,8,0.4,962.4,815.7570717110393,0.8476278799990017,safe,0.0,True,0.0
1755016051,8,0.5,1002.5,828.381456122348,0.8263156669549606,safe,0.0,False,0.0
1755016052,8,0.0,2532.0,1909.0,0.7539494470774092,safe,0.0,False,0.0
1755016052,8,0.02,2557.32,2429.0631042512205,0.9498471463294466,safe,0.0,False,0.0
1755016052,8,0.05,2595.3,2439.098578272107,0.9398137318506942,safe,0.0,False,0.0
1755016052,8,0.1,2658.6000000000004,2438.4875939231065,0.9172074001064868,safe,0.0,False,0.0
1755016052,8,0.2,2785.2,2597.8369223067784,0.9327290400354656,safe,0.0,False,0.0
1755016052,8,0.3,2911.8,2620.191485292563,0.8998528351166161,safe,0.0,False,0.0
1755016052,8,0.4,3038.4,2730.640095646618,0.898709878767318,safe,0.0,False,0.0
1755016052,8,0.5,3165.0,2798.305839663119,0.8841408656123599,safe,0.0,True,0.0
1755016053,8,0.0,862.0,627.0,0.7273781902552204,safe,0.0,False,0.0
1755016053,8,0.02,870.62,767.3308496699601,0.8813613857595278,safe,0.0,False,0.0
1755016053,8,0.05,883.5500000000001,787.836677295245,0.8916718661029313,safe,0.0,False,0.0
1755016053,8,0.1,905.1,828.2108380372488,0.915048986893436,safe,0.0,False,0.0
1755016053,8,0.2,948.2,830.3969045848753,0.8757613421059643,safe,0.0,False,0.0
1755016053,8,0.3,991.3,846.9981001259048,0.8544316555290071,safe,0.0,False,0.0
1755016053,8,0.4,1034.4,890.3197745098114,0.8607113055972654,safe,0.0,False,0.0
1755016053,8,0.5,1077.5,894.3349967580089,0.830009277733651,safe,0.0,False,0.0
1755016054,8,0.0,3077.0,2338.0,0.7598310042248944,safe,0.0,False,0.0
1755016054,8,0.02,3101.0,2957.28355524104,0.9536548065917574,safe,0.0,False,0.0
1755016054,8,0.05,3337.0,2985.370363820752,0.8946270194248581,safe,0.0,False,0.0
1755016054,8,0.1,3397.0,3030.9042719683785,0.8922296944269587,safe,0.0,False,0.0
1755016054,8,0.2,3517.0,3133.667928667448,0.8910059507157941,safe,0.0,False,0.0
1755016054,8,0.3,3637.0,3393.833346696869,0.9331408706892684,safe,0.0,False,0.0
1755016054,8,0.4,3757.0,3401.030411461252,0.9052516399950098,safe,0.0,False,0.0
1755016054,8,0.5,3877.0,3535.395815011725,0.91188955765069,safe,0.0,False,0.0
1755016055,8,0.0,464.0,358.0,0.771551724137931,safe,0.0,False,0.0
1755016055,8,0.02,468.64,459.9725445292454,0.981505088189752,safe,0.0,False,0.0
1755016055,8,0.05,475.6,464.9398311199496,0.9775858518081364,safe,0.0,False,0.0
1755016055,8,0.1,487.19999999999993,471.0250089264314,0.96680010042371,safe,0.0,False,0.0
1755016055,8,0.2,510.4,480.9852632895118,0.9423692462568805,safe,0.0,False,0.0
1755016055,8,0.3,533.5999999999999,495.9946014900993,0.9295251152363182,safe,0.0,False,0.0
1755016055,8,0.4,556.8000000000002,523.0952144445898,0.9394669799651396,safe,0.0,False,0.0
1755016055,8,0.5,580.0,521.903248824208,0.899833187627945,safe,0.0,False,0.0
1755016056,8,0.0,862.0,664.0,0.7703016241299304,safe,0.0,False,0.0
1755016056,8,0.02,870.6199999999999,796.0164780921295,0.9143098919070658,safe,0.0,False,0.0
1755016056,8,0.05,883.5500000000001,798.9213865330466,0.9042175163069964,safe,0.0,False,0.0
1755016056,8,0.1,905.1,803.5897218566579,0.8878463394726085,safe,0.0,False,0.0
1755016056,8,0.2,948.2,810.4958818516511,0.8547731299848673,safe,0.0,False,0.0
1755016056,8,0.3,991.3,823.2656731022716,0.8304909443178368,safe,0.0,False,0.0
1755016056,8,0.4,1034.4,811.9549376996112,0.7849525693151692,safe,0.0,False,0.0
1755016056,8,0.5,1077.5,882.9594676439524,0.8194519421289581,safe,0.0,True,0.0
1755016057,8,0.0,3124.0,2657.0,0.8505121638924455,safe,0.0,False,0.0
1755016057,8,0.02,3155.24,2660.567505381303,0.8432219119247039,safe,0.0,False,0.0
1755016057,8,0.05,3202.1000000000004,2865.3872523613973,0.8948462734959548,safe,0.0,False,0.0
1755016057,8,0.1,3280.2,2874.3197292735567,0.8762635599273083,safe,0.0,False,0.0
1755016057,8,0.2,3436.4,3087.471616545139,0.8984610687187579,safe,0.0,False,0.0
1755016057,8,0.3,3592.6000000000004,3301.5539703774266,0.9189873546672122,safe,0.0,True,0.0
1755016057,8,0.4,3748.8,3310.853634156869,0.8831769190559295,safe,0.0,False,0.0
1755016057,8,0.5,3905.0,3546.776449746801,0.908265416068323,safe,0.0,False,0.0
1755016058,8,0.0,4378.0,3814.0,0.8711740520785747,safe,0.0,False,0.0
1755016058,8,0.02,4402.6,4233.159298903061,0.9615134917782812,safe,0.0,False,0.0
1755016058,8,0.05,4439.5,4263.015757658723,0.96024682006053,safe,0.0,False,0.0
1755016058,8,0.1,4501.0,4305.981685106555,0.9566722250847712,safe,0.0,True,0.0
1755016058,8,0.2,4624.0,4400.30526094669,0.9516231100663258,safe,0.0,True,0.0
1755016058,8,0.3,4747.0,4496.749831512541,0.9472824587134068,safe,0.0,True,0.0
1755016058,8,0.4,4870.0,4576.217274337017,0.939675004997334,safe,0.0,True,0.0
1755016058,8,0.5,4993.0,4798.417321813322,0.9610289048294256,safe,0.0,True,0.0
1755016059,8,0.0,792.0,774.0,0.9772727272727272,safe,0.0,False,0.0
1755016059,8,0.02,796.48,787.0076277524204,0.9881072063986795,safe,0.0,False,0.0
1755016059,8,0.05,803.2,787.0078619995911,0.979840465636941,safe,0.0,False,0.0
1755016059,8,0.1,814.3999999999999,797.0680864928145,0.9787181808605288,safe,0.0,False,0.0
1755016059,8,0.2,836.8,815.7222426041117,0.9748114753873228,safe,0.0,False,0.0
1755016059,8,0.3,859.2,845.634257398051,0.9842111934334856,safe,0.0,False,0.0
1755016059,8,0.4,881.6000000000001,857.5520898819304,0.9727224250021896,safe,0.0,False,0.0
1755016059,8,0.5,904.0,888.0737703805207,0.9823824893589832,safe,0.0,False,0.0
1755016060,8,0.0,3579.0,2803.0,0.78317965912266,safe,0.0,False,0.0
1755016060,8,0.02,3600.0,3571.939604907493,0.9922054458076368,safe,0.0,False,0.0
1755016060,8,0.05,3631.5,3601.004884697235,0.991602611785002,safe,0.0,False,0.0
1755016060,8,0.1,3684.0,3629.966700772209,0.9853329806656376,safe,0.0,False,0.0
1755016060,8,0.2,3789.0,3740.531780098034,0.9872081763256884,safe,0.0,False,0.0
1755016060,8,0.3,3894.0,3818.325251918628,0.9805663204721696,safe,0.0,False,0.0
1755016060,8,0.4,4999.0,4641.982206953126,0.9285821578221896,safe,0.0,True,0.0
1755016060,8,0.5,5104.0,4785.5492105253215,0.9376076039430488,safe,0.0,True,0.0
1755016061,8,0.0,2414.0,2379.0,0.9855012427506212,safe,0.0,False,0.0
1755016061,8,0.02,2438.1400000000003,2385.720708563109,0.9785002947177392,safe,0.0,False,0.0
1755016061,8,0.05,2474.3500000000004,2389.5092418056447,0.9657119008247194,safe,0.0,False,0.0
1755016061,8,0.1,2534.7000000000007,2400.9931779947365,0.9472494488478856,safe,0.0,False,0.0
1755016061,8,0.2,2655.4,2617.3978688705247,0.985688735734927,safe,0.0,False,0.0
1755016061,8,0.3,2776.1,2630.269380814745,0.947469248519414,safe,0.0,False,0.0
1755016061,8,0.4,2896.8,2850.080592201615,0.983872063035631,safe,0.0,False,0.0
1755016061,8,0.5,3017.5,2852.4821176430246,0.9453130464434216,safe,0.0,False,0.0
1755016062,8,0.0,2899.0,2719.0,0.9379096240082788,safe,0.0,False,0.0
1755016062,8,0.02,2924.2200000000003,2769.071493821233,0.9469436272993252,safe,0.0,False,0.0
1755016062,8,0.05,2962.05,2778.938021919519,0.9381806593134886,safe,0.0,False,0.0
1755016062,8,0.1,3025.1000000000004,2829.9191701785567,0.9354795445368934,safe,0.0,False,0.0
1755016062,8,0.2,3151.2,2929.5002153681125,0.929645917545098,safe,0.0,False,0.0
1755016062,8,0.3,3277.3,3014.56695067478,0.919832469006432,safe,0.0,False,0.0
1755016062,8,0.4,3403.4,3124.012047796263,0.9179091637175364,safe,0.0,False,0.0
1755016062,8,0.5,3529.5,3277.3201269466663,0.9285508221976672,safe,0.0,False,0.0
1755016063,8,0.0,2460.0,1633.0,0.6638211382113821,safe,0.0,False,0.0
1755016063,8,0.02,2484.6000000000004,2436.014165353081,0.9804452086263706,safe,0.0,False,0.0
1755016063,8,0.05,2521.5,2435.863213211822,0.9660373639547182,safe,0.0,False,0.0
1755016063,8,0.1,2583.0,2525.6353461436083,0.9777914619216448,safe,0.0,False,0.0
1755016063,8,0.2,2705.9999999999995,2535.6717305600687,0.937055332801208,safe,0.0,False,0.0
1755016063,8,0.3,2829.0000000000005,2657.0980016115645,0.939235772927382,safe,0.0,False,0.0
1755016063,8,0.4,2952.0,2744.334831624921,0.9296527207401496,safe,0.0,False,0.0
1755016063,8,0.5,3075.0,2857.000891864227,0.9291059810940576,safe,0.0,False,0.0
1755016064,8,0.0,2386.0,1981.0,0.8302598491198658,safe,0.0,False,0.0
1755016064,8,0.02,2409.86,2300.49439600648,0.9546174449994936,safe,0.0,False,0.0
1755016064,8,0.05,2445.65,2321.315524679434,0.9491609693453414,safe,0.0,False,0.0
1755016064,8,0.1,2505.3,2362.303977946849,0.942922595276753,safe,0.0,False,0.0
1755016064,8,0.2,2624.6000000000004,2460.975511215336,0.9376573615847504,safe,0.0,False,0.0
1755016064,8,0.3,2743.9,2548.084351436337,0.9286360113110308,safe,0.0,False,0.0
1755016064,8,0.4,2863.2,2650.2010576266184,0.925608081037517,safe,0.0,False,0.0
1755016064,8,0.5,2982.5,2680.9830501310225,0.89890462703471,safe,0.0,False,0.0
1755016065,8,0.0,587.0,531.0,0.9045996592844976,safe,0.0,False,0.0
1755016065,8,0.02,593.8600000000001,554.8671362573474,0.9343399728174104,safe,0.0,False,0.0
1755016065,8,0.05,602.6499999999999,563.9986380843377,0.9358643293525892,safe,0.0,False,0.0
1755016065,8,0.1,617.3,558.5431641330872,0.904816400669184,safe,0.0,False,0.0
1755016065,8,0.2,646.6000000000001,603.2121581964267,0.9328984815905144,safe,0.0,False,0.0
1755016065,8,0.3,675.8999999999999,601.8370195150001,0.8904231683902947,safe,0.0,False,0.0
1755016065,8,0.4,705.2,602.5960320858144,0.85450373239622,safe,0.0,True,0.0
1755016065,8,0.5,734.5,625.9601650857801,0.8522262288438123,safe,0.0,True,0.0
1755016066,8,0.0,2936.0,2222.0,0.7568119891008175,safe,0.0,False,0.0
1755016066,8,0.02,2965.3600000000006,2642.9946888944028,0.8912896541716359,safe,0.0,False,0.0
1755016066,8,0.05,3009.4,2841.954653291032,0.9443592255237032,safe,0.0,False,0.0
1755016066,8,0.1,3082.8,2841.9084559945304,0.9218594965597932,safe,0.0,False,0.0
1755016066,8,0.2,3229.6000000000004,2869.970978715662,0.8886459557578839,safe,0.0,False,0.0
1755016066,8,0.3,3376.4,3000.822757472968,0.8887639964082952,safe,0.0,False,0.0
1755016066,8,0.4,3523.2,3090.033286622097,0.8770530445680339,safe,0.0,False,0.0
1755016066,8,0.5,3670.0,3185.979226025881,0.8681142305247632,safe,0.0,False,0.0
1755016067,8,0.0,568.0,403.0,0.7095070422535211,safe,0.0,False,0.0
1755016067,8,0.02,573.68,523.0232457467964,0.9116985876216644,safe,0.0,False,0.0
1755016067,8,0.05,582.2,525.034139279297,0.90181061367107,safe,0.0,False,0.0
1755016067,8,0.1,596.4000000000001,577.1398792584575,0.9677060349739394,safe,0.0,False,0.0
1755016067,8,0.2,624.8,576.4861139382474,0.9226730376732514,safe,0.0,False,0.0
1755016067,8,0.3,653.1999999999999,586.9118642023105,0.8985178570151724,safe,0.0,False,0.0
1755016067,8,0.4,681.5999999999999,606.6859354476965,0.8900908677342966,safe,0.0,False,0.0
1755016067,8,0.5,710.0,623.3917627073595,0.8780165671934641,safe,0.0,True,0.0
1755016068,8,0.0,2546.0,2387.0,0.9375490966221524,safe,0.0,False,0.0
1755016068,8,0.02,2571.46,2488.3777879728004,0.9676906457704184,safe,0.0,False,0.0
1755016068,8,0.05,2609.65,2490.766365528223,0.9544446058008637,safe,0.0,False,0.0
1755016068,8,0.1,2673.3,2495.547539514606,0.9335082256067804,safe,0.0,False,0.0
1755016068,8,0.2,2800.6000000000004,2599.7292319546395,0.9282758094532026,safe,0.0,False,0.0
1755016068,8,0.3,2927.9,2704.0612242820207,0.9235497196905704,safe,0.0,False,0.0
1755016068,8,0.4,3055.2,2813.51388862764,0.9208935220697958,safe,0.0,False,0.0
1755016068,8,0.5,3182.5,2922.8197046506684,0.9184036778163924,safe,0.0,False,0.0
1755016069,8,0.0,2586.0,1792.0,0.6929621036349575,safe,0.0,False,0.0
1755016069,8,0.02,2611.86,2525.6679103886963,0.9669997283118914,safe,0.0,False,0.0
1755016069,8,0.05,2650.65,2524.121384607729,0.9522650612520434,safe,0.0,False,0.0
1755016069,8,0.1,2715.3,2538.636092922736,0.9349376101803616,safe,0.0,False,0.0
1755016069,8,0.2,2844.6,2653.7024040883107,0.9328912339479404,safe,0.0,False,0.0
1755016069,8,0.3,2973.9,2717.104056863398,0.9136501082293952,safe,0.0,False,0.0
1755016069,8,0.4,3103.2,2696.5268843823624,0.8689504009997301,safe,0.0,False,0.0
1755016069,8,0.5,3232.5,2940.8582960939066,0.9097782818542636,safe,0.0,False,0.0
1755016070,8,0.0,170.0,148.0,0.8705882352941177,safe,0.0,False,0.0
1755016070,8,0.02,171.69999999999996,154.02897511059564,0.8970819750180296,safe,0.0,False,0.0
1755016070,8,0.05,174.25,154.07524337676296,0.8842194741851532,safe,0.0,False,0.0
1755016070,8,0.1,178.5,154.1474749775807,0.8635712883898079,safe,0.0,False,0.0
1755016070,8,0.2,187.00000000000003,167.40527578226465,0.895215378514784,safe,0.0,False,0.0
1755016070,8,0.3,195.50000000000003,171.52227803052483,0.8773518057827355,safe,0.0,False,0.0
1755016070,8,0.4,204.0,183.6191741980101,0.9000939911667164,safe,0.0,False,0.0
1755016070,8,0.5,212.5,185.80625194399545,0.8743823620893904,safe,0.0,False,0.0
1755016071,8,0.0,3004.0,2958.0,0.9846870838881492,safe,0.0,False,0.0
1755016071,8,0.02,3030.84,2971.744192535421,0.9805018386108868,safe,0.0,False,0.0
1755016071,8,0.05,3071.1,2998.800312693077,0.9764580484820022,safe,0.0,False,0.0
1755016071,8,0.1,3138.2,3038.0621652107484,0.9680906778442256,safe,0.0,False,0.0
1755016071,8,0.2,3272.4,3119.712655571074,0.9533408677334904,safe,0.0,False,0.0
1755016071,8,0.3,3406.6,3133.978206913916,0.9199724672441484,safe,0.0,False,0.0
1755016071,8,0.4,3540.8,3178.006544996148,0.897539128162039,safe,0.0,False,0.0
1755016071,8,0.5,3675.0,3289.5243275859416,0.8951086605676032,safe,0.0,False,0.0
1755016072,8,0.0,231.0,178.0,0.7705627705627706,safe,0.0,False,0.0
1755016072,8,0.02,232.50000000000003,218.08930852291087,0.9380185312813368,safe,0.0,False,0.0
1755016072,8,0.05,234.75,218.2400892925544,0.929670241927814,safe,0.0,False,0.0
1755016072,8,0.1,238.5,228.3414630670918,0.9574065537404268,safe,0.0,False,0.0
1755016072,8,0.2,246.0,228.9398775873802,0.9306499088917894,safe,0.0,False,0.0
1755016072,8,0.3,253.5,237.69872351676392,0.9376675483896012,safe,0.0,False,0.0
1755016072,8,0.4,311.0,239.0200601316417,0.7685532480117098,safe,0.0,True,0.0
1755016072,8,0.5,318.5,288.1184175430085,0.9046104161475934,safe,0.0,True,0.0
1755016073,8,0.0,220.0,209.0,0.95,safe,0.0,False,0.0
1755016073,8,0.02,221.36,214.08272752992343,0.9671247177896796,safe,0.0,False,0.0
1755016073,8,0.05,223.4,219.0994291196621,0.9807494589062764,safe,0.0,False,0.0
1755016073,8,0.1,226.8,219.4305834896004,0.9675069818765448,safe,0.0,False,0.0
1755016073,8,0.2,233.6,224.6964878990548,0.9618856502528028,safe,0.0,False,0.0
1755016073,8,0.3,240.39999999999995,229.4914239159916,0.9546232276039588,safe,0.0,False,0.0
1755016073,8,0.4,247.2,234.4217137995801,0.9483079037199844,safe,0.0,True,0.0
1755016073,8,0.5,254.0,239.40352634835017,0.9425335683005912,safe,0.0,False,0.0
1755016074,8,0.0,298.0,269.0,0.9026845637583892,safe,0.0,False,0.0
1755016074,8,0.02,299.40000000000003,289.0879182892304,0.9655575093160668,safe,0.0,False,0.0
1755016074,8,0.05,301.5,289.18480243761485,0.9591535735907624,safe,0.0,False,0.0
1755016074,8,0.1,305.0,299.3002737016918,0.9813123727924322,safe,0.0,False,0.0
1755016074,8,0.2,362.0,299.64042265010795,0.827735974171569,safe,0.0,False,0.0
1755016074,8,0.3,369.0,308.2769586671784,0.8354389123771773,safe,0.0,False,0.0
1755016074,8,0.4,376.0,309.8084035167988,0.8239585199914861,safe,0.0,False,0.0
1755016074,8,0.5,383.0,334.62199343016164,0.873686666919482,safe,0.0,True,0.0
1755016075,8,0.0,2132.0,1884.0,0.8836772983114447,safe,0.0,False,0.0
1755016075,8,0.02,2153.32,2113.9723014304755,0.981726961821966,safe,0.0,False,0.0
1755016075,8,0.05,2185.3,2124.37450547418,0.9721203063534432,safe,0.0,False,0.0
1755016075,8,0.1,2238.6000000000004,2163.7282138826336,0.9665541918532268,safe,0.0,False,0.0
1755016075,8,0.2,2345.2,2264.549494928476,0.9656103935393467,safe,0.0,False,0.0
1755016075,8,0.3,2451.8,2314.289090797296,0.9439143041020048,safe,0.0,False,0.0
1755016075,8,0.4,2558.4,2431.3254230182847,0.9503304498977037,safe,0.0,False,0.0
1755016075,8,0.5,2665.0,2516.4090484527,0.9442435453856284,safe,0.0,False,0.0
1755016076,8,0.0,4145.0,3672.0,0.8858866103739446,safe,0.0,False,0.0
1755016076,8,0.02,4170.16,4091.486126357953,0.981134087506943,safe,0.0,False,0.0
1755016076,8,0.05,4207.9,4119.71691934565,0.9790434466944676,safe,0.0,False,0.0
1755016076,8,0.1,4270.799999999999,4169.326035469045,0.9762400570078312,safe,0.0,False,0.0
1755016076,8,0.2,4396.6,4248.045416610414,0.9662114853774312,safe,0.0,False,0.0
1755016076,8,0.3,4522.4,4278.168714219863,0.9459952048071516,safe,0.0,False,0.0
1755016076,8,0.4,4648.2,4388.329941712166,0.9440923242786812,safe,0.0,False,0.0
1755016076,8,0.5,4774.0,4482.578135517866,0.9389564590527578,safe,0.0,False,0.0
1755016077,8,0.0,1123.0,902.0,0.8032056990204809,safe,0.0,False,0.0
1755016077,8,0.02,1128.42,1105.9041726453795,0.9800465896079292,safe,0.0,False,0.0
1755016077,8,0.05,1136.55,1111.6898158402018,0.9781266251728492,safe,0.0,False,0.0
1755016077,8,0.1,1150.1,1120.1505371740311,0.9739592532597436,safe,0.0,False,0.0
1755016077,8,0.2,1177.2,1139.6623426411625,0.9681127613329616,safe,0.0,False,0.0
1755016077,8,0.3,1204.3,1159.7939600084485,0.9630440587963534,safe,0.0,False,0.0
1755016077,8,0.4,1231.4,1178.9361932320298,0.9573949920675896,safe,0.0,False,0.0
1755016077,8,0.5,1258.5,1200.631367903659,0.9540177734633764,safe,0.0,False,0.0
1755016078,8,0.0,1006.0,885.0,0.8797216699801192,safe,0.0,False,0.0
1755016078,8,0.02,1012.06,889.0190441427694,0.878425235799033,safe,0.0,False,0.0
1755016078,8,0.05,1021.15,895.0680609382362,0.8765294628000158,safe,0.0,False,0.0
1755016078,8,0.1,1036.3,1003.5882756248102,0.9684341171714852,safe,0.0,False,0.0
1755016078,8,0.2,1066.6,1019.6706435064044,0.9560009783484008,safe,0.0,False,0.0
1755016078,8,0.3,1096.9,1031.469325241429,0.9403494623406228,safe,0.0,False,0.0
1755016078,8,0.4,1127.2,1050.0308098128007,0.9315390434819026,safe,0.0,False,0.0
1755016078,8,0.5,1257.5,1176.0449371628565,0.9352246021175796,safe,0.0,False,0.0
1755016079,8,0.0,542.0,403.0,0.7435424354243543,safe,0.0,False,0.0
1755016079,8,0.02,547.4199999999998,455.0839435474862,0.8313250220077569,safe,0.0,False,0.0
1755016079,8,0.05,555.55,455.16059332451135,0.8192972609567301,safe,0.0,False,0.0
1755016079,8,0.1,569.1,455.02420032772864,0.7995505189381983,safe,0.0,False,0.0
1755016079,8,0.2,596.2,456.7610020413412,0.7661204328100321,safe,0.0,False,0.0
1755016079,8,0.3,623.3,526.1998573418446,0.8442160393740488,safe,0.0,False,0.0
1755016079,8,0.4,650.4,549.4893868803143,0.8448483808122914,safe,0.0,False,0.0
1755016079,8,0.5,677.5,554.2775213780055,0.8181218027719639,safe,0.0,True,0.0
1755016080,8,0.0,5423.0,4423.0,0.8156002212797344,safe,0.0,True,0.0
1755016080,8,0.02,5443.0,4442.617541247921,0.8162075218166307,safe,0.0,True,0.0
1755016080,8,0.05,5473.0,4471.449584204238,0.81700156846414,safe,0.0,True,0.0
1755016080,8,0.1,5523.0,4522.038621734595,0.8187649143100841,safe,0.0,False,0.0
1755016080,8,0.2,5623.0,5587.823414923812,0.9937441605768828,safe,0.0,True,0.0
1755016080,8,0.3,5723.0,5709.625728373881,0.997663066289338,safe,0.0,True,0.0
1755016080,8,0.4,6823.0,5783.181886768085,0.847601038658667,safe,0.0,True,0.0
1755016080,8,0.5,6923.0,5906.21751892427,0.8531297875089224,safe,0.0,True,0.0
1755016081,8,0.0,4459.0,3584.0,0.8037676609105181,safe,0.0,False,0.0
1755016081,8,0.02,4483.1,4453.740040051012,0.9934509692068016,safe,0.0,False,0.0
1755016081,8,0.05,4519.25,4483.109533676383,0.9920029946730946,safe,0.0,False,0.0
1755016081,8,0.1,4579.5,4483.458122499749,0.9790278682169996,safe,0.0,True,0.0
1755016081,8,0.2,4700.0,4527.120235912778,0.963217071470804,safe,0.0,True,0.0
1755016081,8,0.3,4820.5,4615.022770545622,0.9573742911618344,safe,0.0,True,0.0
1755016081,8,0.4,4941.0,4803.296055757444,0.9721303492729092,safe,0.0,True,0.0
1755016081,8,0.5,5061.5,4712.569314805182,0.9310618027867592,safe,0.0,True,0.0
1755016082,8,0.0,2864.0,2425.0,0.846717877094972,safe,0.0,False,0.0
1755016082,8,0.02,2892.64,2645.768587470104,0.9146553278216796,safe,0.0,False,0.0
1755016082,8,0.05,2935.6,2654.040864779932,0.904088044958418,safe,0.0,False,0.0
1755016082,8,0.1,3007.2,2705.5710398919714,0.8996977387243853,safe,0.0,False,0.0
1755016082,8,0.2,3150.4,2924.235815315031,0.9282109622000478,safe,0.0,False,0.0
1755016082,8,0.3,3293.6,2963.587956321377,0.8998020270589561,safe,0.0,False,0.0
1755016082,8,0.4,3436.8,3070.875725252008,0.8935276202432518,safe,0.0,False,0.0
1755016082,8,0.5,3580.0,3046.136084147356,0.8508760011584794,safe,0.0,False,0.0
1755016083,8,0.0,895.0,666.0,0.7441340782122905,safe,0.0,False,0.0
1755016083,8,0.02,901.68,848.1892831406444,0.9406766071562466,safe,0.0,False,0.0
1755016083,8,0.05,911.7,858.4516554488264,0.9415944449367406,safe,0.0,False,0.0
1755016083,8,0.1,928.4,858.4445574044581,0.9246494586433198,safe,0.0,False,0.0
1755016083,8,0.2,1161.8000000000002,1054.1362107718269,0.9073301865827392,safe,0.0,False,0.0
1755016083,8,0.3,1195.1999999999998,1099.95730360693,0.920312335681836,safe,0.0,False,0.0
1755016083,8,0.4,1228.6,1105.2295503314294,0.8995845273737828,safe,0.0,False,0.0
1755016083,8,0.5,1262.0,1141.9802374438557,0.9048971770553532,safe,0.0,False,0.0
1755016084,8,0.0,2364.0,1565.0,0.6620135363790186,safe,0.0,False,0.0
1755016084,8,0.02,2387.64,2280.067169260001,0.9549459588798984,safe,0.0,False,0.0
1755016084,8,0.05,2423.1000000000004,2311.5416651909177,0.95396049077253,safe,0.0,False,0.0
1755016084,8,0.1,2482.2,2373.353267051265,0.9561490883294116,safe,0.0,False,0.0
1755016084,8,0.2,2600.4,2422.8880732980188,0.9317366840863016,safe,0.0,False,0.0
1755016084,8,0.3,2718.6000000000004,2484.504821674768,0.9138912755369554,safe,0.0,False,0.0
1755016084,8,0.4,2836.8,2667.4542008529806,0.9403039343108364,safe,0.0,False,0.0
1755016084,8,0.5,2955.0,2643.782485015124,0.8946810439983498,safe,0.0,False,0.0
1755016085,8,0.0,4813.0,4785.0,0.9941824226054436,safe,0.0,False,0.0
1755016085,8,0.02,5833.64,4804.970347857061,0.8236659011966904,safe,0.0,False,0.0
1755016085,8,0.05,5864.599999999999,4820.7521696513295,0.8220086910703764,safe,0.0,False,0.0
1755016085,8,0.1,5916.2,4871.0056143781885,0.8233334935225632,safe,0.0,False,0.0
1755016085,8,0.2,6019.400000000001,5904.886928122406,0.9809759989571064,safe,0.0,False,0.0
1755016085,8,0.3,6122.599999999999,6002.974524572966,0.9804616542927788,safe,0.0,False,0.0
1755016085,8,0.4,7225.8,6836.853012615915,0.9461724670785124,safe,0.0,False,0.0
1755016085,8,0.5,7329.0,7124.127349627128,0.9720463023096094,safe,0.0,False,0.0
1755016086,8,0.0,522.0,442.0,0.8467432950191571,safe,0.0,False,0.0
1755016086,8,0.02,527.22,452.9655693417144,0.8591585473648844,safe,0.0,False,0.0
1755016086,8,0.05,535.05,454.2659941651232,0.849015968909678,safe,0.0,False,0.0
1755016086,8,0.1,548.0999999999999,456.4021863041799,0.8326987526075167,safe,0.0,False,0.0
1755016086,8,0.2,574.2,480.328497510026,0.836517759508927,safe,0.0,True,0.0
1755016086,8,0.3,600.3,509.3103986479487,0.848426451187654,safe,0.0,True,0.0
1755016086,8,0.4,626.4000000000001,529.3107678626345,0.8450044186823666,safe,0.0,True,0.0
1755016086,8,0.5,652.5,552.0736527683212,0.8460898893001091,safe,0.0,True,0.0
1755016087,8,0.0,2392.0,2336.0,0.9765886287625418,safe,0.0,False,0.0
1755016087,8,0.02,2415.9200000000005,2337.62830049904,0.9675934221741778,safe,0.0,False,0.0
1755016087,8,0.05,2451.8,2339.677081380913,0.9542691416024603,safe,0.0,False,0.0
1755016087,8,0.1,2511.6,2442.0436966796115,0.9723059789296112,safe,0.0,False,0.0
1755016087,8,0.2,2631.2,2545.30214485561,0.9673541140375532,safe,0.0,False,0.0
1755016087,8,0.3,2750.8,2646.699305859336,0.9621562112328544,safe,0.0,False,0.0
1755016087,8,0.4,2870.4,2729.19529938901,0.9508066121059818,safe,0.0,False,0.0
1755016087,8,0.5,2990.0,2820.663915149344,0.9433658579094796,safe,0.0,False,0.0
1755016088,8,0.0,818.0,553.0,0.676039119804401,safe,0.0,False,0.0
1755016088,8,0.02,824.64,715.0758727688171,0.8671370207227604,safe,0.0,False,0.0
1755016088,8,0.05,834.6000000000001,715.1403298421427,0.856865959552052,safe,0.0,False,0.0
1755016088,8,0.1,851.2,733.2845119640506,0.8614714661231797,safe,0.0,False,0.0
1755016088,8,0.2,884.4,803.7363173556498,0.9087927604654568,safe,0.0,False,0.0
1755016088,8,0.3,917.6,837.0494222318733,0.9122160224846048,safe,0.0,False,0.0
1755016088,8,0.4,950.8,850.890650332444,0.8949207512962178,safe,0.0,False,0.0
1755016088,8,0.5,984.0,875.1106369856526,0.8893400782374519,safe,0.0,False,0.0
1755016089,8,0.0,1207.0,1100.0,0.911350455675228,safe,0.0,False,0.0
1755016089,8,0.02,1211.12,1206.9955260214124,0.996594496021379,safe,0.0,False,0.0
1755016089,8,0.05,1217.3,1209.8902952023905,0.9939130002484108,safe,0.0,False,0.0
1755016089,8,0.1,1227.6,1222.8840021859933,0.9961583595519656,safe,0.0,False,0.0
1755016089,8,0.2,1248.2,1229.6945095070118,0.985174258537904,safe,0.0,False,0.0
1755016089,8,0.3,1268.8,1251.6259855370756,0.9864643643892462,safe,0.0,False,0.0
1755016089,8,0.4,1289.4,1262.006350880759,0.978754731565658,safe,0.0,False,0.0
1755016089,8,0.5,1510.0,1270.6017123381282,0.8414580876411445,safe,0.0,False,0.0
1755016090,8,0.0,1064.0,919.0,0.8637218045112782,safe,0.0,False,0.0
1755016090,8,0.02,1070.0,922.8550478834476,0.8624813531621006,safe,0.0,False,0.0
1755016090,8,0.05,1079.0,928.6924718259252,0.8606973788933505,safe,0.0,False,0.0
1755016090,8,0.1,1094.0,1034.551890990551,0.9456598637939226,safe,0.0,False,0.0
1755016090,8,0.2,1124.0,1050.2401103127922,0.9343773223423418,safe,0.0,False,0.0
1755016090,8,0.3,1154.0,1064.021135467272,0.9220287135764922,safe,0.0,False,0.0
1755016090,8,0.4,1184.0,1095.153790671885,0.924960971851254,safe,0.0,True,0.0
1755016090,8,0.5,1214.0,1103.0440369875178,0.908602995871102,safe,0.0,True,0.0
1755016091,8,0.0,3910.0,3204.0,0.8194373401534527,safe,0.0,False,0.0
1755016091,8,0.02,3943.02,3607.521292244308,0.9149132624851783,safe,0.0,False,0.0
1755016091,8,0.05,3992.55,3812.181279726967,0.9548236790339424,safe,0.0,False,0.0
1755016091,8,0.1,4075.1,3817.6817740348633,0.9368314333476144,safe,0.0,False,0.0
1755016091,8,0.2,4240.2,3820.7496543072775,0.901077697822574,safe,0.0,False,0.0
1755016091,8,0.3,4405.3,4018.619234984246,0.9122237384478346,safe,0.0,False,0.0
1755016091,8,0.4,4770.4,4035.4803403597225,0.845941711462293,safe,0.0,True,0.0
1755016091,8,0.5,4935.5,4232.872114265207,0.857637952439511,safe,0.0,True,0.0
1755016092,8,0.0,2054.0,1938.0,0.943524829600779,safe,0.0,False,0.0
1755016092,8,0.02,2074.4,2053.9976935495224,0.9901647192197852,safe,0.0,False,0.0
1755016092,8,0.05,2105.0,2074.9685789600967,0.9857332916675045,safe,0.0,False,0.0
1755016092,8,0.1,2156.0000000000005,2077.8658293051694,0.9637596610877408,safe,0.0,False,0.0
1755016092,8,0.2,2258.0,2162.8187944751417,0.9578471188995312,safe,0.0,False,0.0
1755016092,8,0.3,2360.0,2240.951861560845,0.9495558735427309,safe,0.0,False,0.0
1755016092,8,0.4,2461.9999999999995,2322.981170643271,0.9435341879135952,safe,0.0,False,0.0
1755016092,8,0.5,2574.0,2407.171760930255,0.9351871643085684,safe,0.0,False,0.0
1755016093,8,0.0,3627.0,3250.0,0.8960573476702509,safe,0.0,False,0.0
1755016093,8,0.02,3647.3,3620.15245445694,0.9925568103684752,safe,0.0,False,0.0
1755016093,8,0.05,3677.75,3654.1942433458894,0.9935950631081204,safe,0.0,False,0.0
1755016093,8,0.1,3728.499999999999,3681.103671424017,0.9872880974719104,safe,0.0,False,0.0
1755016093,8,0.2,3830.0,3772.1589721459295,0.9848979039545508,safe,0.0,False,0.0
1755016093,8,0.3,3931.5,3825.5191425118055,0.973043149564239,safe,0.0,False,0.0
1755016093,8,0.4,4033.000000000001,3920.7116732296895,0.9721576179592584,safe,0.0,False,0.0
1755016093,8,0.5,4144.5,4073.796131328281,0.98294031398921,safe,0.0,True,0.0
1755016094,8,0.0,664.0,632.0,0.9518072289156626,safe,0.0,False,0.0
1755016094,8,0.02,667.5999999999999,632.145400831062,0.9468924518140536,safe,0.0,False,0.0
1755016094,8,0.05,673.0,632.4493927846443,0.9397464974511802,safe,0.0,False,0.0
1755016094,8,0.1,682.0,642.814527786999,0.942543295875365,safe,0.0,False,0.0
1755016094,8,0.2,800.0,653.1180840512989,0.8163976050641236,safe,0.0,False,0.0
1755016094,8,0.3,818.0,662.6353712702876,0.8100676910394714,safe,0.0,False,0.0
1755016094,8,0.4,836.0,723.0381072725868,0.8648781187471134,safe,0.0,False,0.0
1755016094,8,0.5,854.0,742.4508665388275,0.8693804057831704,safe,0.0,False,0.0
1755016095,8,0.0,590.0,584.0,0.9898305084745764,safe,0.0,False,0.0
1755016095,8,0.02,592.22,585.0105831460842,0.9878264549425622,safe,0.0,False,0.0
1755016095,8,0.05,595.5500000000001,585.0376472505886,0.982348496768682,safe,0.0,False,0.0
1755016095,8,0.1,601.1,595.0626967039716,0.9899562413973908,safe,0.0,False,0.0
1755016095,8,0.2,612.1999999999999,606.0607661014874,0.9899718492347068,safe,0.0,False,0.0
1755016095,8,0.3,623.3000000000001,616.0597080337902,0.988383937163148,safe,0.0,False,0.0
1755016095,8,0.4,634.4,626.2709608718724,0.9871862561032037,safe,0.0,False,0.0
1755016095,8,0.5,645.5,629.0887478899967,0.9745759068783838,safe,0.0,False,0.0
1755016096,8,0.0,2078.0,1327.0,0.638594802694899,safe,0.0,False,0.0
1755016096,8,0.02,2098.78,2076.03795769025,0.9891641609364727,safe,0.0,False,0.0
1755016096,8,0.05,2129.95,2096.322133854518,0.9842118988025628,safe,0.0,False,0.0
1755016096,8,0.1,2181.9,2144.870467114972,0.9830287671822596,safe,0.0,False,0.0
1755016096,8,0.2,2285.8,2209.3406695241106,0.9665502972806502,safe,0.0,False,0.0
1755016096,8,0.3,2389.7,2262.834438896955,0.946911511443677,safe,0.0,False,0.0
1755016096,8,0.4,2493.6,2377.8693000610456,0.9535889076279458,safe,0.0,False,0.0
1755016096,8,0.5,2597.5,2474.656434314338,0.952707000698494,safe,0.0,False,0.0
1755016097,8,0.0,904.0,641.0,0.709070796460177,safe,0.0,False,0.0
1755016097,8,0.02,913.04,781.3508877361583,0.8557685180672897,safe,0.0,False,0.0
1755016097,8,0.05,926.6,781.8518529220182,0.843785725147872,safe,0.0,False,0.0
1755016097,8,0.1,949.2,802.6593485019134,0.845616675623592,safe,0.0,False,0.0
1755016097,8,0.2,994.4,824.8667506951388,0.8295120179959159,safe,0.0,False,0.0
1755016097,8,0.3,1039.6,844.7505915159791,0.8125727121161784,safe,0.0,False,0.0
1755016097,8,0.4,1084.8000000000002,901.7188110332936,0.8312304673979475,safe,0.0,False,0.0
1755016097,8,0.5,1130.0,921.465508127726,0.8154562018829434,safe,0.0,False,0.0
1755016098,8,0.0,436.0,363.0,0.8325688073394495,safe,0.0,False,0.0
1755016098,8,0.02,440.36,363.3374910659263,0.8250919499180814,safe,0.0,False,0.0
1755016098,8,0.05,446.9,363.924510664885,0.8143309703846163,safe,0.0,False,0.0
1755016098,8,0.1,457.8,403.27615096137606,0.880900286066789,safe,0.0,False,0.0
1755016098,8,0.2,479.6,405.0879592132988,0.8446371126215569,safe,0.0,False,0.0
1755016098,8,0.3,501.4,424.10052572284894,0.8458327198301734,safe,0.0,False,0.0
1755016098,8,0.4,523.2,444.6318631845943,0.8498315427840104,safe,0.0,True,0.0
1755016098,8,0.5,545.0,448.8237994050796,0.8235299071652837,safe,0.0,True,0.0
1755016099,8,0.0,2357.0,1815.0,0.7700466694951209,safe,0.0,False,0.0
1755016099,8,0.02,2381.56,2288.007679206164,0.9607180500202236,safe,0.0,False,0.0
1755016099,8,0.05,2416.9,2302.035863452614,0.9524746011223528,safe,0.0,False,0.0
1755016099,8,0.1,2475.8,2338.0935254872848,0.9443789989043077,safe,0.0,False,0.0
1755016099,8,0.2,2593.6,2422.8785654749945,0.9341758811979468,safe,0.0,False,0.0
1755016099,8,0.3,2711.4,2491.094979979025,0.9187486095666536,safe,0.0,False,0.0
1755016099,8,0.4,2829.2,2572.5530766973466,0.9092863978146992,safe,0.0,False,0.0
1755016099,8,0.5,2947.0,2611.9384500167744,0.8863041907081013,safe,0.0,False,0.0
1755016100,8,0.0,884.0,685.0,0.7748868778280543,safe,0.0,False,0.0
1755016100,8,0.02,889.12,875.7666261398147,0.9849813592538856,safe,0.0,False,0.0
1755016100,8,0.05,896.8,881.8646701604247,0.983345974755157,safe,0.0,False,0.0
1755016100,8,0.1,909.6,887.3497947374229,0.975538472666472,safe,0.0,False,0.0
1755016100,8,0.2,935.2,905.2941794550588,0.9680220054053238,safe,0.0,False,0.0
1755016100,8,0.3,960.8,906.08072598376,0.9430482160530392,safe,0.0,True,0.0
1755016100,8,0.4,986.4,913.4153206864532,0.9260090436805082,safe,0.0,True,0.0
1755016100,8,0.5,1012.0,951.774657196607,0.940488791696252,safe,0.0,True,0.0
1755016101,8,0.0,3426.0,2140.0,0.6246351430239346,safe,0.0,False,0.0
1755016101,8,0.02,3460.26,3103.5756849430804,0.8969197935828753,safe,0.0,False,0.0
1755016101,8,0.05,3511.65,3099.3464880659867,0.8825898048114096,safe,0.0,False,0.0
1755016101,8,0.1,3597.3,3108.217862779809,0.864041882183807,safe,0.0,False,0.0
1755016101,8,0.2,3768.6,3307.4133371650696,0.8776238754882635,safe,0.0,True,0.0
1755016101,8,0.3,3939.9,3443.552293981078,0.8740202274121368,safe,0.0,False,0.0
1755016101,8,0.4,4111.2,3472.13790279812,0.8445558237979471,safe,0.0,False,0.0
1755016101,8,0.5,4282.5,3585.9006075187654,0.8373381453634011,safe,0.0,False,0.0
1755016102,8,0.0,1013.0,595.0,0.5873642645607108,safe,0.0,True,0.0
1755016102,8,0.02,1019.12,994.616706369674,0.9759564196264168,safe,0.0,True,0.0
1755016102,8,0.05,1028.3,996.832573202071,0.969398593019616,safe,0.0,True,0.0
1755016102,8,0.1,1043.6,1002.20796545562,0.9603372608811998,safe,0.0,True,0.0
1755016102,8,0.2,1074.2,1026.5710204178663,0.9556609759987584,safe,0.0,True,0.0
1755016102,8,0.3,1104.8,1025.6965070422286,0.9284001692996277,safe,0.0,True,0.0
1755016102,8,0.4,1135.4,1044.2781500662177,0.9197447155770808,safe,0.0,True,0.0
1755016102,8,0.5,1166.0,1059.3311416875206,0.908517274174546,safe,0.0,True,0.0
1755016103,8,0.0,5094.0,4537.0,0.8906556733411857,safe,0.0,False,0.0
1755016103,8,0.02,5115.02,5106.777391587594,0.998388548155744,safe,0.0,False,0.0
1755016103,8,0.05,5146.55,5124.109987479005,0.9956397951013796,safe,0.0,False,0.0
1755016103,8,0.1,5199.1,5182.6878069202585,0.9968432626647415,safe,0.0,False,0.0
1755016103,8,0.2,5304.2,5229.175185568696,0.9858555834185544,safe,0.0,False,0.0
1755016103,8,0.3,5409.3,5335.466654179141,0.9863506653687428,safe,0.0,False,0.0
1755016103,8,0.4,7514.4,6313.458265108677,0.8401812872762532,safe,0.0,True,0.0
1755016103,8,0.5,7619.5,6526.614118077534,0.8565672443175449,safe,0.0,True,0.0
1755016104,8,0.0,572.0,572.0,1.0,safe,0.0,False,0.0
1755016104,8,0.02,574.0,573.953536705947,0.9999190534946812,safe,0.0,False,0.0
1755016104,8,0.05,677.0,576.9659858209252,0.8522392700456798,safe,0.0,True,0.0
1755016104,8,0.1,682.0,581.8602206911091,0.8531674790192216,safe,0.0,True,0.0
1755016104,8,0.2,692.0,589.8556259919096,0.8523925231096959,safe,0.0,True,0.0
1755016104,8,0.3,702.0,601.0615845417415,0.8562130833927941,safe,0.0,True,0.0
1755016104,8,0.4,712.0,708.9155964233069,0.9956679725046444,safe,0.0,True,0.0
1755016104,8,0.5,822.0,719.0422207364318,0.8747472271732747,safe,0.0,True,0.0
1755016105,8,0.0,2576.0,1834.0,0.7119565217391305,safe,0.0,False,0.0
1755016105,8,0.02,2601.76,2505.423272750237,0.9629724773807874,safe,0.0,False,0.0
1755016105,8,0.05,2640.4,2544.426594539186,0.9636519446065696,safe,0.0,False,0.0
1755016105,8,0.1,2704.8,2588.5505986441785,0.957021073145585,safe,0.0,False,0.0
1755016105,8,0.2,2833.6,2670.3994869869352,0.9424052396198952,safe,0.0,False,0.0
1755016105,8,0.3,2962.4,2736.1661469907726,0.923631564606661,safe,0.0,False,0.0
1755016105,8,0.4,3091.2,2835.6950423548205,0.9173444106996702,safe,0.0,False,0.0
1755016105,8,0.5,3220.0,2905.3282392545234,0.9022758507001626,safe,0.0,False,0.0
1755016106,8,0.0,1032.0,884.0,0.8565891472868217,safe,0.0,False,0.0
1755016106,8,0.02,1039.36,993.9819959042072,0.9563404363302488,safe,0.0,False,0.0
1755016106,8,0.05,1050.4,994.0621565782908,0.946365343277124,safe,0.0,False,0.0
1755016106,8,0.1,1068.8,992.0776889628014,0.9282164006014236,safe,0.0,False,0.0
1755016106,8,0.2,1105.6,1040.2098926657816,0.9408555469118862,safe,0.0,False,0.0
1755016106,8,0.3,1142.4,1035.3428551491943,0.9062875132608496,safe,0.0,False,0.0
1755016106,8,0.4,1179.2000000000005,1047.3444038019145,0.8881821606189909,safe,0.0,False,0.0
1755016106,8,0.5,1416.0,1193.7351658083394,0.8430333091866804,safe,0.0,False,0.0
1755016107,8,0.0,2516.0,1994.0,0.7925278219395866,safe,0.0,False,0.0
1755016107,8,0.02,2541.16,2459.004040435218,0.9676698989576484,safe,0.0,False,0.0
1755016107,8,0.05,2578.9,2395.9243453838208,0.9290489531908258,safe,0.0,False,0.0
1755016107,8,0.1,2641.8,2403.908033250739,0.9099508037136572,safe,0.0,False,0.0
1755016107,8,0.2,2767.6,2499.978533041315,0.9033019703141044,safe,0.0,False,0.0
1755016107,8,0.3,2893.4,2668.578287413327,0.9222984334738809,safe,0.0,False,0.0
1755016107,8,0.4,3019.2,2795.1329427280207,0.9257859508240662,safe,0.0,False,0.0
1755016107,8,0.5,3145.0,2756.5844050710907,0.8764974260957363,safe,0.0,False,0.0
1755016108,8,0.0,696.0,580.0,0.8333333333333334,safe,0.0,False,0.0
1755016108,8,0.02,704.94,608.3666687116363,0.8630048922059129,safe,0.0,False,0.0
1755016108,8,0.05,715.35,610.0963688815348,0.8528641488523586,safe,0.0,False,0.0
1755016108,8,0.1,732.7,667.9986414488785,0.9116946109579344,safe,0.0,False,0.0
1755016108,8,0.2,767.4,667.9600360530046,0.8704196456254947,safe,0.0,False,0.0
1755016108,8,0.3,802.1,670.3123615340996,0.8356967479542446,safe,0.0,False,0.0
1755016108,8,0.4,836.8,710.3412350117151,0.8488781489145735,safe,0.0,False,0.0
1755016108,8,0.5,871.5,730.8040017022422,0.8385588086084248,safe,0.0,False,0.0
1755016109,8,0.0,1163.0,1055.0,0.9071367153912296,safe,0.0,False,0.0
1755016109,8,0.02,1168.04,1158.9896861475297,0.9922517089718926,safe,0.0,False,0.0
1755016109,8,0.05,1175.6,1164.884294529527,0.9908849051799312,safe,0.0,False,0.0
1755016109,8,0.1,1188.2,1174.8414159421227,0.988757293336242,safe,0.0,False,0.0
1755016109,8,0.2,1213.4,1193.5679422907342,0.9836557955255764,safe,0.0,False,0.0
1755016109,8,0.3,1238.6,1207.5602738642085,0.9749396688714744,safe,0.0,False,0.0
1755016109,8,0.4,1463.8,1420.2435550343143,0.9702442649503444,safe,0.0,False,0.0
1755016109,8,0.5,1489.0,1431.3998125943726,0.9613161938175772,safe,0.0,False,0.0
1755016110,8,0.0,3425.0,3320.0,0.9693430656934306,safe,0.0,False,0.0
1755016110,8,0.02,3448.4000000000005,3369.9141099641856,0.9772399112528086,safe,0.0,False,0.0
1755016110,8,0.05,3483.5,3371.790096353041,0.9679317055699844,safe,0.0,False,0.0
1755016110,8,0.1,4542.0,4422.148360674677,0.9736125849129628,safe,0.0,False,0.0
1755016110,8,0.2,4659.0,4557.893122430658,0.978298588201472,safe,0.0,False,0.0
1755016110,8,0.3,4776.0,4630.049982956843,0.9694409512053692,safe,0.0,False,0.0
1755016110,8,0.4,4893.0,4728.025924174348,0.9662836550530038,safe,0.0,False,0.0
1755016110,8,0.5,5010.0,4834.181405657757,0.964906468195161,safe,0.0,False,0.0
1755016111,8,0.0,2319.0,1896.0,0.8175937904269082,safe,0.0,False,0.0
1755016111,8,0.02,2340.2,2316.126728066444,0.989713156168893,safe,0.0,False,0.0
1755016111,8,0.05,2372.0,2335.857620765561,0.9847629092603544,safe,0.0,False,0.0
1755016111,8,0.1,2425.0,2382.243296807572,0.9823683698175554,safe,0.0,False,0.0
1755016111,8,0.2,2531.0,2422.675696830167,0.9572009864994734,safe,0.0,False,0.0
1755016111,8,0.3,2637.0,2583.557935946309,0.97973376410554,safe,0.0,False,0.0
1755016111,8,0.4,2743.0,2557.981749063798,0.932548942422092,safe,0.0,False,0.0
1755016111,8,0.5,2849.0,2616.9879910061245,0.9185637034068532,safe,0.0,False,0.0
1755016112,8,0.0,289.0,243.0,0.8408304498269896,safe,0.0,False,0.0
1755016112,8,0.02,290.84000000000003,278.2943572220784,0.9568641081765862,safe,0.0,False,0.0
1755016112,8,0.05,293.6,283.1618941708148,0.9644478684292056,safe,0.0,False,0.0
1755016112,8,0.1,298.20000000000005,284.4433445245388,0.9538676878757169,safe,0.0,False,0.0
1755016112,8,0.2,307.4,286.59115929065274,0.9323069593059622,safe,0.0,True,0.0
1755016112,8,0.3,316.6,293.5409250481148,0.927166535211986,safe,0.0,True,0.0
1755016112,8,0.4,325.79999999999995,289.1185165905192,0.8874110392588068,safe,0.0,True,0.0
1755016112,8,0.5,335.0,308.4891732202941,0.9208632036426688,safe,0.0,False,0.0
1755016113,8,0.0,4772.0,4007.0,0.8396898575020956,safe,0.0,False,0.0
1755016113,8,0.02,4796.2,4651.004782143276,0.9697270301787408,safe,0.0,False,0.0
1755016113,8,0.05,4832.5,4675.862711891423,0.9675866967183492,safe,0.0,False,0.0
1755016113,8,0.1,5893.0,5700.27814807569,0.967296478546698,safe,0.0,False,0.0
1755016113,8,0.2,6014.0,5784.918015479983,0.9619085492983012,safe,0.0,False,0.0
1755016113,8,0.3,7135.0,6823.667701222326,0.956365480199345,safe,0.0,True,0.0
1755016113,8,0.4,7256.0,6984.606340444185,0.9625973457061996,safe,0.0,True,0.0
1755016113,8,0.5,7377.0,7066.320675547499,0.9578854108102888,safe,0.0,True,0.0
1755016114,8,0.0,2730.0,2042.0,0.747985347985348,safe,0.0,False,0.0
1755016114,8,0.02,2757.3,2522.030234192154,0.9146738600051334,safe,0.0,False,0.0
1755016114,8,0.05,2798.25,2522.932392899936,0.90161078992225,safe,0.0,False,0.0
1755016114,8,0.1,2866.5,2702.4946783626056,0.9427855148657268,safe,0.0,False,0.0
1755016114,8,0.2,3003.0,2742.271904557667,0.9131774573951604,safe,0.0,False,0.0
1755016114,8,0.3,3139.5,2779.084944432372,0.8851998548916618,safe,0.0,False,0.0
1755016114,8,0.4,3276.0,2935.3005183722034,0.8960013792344943,safe,0.0,False,0.0
1755016114,8,0.5,3412.5,2986.3095228434013,0.8751090176830479,safe,0.0,False,0.0
1755016115,8,0.0,4357.0,4357.0,1.0,safe,0.0,False,0.0
1755016115,8,0.02,4377.0,4376.683502507978,0.9999276907717564,safe,0.0,False,0.0
1755016115,8,0.05,4407.0,4405.0295892822905,0.9995528906926006,safe,0.0,False,0.0
1755016115,8,0.1,4457.0,4454.052979590197,0.9993387883307598,safe,0.0,False,0.0
1755016115,8,0.2,5557.0,4546.771656826866,0.8182061646260331,safe,0.0,True,0.0
1755016115,8,0.3,5657.0,4640.939140862603,0.8203887468380066,safe,0.0,True,0.0
1755016115,8,0.4,5757.0,4743.253076400841,0.8239105569568943,safe,0.0,True,0.0
1755016115,8,0.5,5857.0,5524.278359677875,0.9431924807372162,safe,0.0,True,0.0
1755016116,8,0.0,2472.0,1943.0,0.7860032362459547,safe,0.0,False,0.0
1755016116,8,0.02,2496.7200000000003,2392.0758413012463,0.9580873471199196,safe,0.0,False,0.0
1755016116,8,0.05,2533.8,2388.9983087232504,0.942851964923534,safe,0.0,False,0.0
1755016116,8,0.1,2595.6,2478.138595322353,0.9547459528904118,safe,0.0,False,0.0
1755016116,8,0.2,2719.2,2524.9432036151807,0.9285610486963742,safe,0.0,False,0.0
1755016116,8,0.3,2842.8,2649.896049784181,0.9321429751597652,safe,0.0,False,0.0
1755016116,8,0.4,2966.4,2710.6071628227764,0.913769944317279,safe,0.0,False,0.0
1755016116,8,0.5,3090.0,2738.528110598338,0.8862550519735722,safe,0.0,False,0.0
1755016117,8,0.0,725.0,674.0,0.9296551724137933,safe,0.0,False,0.0
1755016117,8,0.02,728.02,725.0056887516839,0.9958595763188978,safe,0.0,False,0.0
1755016117,8,0.05,732.5500000000001,726.9889652975835,0.99240866193104,safe,0.0,False,0.0
1755016117,8,0.1,740.0999999999999,728.9205721906619,0.984894706378411,safe,0.0,False,0.0
1755016117,8,0.2,755.1999999999999,732.964058172518,0.9705562210970844,safe,0.0,False,0.0
1755016117,8,0.3,870.3000000000001,738.2276196912571,0.8482449956236436,safe,0.0,True,0.0
1755016117,8,0.4,885.4000000000001,744.0362412934728,0.8403391024322032,safe,0.0,False,0.0
1755016117,8,0.5,1000.5,835.7552304009114,0.8353375616201013,safe,0.0,True,0.0
1755016118,8,0.0,4527.0,3724.0,0.8226198365363375,safe,0.0,False,0.0
1755016118,8,0.02,4551.4,4407.622949317445,0.9684103680883784,safe,0.0,False,0.0
1755016118,8,0.05,4588.0,4413.691973607669,0.962007840803764,safe,0.0,False,0.0
1755016118,8,0.1,4649.0,4563.4818241228495,0.9816050385293288,safe,0.0,False,0.0
1755016118,8,0.2,4771.0,4607.143947275963,0.9656558262997198,safe,0.0,False,0.0
1755016118,8,0.3,4893.0,4804.557755092758,0.9819247404644916,safe,0.0,False,0.0
1755016118,8,0.4,5015.0,4770.037362816131,0.9511540105316312,safe,0.0,False,0.0
1755016118,8,0.5,5137.0,4772.5629992021495,0.9290564530274772,safe,0.0,False,0.0
1755016119,8,0.0,2764.0,2114.0,0.7648335745296672,safe,0.0,False,0.0
1755016119,8,0.02,2791.6399999999994,2524.993270748353,0.9044838413077452,safe,0.0,False,0.0
1755016119,8,0.05,2833.1000000000004,2624.9338182325846,0.9265235319023628,safe,0.0,False,0.0
1755016119,8,0.1,2902.2000000000003,2624.9422926104453,0.9044663677935516,safe,0.0,False,0.0
1755016119,8,0.2,3040.4,2725.94590307647,0.8965747609118768,safe,0.0,False,0.0
1755016119,8,0.3,3178.6,2828.874664804549,0.8899750408370192,safe,0.0,False,0.0
1755016119,8,0.4,3316.8,2959.287761290616,0.8922116984113049,safe,0.0,False,0.0
1755016119,8,0.5,3455.0,3083.174636768059,0.8923805026825062,safe,0.0,False,0.0
1755016120,8,0.0,3759.0,3550.0,0.9444001064112796,safe,0.0,False,0.0
1755016120,8,0.02,3781.660000000001,3570.00915796885,0.9440322921597524,safe,0.0,False,0.0
1755016120,8,0.05,3815.65,3588.430725292088,0.9404507031022468,safe,0.0,False,0.0
1755016120,8,0.1,3872.3000000000006,3639.187069243456,0.9397998784297332,safe,0.0,False,0.0
1755016120,8,0.2,3985.6,3737.719334514977,0.9378059349947252,safe,0.0,False,0.0
1755016120,8,0.3,4098.9,3839.645514910648,0.9367502293080212,safe,0.0,False,0.0
1755016120,8,0.4,4212.199999999999,3909.038079893259,0.9280276529825886,safe,0.0,False,0.0
1755016120,8,0.5,5325.5,4532.687256920912,0.8511289563272766,safe,0.0,False,0.0
1755016121,8,0.0,876.0,787.0,0.8984018264840182,safe,0.0,False,0.0
1755016121,8,0.02,884.76,787.3589044769906,0.8899124106842428,safe,0.0,False,0.0
1755016121,8,0.05,897.8999999999999,787.8472404225031,0.8774331667474142,safe,0.0,False,0.0
1755016121,8,0.1,919.8,788.8722526142774,0.8576562868170009,safe,0.0,False,0.0
1755016121,8,0.2,963.6,810.8525417910569,0.8414825049720389,safe,0.0,False,0.0
1755016121,8,0.3,1007.4,810.811820223942,0.8048558866626384,safe,0.0,True,0.0
1755016121,8,0.4,1051.2,832.9382033544971,0.7923689149110512,safe,0.0,True,0.0
1755016121,8,0.5,1095.0,942.084702208842,0.8603513262181205,safe,0.0,False,0.0
1755016122,8,0.0,4261.0,3354.0,0.7871391692091059,safe,0.0,False,0.0
1755016122,8,0.02,4284.42,4164.023193321969,0.9718989252505518,safe,0.0,False,0.0
1755016122,8,0.05,4319.55,4204.096987243669,0.9732719813970596,safe,0.0,False,0.0
1755016122,8,0.1,4378.1,4243.6582465023885,0.969292215002487,safe,0.0,False,0.0
1755016122,8,0.2,4495.2,4314.783976862569,0.9598647394693384,safe,0.0,False,0.0
1755016122,8,0.3,4612.3,4342.945891901631,0.9416009131890012,safe,0.0,False,0.0
1755016122,8,0.4,4729.4,4493.420448695417,0.9501037020965486,safe,0.0,False,0.0
1755016122,8,0.5,5846.5,4564.505996809589,0.7807245355015119,safe,0.0,False,0.0
1755016123,8,0.0,4361.0,3943.0,0.9041504242146297,safe,0.0,False,0.0
1755016123,8,0.02,4386.12,4212.140679593882,0.9603341175330092,safe,0.0,False,0.0
1755016123,8,0.05,4423.8,4241.541788070095,0.9588005307812504,safe,0.0,False,0.0
1755016123,8,0.1,4486.6,4284.5662170715,0.954969513010186,safe,0.0,False,0.0
1755016123,8,0.2,4612.2,4368.300892347201,0.947118705248515,safe,0.0,False,0.0
1755016123,8,0.3,4737.8,4461.341700829149,0.9416483812801614,safe,0.0,True,0.0
1755016123,8,0.4,4863.4,4590.231833434875,0.9438318529084334,safe,0.0,True,0.0
1755016123,8,0.5,4989.0,4707.166936805765,0.9435091073974272,safe,0.0,True,0.0
1755016124,8,0.0,1289.0,1082.0,0.839410395655547,safe,0.0,True,0.0
1755016124,8,0.02,1295.4,1085.6824667145956,0.8381059647325888,safe,0.0,True,0.0
1755016124,8,0.05,1305.0,1091.2041015219584,0.8361717253041826,safe,0.0,True,0.0
1755016124,8,0.1,1321.0,1099.0266185771252,0.8319656461598223,safe,0.0,True,0.0
1755016124,8,0.2,1353.0,1311.589070243257,0.9693932522123112,safe,0.0,True,0.0
1755016124,8,0.3,1385.0,1335.2398115152755,0.9640720660760111,safe,0.0,True,0.0
1755016124,8,0.4,1617.0,1358.316403493508,0.8400225129829981,safe,0.0,True,0.0
1755016124,8,0.5,1649.0,1372.791914929221,0.8324996451966168,safe,0.0,True,0.0
1755016125,8,0.0,2844.0,2717.0,0.9553445850914204,safe,0.0,False,0.0
1755016125,8,0.02,2872.44,2717.790752117042,0.946161017155116,safe,0.0,False,0.0
1755016125,8,0.05,2915.1,2719.270563049955,0.9328223947891856,safe,0.0,False,0.0
1755016125,8,0.1,2986.2000000000003,2819.968808124672,0.944333536978324,safe,0.0,False,0.0
1755016125,8,0.2,3128.4,2904.9888783007045,0.9285861393366271,safe,0.0,False,0.0
1755016125,8,0.3,3270.6,3019.4787454434554,0.9232185976406334,safe,0.0,False,0.0
1755016125,8,0.4,3412.8,3078.3126052424013,0.9019903320564936,safe,0.0,False,0.0
1755016125,8,0.5,3555.0,3145.331914093127,0.8847628450332284,safe,0.0,False,0.0
1755016126,8,0.0,902.0,871.0,0.9656319290465633,safe,0.0,False,0.0
1755016126,8,0.02,907.0,874.7443905441687,0.9644370347785765,safe,0.0,False,0.0
1755016126,8,0.05,914.5,880.6800841041259,0.9630181346135877,safe,0.0,False,0.0
1755016126,8,0.1,927.0,890.236463580819,0.9603413846610775,safe,0.0,False,0.0
1755016126,8,0.2,952.0,909.7792084251128,0.9556504290179756,safe,0.0,False,0.0
1755016126,8,0.3,977.0,927.7521022797156,0.949592735189064,safe,0.0,False,0.0
1755016126,8,0.4,1252.0,1143.0129348355597,0.912949628462907,safe,0.0,True,0.0
1755016126,8,0.5,1277.0,1160.4057397736142,0.9086967421876384,safe,0.0,True,0.0
1755016127,8,0.0,5466.0,5231.0,0.9570069520673252,safe,0.0,False,0.0
1755016127,8,0.02,5486.82,5461.04599082055,0.995302559737799,safe,0.0,False,0.0
1755016127,8,0.05,5518.05,5480.917463125018,0.993270713952396,safe,0.0,False,0.0
1755016127,8,0.1,5570.1,5500.61311099078,0.9875250194773486,safe,0.0,False,0.0
1755016127,8,0.2,5674.2,5552.541254729803,0.9785593131595296,safe,0.0,False,0.0
1755016127,8,0.3,5778.3,5659.623943557237,0.9794617696480344,safe,0.0,False,0.0
1755016127,8,0.4,5882.4,5710.778944956205,0.9708246540453226,safe,0.0,False,0.0
1755016127,8,0.5,6986.5,6470.317164445109,0.9261171064832332,safe,0.0,False,0.0
1755016128,8,0.0,2135.0,2097.0,0.9822014051522248,safe,0.0,False,0.0
1755016128,8,0.02,2165.86,2136.8563501397766,0.9866087143858682,safe,0.0,False,0.0
1755016128,8,0.05,2197.15,2168.9961197570105,0.987186181988945,safe,0.0,False,0.0
1755016128,8,0.1,2249.3,2208.577240599412,0.9818953632683108,safe,0.0,False,0.0
1755016128,8,0.2,2353.6,2278.10439329552,0.9679233486129843,safe,0.0,False,0.0
1755016128,8,0.3,2457.9,2351.239303192812,0.9566049486117464,safe,0.0,False,0.0
1755016128,8,0.4,2562.2,2426.7182153452864,0.9471228691535736,safe,0.0,False,0.0
1755016128,8,0.5,2666.5,2430.2085004048195,0.9113851492236338,safe,0.0,False,0.0
1755016129,8,0.0,5659.0,4731.0,0.8360134299346175,safe,0.0,False,0.0
1755016129,8,0.02,5685.4,5450.322155123809,0.9586523648509884,safe,0.0,False,0.0
1755016129,8,0.05,5725.0,5478.571860754077,0.95695578353783,safe,0.0,False,0.0
1755016129,8,0.1,5791.0,5624.036775937166,0.9711684986940364,safe,0.0,False,0.0
1755016129,8,0.2,5923.0,5708.3381720441175,0.9637579220064356,safe,0.0,False,0.0
1755016129,8,0.3,7055.0,6688.924633372666,0.948111216636806,safe,0.0,True,0.0
1755016129,8,0.4,7187.0,6779.706803650604,0.9433291781898712,safe,0.0,True,0.0
1755016129,8,0.5,7319.0,7014.112449615688,0.9583430044563038,safe,0.0,True,0.0
1755016130,8,0.0,2470.0,2202.0,0.891497975708502,safe,0.0,False,0.0
1755016130,8,0.02,2494.7,2421.9717725140904,0.9708469044430555,safe,0.0,False,0.0
1755016130,8,0.05,2531.75,2401.9384153392484,0.9487265390892656,safe,0.0,False,0.0
1755016130,8,0.1,2593.5,2481.8629540632683,0.9569550622954572,safe,0.0,False,0.0
1755016130,8,0.2,2717.0,2563.293762196068,0.9434279581141212,safe,0.0,False,0.0
1755016130,8,0.3,2840.5,2599.900089085608,0.9152966340734404,safe,0.0,False,0.0
1755016130,8,0.4,2964.0,2623.5108482515934,0.88512511749379,safe,0.0,False,0.0
1755016130,8,0.5,3087.5,2717.51889695114,0.8801680637898429,safe,0.0,False,0.0
1755016131,8,0.0,449.0,293.0,0.6525612472160356,safe,0.0,False,0.0
1755016131,8,0.02,453.22,446.7733424770483,0.9857758759036412,safe,0.0,False,0.0
1755016131,8,0.05,459.55,452.7475234689373,0.9851975268609232,safe,0.0,False,0.0
1755016131,8,0.1,480.1,461.8787739011723,0.962047019165116,safe,0.0,False,0.0
1755016131,8,0.2,501.2,480.8244030436727,0.9593463747878545,safe,0.0,False,0.0
1755016131,8,0.3,522.3,494.58858385424446,0.946943488137554,safe,0.0,False,0.0
1755016131,8,0.4,543.4,505.1047673689959,0.9295266237927786,safe,0.0,False,0.0
1755016131,8,0.5,564.5,525.9595898709031,0.9317264656703332,safe,0.0,False,0.0
1755016132,8,0.0,987.0,870.0,0.8814589665653495,safe,0.0,False,0.0
1755016132,8,0.02,994.1,876.8135568795501,0.8820174598929182,safe,0.0,False,0.0
1755016132,8,0.05,1004.75,879.6527899592014,0.8754941925446145,safe,0.0,False,0.0
1755016132,8,0.1,1022.5,981.871707407608,0.960265728515998,safe,0.0,False,0.0
1755016132,8,0.2,1058.0,992.1049005194886,0.9377172972773996,safe,0.0,False,0.0
1755016132,8,0.3,1093.5,998.2582725392072,0.912901941050944,safe,0.0,True,0.0
1755016132,8,0.4,1329.0,1149.917777665993,0.8652503970398744,safe,0.0,True,0.0
1755016132,8,0.5,1364.5,1208.3906037892457,0.8855922343636832,safe,0.0,True,0.0
1755016133,8,0.0,4206.0,4098.0,0.9743223965763196,safe,0.0,False,0.0
1755016133,8,0.02,4232.219999999999,4099.938357476087,0.9687441478647348,safe,0.0,False,0.0
1755016133,8,0.05,4271.549999999999,4201.000275173385,0.9834838115375883,safe,0.0,False,0.0
1755016133,8,0.1,4337.1,4207.371954950038,0.9700887586059898,safe,0.0,False,0.0
1755016133,8,0.2,4468.200000000001,4302.378499820301,0.9628885233025156,safe,0.0,False,0.0
1755016133,8,0.3,4599.299999999999,4405.734860780489,0.9579142175506032,safe,0.0,False,0.0
1755016133,8,0.4,4730.4,4523.6830713873205,0.9563003279611282,safe,0.0,False,0.0
1755016133,8,0.5,4861.5,4617.182995206836,0.9497445223093356,safe,0.0,False,0.0
1755016134,8,0.0,2681.0,2042.0,0.7616560984707199,safe,0.0,False,0.0
1755016134,8,0.02,2707.62,2581.8721333096387,0.9535577862881937,safe,0.0,False,0.0
1755016134,8,0.05,2747.55,2583.888843908808,0.9404337842473504,safe,0.0,False,0.0
1755016134,8,0.1,2814.1,2585.2577078063177,0.918680113644262,safe,0.0,False,0.0
1755016134,8,0.2,2947.2,2737.6589761442506,0.92890166128673,safe,0.0,False,0.0
1755016134,8,0.3,3080.3,2824.423735276272,0.916931381773292,safe,0.0,False,0.0
1755016134,8,0.4,3213.4,2862.701989154604,0.890863879117011,safe,0.0,False,0.0
1755016134,8,0.5,3346.5,3003.414807508682,0.8974793986280238,safe,0.0,True,0.0
1755016135,8,0.0,2866.0,2255.0,0.7868108862526169,safe,0.0,False,0.0
1755016135,8,0.02,2894.66,2674.333423539094,0.9238851621741738,safe,0.0,False,0.0
1755016135,8,0.05,2937.65,2704.401508884396,0.9206003127957366,safe,0.0,False,0.0
1755016135,8,0.1,3009.3,2748.2280446747973,0.9132449555294576,safe,0.0,False,0.0
1755016135,8,0.2,3152.6000000000004,2847.990181321482,0.9033782215699682,safe,0.0,False,0.0
1755016135,8,0.3,3295.9,2918.299556440783,0.8854332826969213,safe,0.0,False,0.0
1755016135,8,0.4,3439.2,3052.5759844429376,0.887583154350703,safe,0.0,False,0.0
1755016135,8,0.5,3582.5,3144.882999804162,0.8778459176006035,safe,0.0,False,0.0
1755016136,8,0.0,2256.0,2213.0,0.9809397163120568,safe,0.0,False,0.0
1755016136,8,0.02,2278.56,2213.726962818764,0.9715464867366952,safe,0.0,False,0.0
1755016136,8,0.05,2312.4,2264.4649054999463,0.9792704140719366,safe,0.0,False,0.0
1755016136,8,0.1,2368.8,2315.055737720453,0.9773116082913093,safe,0.0,False,0.0
1755016136,8,0.2,2481.6,2398.432361012092,0.9664862834510364,safe,0.0,False,0.0
1755016136,8,0.3,2594.4,2504.569296161644,0.9653751526987528,safe,0.0,False,0.0
1755016136,8,0.4,2707.2,2580.654699239036,0.9532560206999984,safe,0.0,False,0.0
1755016136,8,0.5,2820.0,2668.049530080578,0.9461168546385028,safe,0.0,False,0.0
